{
  "type": "FeatureCollection",
  "generator": "overpass-turbo",
  "copyright": "The data included in this document is from www.openstreetmap.org. The data is made available under ODbL.",
  "timestamp": "2026-09-10T15:15:06Z",
  "features": [
    {
      "type": "Feature",
      "properties": {
        "@id": "relation/7099162",
        "building": "yes",
        "building:levels": "10",
        "type": "multipolygon"
      },
      "geometry": {
        "type": "Polygon",
        "coordinates": [
          [
            [
              75.7058404,
              31.2549215
            ],
            [
              75.7060027,
              31.2549204
            ],
            [
              75.7060047,
              31.2548762
            ],
            [
              75.7061006,
              31.2548745
            ],
            [
              75.7060999,
              31.2549221
            ],
            [
              75.7062648,
              31.2549221
            ],
            [
              75.7062689,
              31.2552889
            ],
            [
              75.7058397,
              31.2552924
            ],
            [
              75.7058404,
              31.2549215
            ]
          ],
          [
            [
              75.7059504,
              31.2551588
            ],
            [
              75.7059671,
              31.2551754
            ],
            [
              75.7061435,
              31.2551754
            ],
            [
              75.7061596,
              31.2551628
            ],
            [
              75.7061576,
              31.255051
            ],
            [
              75.7061441,
              31.2550384
            ],
            [
              75.7059705,
              31.2550316
            ],
            [
              75.705953,
              31.2550413
            ],
            [
              75.7059504,
              31.2551588
            ]
          ]
        ]
      },
      "id": "relation/7099162"
    },
    {
      "type": "Feature",
      "properties": {
        "@id": "way/354743583",
        "building": "yes",
        "building:levels": "5",
        "name": "Lovely Institute Of Management"
      },
      "geometry": {
        "type": "Polygon",
        "coordinates": [
          [
            [
              75.7085538,
              31.2586361
            ],
            [
              75.7086996,
              31.2585176
            ],
            [
              75.7086412,
              31.2584651
            ],
            [
              75.708689,
              31.2584262
            ],
            [
              75.7087389,
              31.2584711
            ],
            [
              75.7088075,
              31.2584153
            ],
            [
              75.7088569,
              31.2584597
            ],
            [
              75.7089146,
              31.2584127
            ],
            [
              75.7089624,
              31.2584556
            ],
            [
              75.709017,
              31.2584112
            ],
            [
              75.7091072,
              31.2584923
            ],
            [
              75.7090511,
              31.2585379
            ],
            [
              75.7091105,
              31.2585913
            ],
            [
              75.7090313,
              31.2586557
            ],
            [
              75.7089965,
              31.2586244
            ],
            [
              75.7089614,
              31.258653
            ],
            [
              75.7089586,
              31.2587002
            ],
            [
              75.7090873,
              31.2587057
            ],
            [
              75.7090779,
              31.2588662
            ],
            [
              75.7089608,
              31.2588612
            ],
            [
              75.7089581,
              31.2589073
            ],
            [
              75.7088765,
              31.2589038
            ],
            [
              75.7088814,
              31.25882
            ],
            [
              75.7087497,
              31.2588144
            ],
            [
              75.7087591,
              31.2586542
            ],
            [
              75.7087405,
              31.2586261
            ],
            [
              75.7086435,
              31.2587092
            ],
            [
              75.7085538,
              31.2586361
            ]
          ]
        ]
      },
      "id": "way/354743583"
    },
    {
      "type": "Feature",
      "properties": {
        "@id": "way/354755644",
        "building": "yes",
        "building:levels": "7",
        "name": "Lovely Institute of Technology"
      },
      "geometry": {
        "type": "Polygon",
        "coordinates": [
          [
            [
              75.7067396,
              31.257877
            ],
            [
              75.7067391,
              31.2578418
            ],
            [
              75.7066623,
              31.2578428
            ],
            [
              75.7066608,
              31.2577483
            ],
            [
              75.7068256,
              31.2577463
            ],
            [
              75.7068267,
              31.2578144
            ],
            [
              75.7070571,
              31.2578108
            ],
            [
              75.7070607,
              31.2581763
            ],
            [
              75.7068645,
              31.2581783
            ],
            [
              75.7068615,
              31.2579944
            ],
            [
              75.7067772,
              31.2579954
            ],
            [
              75.7067802,
              31.2581812
            ],
            [
              75.7066284,
              31.2581831
            ],
            [
              75.7066235,
              31.2578785
            ],
            [
              75.706704,
              31.2578775
            ],
            [
              75.7067396,
              31.257877
            ]
          ]
        ]
      },
      "id": "way/354755644"
    },
    {
      "type": "Feature",
      "properties": {
        "@id": "way/354830243",
        "building": "yes",
        "building:levels": "5",
        "name": "Lovely Institute of Pharmacy"
      },
      "geometry": {
        "type": "Polygon",
        "coordinates": [
          [
            [
              75.7074243,
              31.2574618
            ],
            [
              75.7075111,
              31.2575399
            ],
            [
              75.7074557,
              31.257593
            ],
            [
              75.7075299,
              31.2576526
            ],
            [
              75.7074677,
              31.257701
            ],
            [
              75.707424,
              31.2576649
            ],
            [
              75.707371,
              31.2577089
            ],
            [
              75.7073208,
              31.2576615
            ],
            [
              75.7072683,
              31.2577039
            ],
            [
              75.7072244,
              31.2576691
            ],
            [
              75.7071592,
              31.2577169
            ],
            [
              75.7071121,
              31.2576688
            ],
            [
              75.706998,
              31.2577685
            ],
            [
              75.7069173,
              31.2576893
            ],
            [
              75.7068988,
              31.2577188
            ],
            [
              75.7069175,
              31.2577459
            ],
            [
              75.7069193,
              31.2577732
            ],
            [
              75.7068712,
              31.2577804
            ],
            [
              75.7068625,
              31.2577255
            ],
            [
              75.7068767,
              31.2576913
            ],
            [
              75.7070254,
              31.2575599
            ],
            [
              75.7072979,
              31.2575607
            ],
            [
              75.7074243,
              31.2574618
            ]
          ]
        ]
      },
      "id": "way/354830243"
    },
    {
      "type": "Feature",
      "properties": {
        "@id": "way/422323508",
        "building": "yes",
        "building:levels": "10",
        "building:material": "brick"
      },
      "geometry": {
        "type": "Polygon",
        "coordinates": [
          [
            [
              75.70313,
              31.2489551
            ],
            [
              75.7031595,
              31.2488955
            ],
            [
              75.7031353,
              31.2488725
            ],
            [
              75.7031622,
              31.2488129
            ],
            [
              75.7031353,
              31.2487969
            ],
            [
              75.7031648,
              31.2487281
            ],
            [
              75.703138,
              31.2487166
            ],
            [
              75.7031702,
              31.2486478
            ],
            [
              75.7031997,
              31.2486593
            ],
            [
              75.7032158,
              31.2486341
            ],
            [
              75.7031514,
              31.2486065
            ],
            [
              75.7031729,
              31.2485332
            ],
            [
              75.7031461,
              31.2485194
            ],
            [
              75.7031756,
              31.2484598
            ],
            [
              75.7031487,
              31.2484483
            ],
            [
              75.7031863,
              31.2483818
            ],
            [
              75.7032909,
              31.2484116
            ],
            [
              75.7033794,
              31.2484093
            ],
            [
              75.7033768,
              31.2484905
            ],
            [
              75.7033761,
              31.2485112
            ],
            [
              75.7033606,
              31.2489895
            ],
            [
              75.7032185,
              31.2489872
            ],
            [
              75.70313,
              31.2489551
            ]
          ]
        ]
      },
      "id": "way/422323508"
    },
    {
      "type": "Feature",
      "properties": {
        "@id": "way/422437885",
        "building": "yes",
        "building:levels": "10",
        "building:part": "yes",
        "name": "LPU Mall"
      },
      "geometry": {
        "type": "Polygon",
        "coordinates": [
          [
            [
              75.7042081,
              31.2554916
            ],
            [
              75.7055197,
              31.2554778
            ],
            [
              75.7055438,
              31.2554801
            ],
            [
              75.7055706,
              31.2554939
            ],
            [
              75.705686,
              31.2557369
            ],
            [
              75.705686,
              31.2557667
            ],
            [
              75.7056511,
              31.2557942
            ],
            [
              75.7056082,
              31.2558011
            ],
            [
              75.7042832,
              31.2556154
            ],
            [
              75.704259,
              31.2556108
            ],
            [
              75.7042349,
              31.2555902
            ],
            [
              75.7042215,
              31.2555558
            ],
            [
              75.7042081,
              31.2554916
            ]
          ]
        ]
      },
      "id": "way/422437885"
    },
    {
      "type": "Feature",
      "properties": {
        "@id": "way/422437887",
        "building": "yes",
        "building:levels": "11"
      },
      "geometry": {
        "type": "Polygon",
        "coordinates": [
          [
            [
              75.7052704,
              31.2543758
            ],
            [
              75.7054293,
              31.2543733
            ],
            [
              75.7057533,
              31.2543776
            ],
            [
              75.705751,
              31.2548737
            ],
            [
              75.705544,
              31.2548733
            ],
            [
              75.7052704,
              31.2543758
            ]
          ]
        ]
      },
      "id": "way/422437887"
    },
    {
      "type": "Feature",
      "properties": {
        "@id": "way/422437888",
        "building": "yes",
        "building:levels": "10"
      },
      "geometry": {
        "type": "Polygon",
        "coordinates": [
          [
            [
              75.7054293,
              31.2543733
            ],
            [
              75.7054318,
              31.2542318
            ],
            [
              75.7057558,
              31.254236
            ],
            [
              75.7057533,
              31.2543776
            ],
            [
              75.7054293,
              31.2543733
            ]
          ]
        ]
      },
      "id": "way/422437888"
    },
    {
      "type": "Feature",
      "properties": {
        "@id": "way/422437890",
        "building": "yes",
        "building:levels": "6"
      },
      "geometry": {
        "type": "Polygon",
        "coordinates": [
          [
            [
              75.7030198,
              31.2553572
            ],
            [
              75.7030173,
              31.2551392
            ],
            [
              75.7031691,
              31.2551379
            ],
            [
              75.70317,
              31.2552177
            ],
            [
              75.7032664,
              31.2552169
            ],
            [
              75.7032652,
              31.2551174
            ],
            [
              75.7034363,
              31.255116
            ],
            [
              75.7034374,
              31.2552113
            ],
            [
              75.7035085,
              31.2552107
            ],
            [
              75.7035075,
              31.255118
            ],
            [
              75.7036958,
              31.2551164
            ],
            [
              75.7036986,
              31.2553662
            ],
            [
              75.703504,
              31.2553678
            ],
            [
              75.7035036,
              31.2553245
            ],
            [
              75.7033881,
              31.2553255
            ],
            [
              75.7033887,
              31.2553741
            ],
            [
              75.703319,
              31.2553746
            ],
            [
              75.7033185,
              31.2553269
            ],
            [
              75.7031842,
              31.255328
            ],
            [
              75.7031845,
              31.2553559
            ],
            [
              75.7031166,
              31.2553564
            ],
            [
              75.703067,
              31.2553568
            ],
            [
              75.7030198,
              31.2553572
            ]
          ]
        ]
      },
      "id": "way/422437890"
    },
    {
      "type": "Feature",
      "properties": {
        "@id": "way/422437894",
        "building": "yes",
        "building:levels": "10"
      },
      "geometry": {
        "type": "Polygon",
        "coordinates": [
          [
            [
              75.7023468,
              31.2517182
            ],
            [
              75.7023575,
              31.2513158
            ],
            [
              75.702615,
              31.2513227
            ],
            [
              75.7026056,
              31.2517262
            ],
            [
              75.7023468,
              31.2517182
            ]
          ]
        ]
      },
      "id": "way/422437894"
    },
    {
      "type": "Feature",
      "properties": {
        "@id": "way/422437895",
        "building": "yes",
        "building:levels": "10"
      },
      "geometry": {
        "type": "Polygon",
        "coordinates": [
          [
            [
              75.7019186,
              31.2519304
            ],
            [
              75.7019414,
              31.2515156
            ],
            [
              75.7021459,
              31.2515239
            ],
            [
              75.7021235,
              31.2519379
            ],
            [
              75.7019186,
              31.2519304
            ]
          ]
        ]
      },
      "id": "way/422437895"
    },
    {
      "type": "Feature",
      "properties": {
        "@id": "way/422437896",
        "building": "yes",
        "building:levels": "10"
      },
      "geometry": {
        "type": "Polygon",
        "coordinates": [
          [
            [
              75.7016064,
              31.2519098
            ],
            [
              75.7016296,
              31.2515013
            ],
            [
              75.7018261,
              31.2514976
            ],
            [
              75.7018107,
              31.2519265
            ],
            [
              75.7016064,
              31.2519098
            ]
          ]
        ]
      },
      "id": "way/422437896"
    },
    {
      "type": "Feature",
      "properties": {
        "@id": "way/422437897",
        "building": "yes",
        "building:levels": "10"
      },
      "geometry": {
        "type": "Polygon",
        "coordinates": [
          [
            [
              75.7011841,
              31.2516916
            ],
            [
              75.7011733,
              31.2518673
            ],
            [
              75.7009709,
              31.2518536
            ],
            [
              75.700968,
              31.2514706
            ],
            [
              75.7011867,
              31.2514642
            ],
            [
              75.7011803,
              31.2516228
            ],
            [
              75.7013144,
              31.2516346
            ],
            [
              75.7013206,
              31.2514904
            ],
            [
              75.7015067,
              31.2514939
            ],
            [
              75.7014971,
              31.2521336
            ],
            [
              75.7012905,
              31.2521216
            ],
            [
              75.7012955,
              31.2516933
            ],
            [
              75.7011841,
              31.2516916
            ]
          ]
        ]
      },
      "id": "way/422437897"
    },
    {
      "type": "Feature",
      "properties": {
        "@id": "way/422437898",
        "building": "yes",
        "building:levels": "10"
      },
      "geometry": {
        "type": "Polygon",
        "coordinates": [
          [
            [
              75.7040155,
              31.2564311
            ],
            [
              75.7040094,
              31.2561033
            ],
            [
              75.7041922,
              31.2561008
            ],
            [
              75.7044836,
              31.2560969
            ],
            [
              75.7044864,
              31.256251
            ],
            [
              75.7045804,
              31.2562497
            ],
            [
              75.7045781,
              31.256124
            ],
            [
              75.7047745,
              31.2561213
            ],
            [
              75.7047767,
              31.2562387
            ],
            [
              75.7048608,
              31.2562375
            ],
            [
              75.7048601,
              31.2562005
            ],
            [
              75.7050473,
              31.2561978
            ],
            [
              75.7050482,
              31.2562459
            ],
            [
              75.7053476,
              31.2562416
            ],
            [
              75.7053511,
              31.2564201
            ],
            [
              75.7051652,
              31.2564227
            ],
            [
              75.7051622,
              31.2562671
            ],
            [
              75.7050477,
              31.2562687
            ],
            [
              75.7050505,
              31.2564158
            ],
            [
              75.7048833,
              31.2564181
            ],
            [
              75.7048803,
              31.2562648
            ],
            [
              75.704758,
              31.2562665
            ],
            [
              75.7047609,
              31.2564204
            ],
            [
              75.704599,
              31.2564227
            ],
            [
              75.7045961,
              31.2562716
            ],
            [
              75.7044816,
              31.2562731
            ],
            [
              75.7044844,
              31.2564199
            ],
            [
              75.7043071,
              31.2564223
            ],
            [
              75.7043044,
              31.2562734
            ],
            [
              75.7041993,
              31.2562749
            ],
            [
              75.7042022,
              31.2564285
            ],
            [
              75.7040155,
              31.2564311
            ]
          ]
        ]
      },
      "id": "way/422437898"
    },
    {
      "type": "Feature",
      "properties": {
        "@id": "way/422437899",
        "building": "yes",
        "building:levels": "8"
      },
      "geometry": {
        "type": "Polygon",
        "coordinates": [
          [
            [
              75.7037174,
              31.2560829
            ],
            [
              75.7037201,
              31.2559866
            ],
            [
              75.7041922,
              31.256021
            ],
            [
              75.7041922,
              31.2561008
            ],
            [
              75.7040094,
              31.2561033
            ],
            [
              75.7039776,
              31.2560783
            ],
            [
              75.7039427,
              31.2560737
            ],
            [
              75.7037174,
              31.2560829
            ]
          ]
        ]
      },
      "id": "way/422437899"
    },
    {
      "type": "Feature",
      "properties": {
        "@id": "way/422437900",
        "building": "yes",
        "building:levels": "10"
      },
      "geometry": {
        "type": "Polygon",
        "coordinates": [
          [
            [
              75.7045972,
              31.256729
            ],
            [
              75.7046025,
              31.2569519
            ],
            [
              75.7047393,
              31.2569473
            ],
            [
              75.7047313,
              31.2567276
            ],
            [
              75.7049075,
              31.2567265
            ],
            [
              75.704903,
              31.2569381
            ],
            [
              75.7049807,
              31.2569427
            ],
            [
              75.7049834,
              31.2570436
            ],
            [
              75.7044362,
              31.2570459
            ],
            [
              75.7044329,
              31.25673
            ],
            [
              75.7045972,
              31.256729
            ]
          ]
        ]
      },
      "id": "way/422437900"
    },
    {
      "type": "Feature",
      "properties": {
        "@id": "way/422437901",
        "building": "yes",
        "building:levels": "10"
      },
      "geometry": {
        "type": "Polygon",
        "coordinates": [
          [
            [
              75.7044329,
              31.25673
            ],
            [
              75.7044307,
              31.256484
            ],
            [
              75.7046014,
              31.2564828
            ],
            [
              75.7046033,
              31.256699
            ],
            [
              75.7047242,
              31.2566982
            ],
            [
              75.7047222,
              31.2564788
            ],
            [
              75.7049053,
              31.2564776
            ],
            [
              75.7049075,
              31.2567265
            ],
            [
              75.7047313,
              31.2567276
            ],
            [
              75.7045972,
              31.256729
            ],
            [
              75.7044329,
              31.25673
            ]
          ]
        ]
      },
      "id": "way/422437901"
    },
    {
      "type": "Feature",
      "properties": {
        "@id": "way/422437902",
        "building": "yes",
        "building:levels": "10"
      },
      "geometry": {
        "type": "Polygon",
        "coordinates": [
          [
            [
              75.7054469,
              31.2567139
            ],
            [
              75.7054377,
              31.2563154
            ],
            [
              75.7056189,
              31.2563124
            ],
            [
              75.7056207,
              31.2563888
            ],
            [
              75.7059298,
              31.2563836
            ],
            [
              75.7059374,
              31.2567079
            ],
            [
              75.7057427,
              31.2567112
            ],
            [
              75.7057356,
              31.2564075
            ],
            [
              75.7056331,
              31.2564092
            ],
            [
              75.7056401,
              31.2567106
            ],
            [
              75.7054469,
              31.2567139
            ]
          ]
        ]
      },
      "id": "way/422437902"
    },
    {
      "type": "Feature",
      "properties": {
        "@id": "way/422437904",
        "building": "yes",
        "building:levels": "10"
      },
      "geometry": {
        "type": "Polygon",
        "coordinates": [
          [
            [
              75.70513,
              31.2568629
            ],
            [
              75.7052303,
              31.2567707
            ],
            [
              75.7053618,
              31.2568753
            ],
            [
              75.7054742,
              31.256772
            ],
            [
              75.7055141,
              31.2568012
            ],
            [
              75.7055404,
              31.2568203
            ],
            [
              75.7055946,
              31.2568599
            ],
            [
              75.7054754,
              31.2569611
            ],
            [
              75.705598,
              31.2570506
            ],
            [
              75.7055469,
              31.2570933
            ],
            [
              75.7055279,
              31.2571091
            ],
            [
              75.7054848,
              31.2571451
            ],
            [
              75.70513,
              31.2568629
            ]
          ]
        ]
      },
      "id": "way/422437904"
    },
    {
      "type": "Feature",
      "properties": {
        "@id": "way/422437906",
        "building": "yes",
        "building:levels": "10"
      },
      "geometry": {
        "type": "Polygon",
        "coordinates": [
          [
            [
              75.705598,
              31.2570506
            ],
            [
              75.7057161,
              31.2569588
            ],
            [
              75.7057624,
              31.2569947
            ],
            [
              75.7057829,
              31.2570106
            ],
            [
              75.7058254,
              31.2570436
            ],
            [
              75.7057077,
              31.2571443
            ],
            [
              75.705665,
              31.2571078
            ],
            [
              75.7056482,
              31.2570935
            ],
            [
              75.705598,
              31.2570506
            ]
          ]
        ]
      },
      "id": "way/422437906"
    },
    {
      "type": "Feature",
      "properties": {
        "@id": "way/422437908",
        "building": "yes",
        "building:levels": "10"
      },
      "geometry": {
        "type": "Polygon",
        "coordinates": [
          [
            [
              75.7055946,
              31.2568599
            ],
            [
              75.705639,
              31.25682
            ],
            [
              75.7056574,
              31.2568035
            ],
            [
              75.7056942,
              31.2567704
            ],
            [
              75.7058158,
              31.2568693
            ],
            [
              75.705772,
              31.2569086
            ],
            [
              75.705755,
              31.2569239
            ],
            [
              75.7057161,
              31.2569588
            ],
            [
              75.7055946,
              31.2568599
            ]
          ]
        ]
      },
      "id": "way/422437908"
    },
    {
      "type": "Feature",
      "properties": {
        "@id": "way/422439516",
        "building": "yes",
        "building:levels": "3"
      },
      "geometry": {
        "type": "Polygon",
        "coordinates": [
          [
            [
              75.7075518,
              31.2602762
            ],
            [
              75.7074954,
              31.2602762
            ],
            [
              75.7074805,
              31.2600624
            ],
            [
              75.7073345,
              31.2600699
            ],
            [
              75.7073117,
              31.2600653
            ],
            [
              75.7073037,
              31.2600561
            ],
            [
              75.707302,
              31.2600311
            ],
            [
              75.7072836,
              31.2600319
            ],
            [
              75.7072765,
              31.2599243
            ],
            [
              75.7075288,
              31.2599121
            ],
            [
              75.7075303,
              31.2599565
            ],
            [
              75.7075368,
              31.2600328
            ],
            [
              75.7074144,
              31.2600388
            ],
            [
              75.7074152,
              31.2600507
            ],
            [
              75.7075363,
              31.2600448
            ],
            [
              75.7075518,
              31.2602762
            ]
          ]
        ]
      },
      "id": "way/422439516"
    },
    {
      "type": "Feature",
      "properties": {
        "@id": "way/422439519",
        "building": "yes",
        "building:levels": "2"
      },
      "geometry": {
        "type": "Polygon",
        "coordinates": [
          [
            [
              75.7075742,
              31.2603115
            ],
            [
              75.7075527,
              31.2599918
            ],
            [
              75.7075936,
              31.2599926
            ],
            [
              75.7077042,
              31.2599917
            ],
            [
              75.7077069,
              31.2601808
            ],
            [
              75.707605,
              31.2601877
            ],
            [
              75.7076238,
              31.2603023
            ],
            [
              75.7075742,
              31.2603115
            ]
          ]
        ]
      },
      "id": "way/422439519"
    },
    {
      "type": "Feature",
      "properties": {
        "@id": "way/422439521",
        "building": "yes",
        "building:levels": "2"
      },
      "geometry": {
        "type": "Polygon",
        "coordinates": [
          [
            [
              75.7075409,
              31.2599797
            ],
            [
              75.7075429,
              31.2598985
            ],
            [
              75.7078573,
              31.2599043
            ],
            [
              75.7078539,
              31.2600405
            ],
            [
              75.7078124,
              31.2600397
            ],
            [
              75.7078129,
              31.2600234
            ],
            [
              75.7077365,
              31.260022
            ],
            [
              75.7077382,
              31.2599517
            ],
            [
              75.7075826,
              31.2599488
            ],
            [
              75.7075818,
              31.2599805
            ],
            [
              75.7075409,
              31.2599797
            ]
          ]
        ]
      },
      "id": "way/422439521"
    },
    {
      "type": "Feature",
      "properties": {
        "@id": "way/422547035",
        "building": "yes",
        "building:levels": "2"
      },
      "geometry": {
        "type": "Polygon",
        "coordinates": [
          [
            [
              75.7078034,
              31.2592439
            ],
            [
              75.7077934,
              31.2591494
            ],
            [
              75.7077822,
              31.2590436
            ],
            [
              75.7078122,
              31.2590413
            ],
            [
              75.7078093,
              31.259014
            ],
            [
              75.7078534,
              31.2590106
            ],
            [
              75.7078482,
              31.2589612
            ],
            [
              75.7078133,
              31.2589638
            ],
            [
              75.7078095,
              31.2589275
            ],
            [
              75.7078998,
              31.2589205
            ],
            [
              75.707906,
              31.2589796
            ],
            [
              75.7079817,
              31.2589737
            ],
            [
              75.7079963,
              31.2591132
            ],
            [
              75.7078659,
              31.2591232
            ],
            [
              75.7078525,
              31.2591782
            ],
            [
              75.7079805,
              31.2591727
            ],
            [
              75.7079855,
              31.2592714
            ],
            [
              75.7079008,
              31.2592745
            ],
            [
              75.707882,
              31.2592378
            ],
            [
              75.7078034,
              31.2592439
            ]
          ]
        ]
      },
      "id": "way/422547035"
    },
    {
      "type": "Feature",
      "properties": {
        "@id": "way/422547443",
        "building": "yes",
        "building:levels": "10",
        "building:material": "brick"
      },
      "geometry": {
        "type": "Polygon",
        "coordinates": [
          [
            [
              75.7034876,
              31.2489915
            ],
            [
              75.7035032,
              31.2485135
            ],
            [
              75.7035039,
              31.2484917
            ],
            [
              75.7035222,
              31.2480891
            ],
            [
              75.7035222,
              31.2480695
            ],
            [
              75.7035332,
              31.2475928
            ],
            [
              75.703729,
              31.247595
            ],
            [
              75.7037179,
              31.2480778
            ],
            [
              75.7037175,
              31.2480972
            ],
            [
              75.7037082,
              31.2484985
            ],
            [
              75.7037078,
              31.248518
            ],
            [
              75.7036968,
              31.2489938
            ],
            [
              75.7034876,
              31.2489915
            ]
          ]
        ]
      },
      "id": "way/422547443"
    },
    {
      "type": "Feature",
      "properties": {
        "@id": "way/422547444",
        "building": "yes",
        "building:levels": "10",
        "building:material": "brick"
      },
      "geometry": {
        "type": "Polygon",
        "coordinates": [
          [
            [
              75.7037078,
              31.248518
            ],
            [
              75.7037082,
              31.2484985
            ],
            [
              75.7038336,
              31.248502
            ],
            [
              75.703839,
              31.2484263
            ],
            [
              75.7040428,
              31.2484343
            ],
            [
              75.7040321,
              31.2490042
            ],
            [
              75.7038256,
              31.2489973
            ],
            [
              75.7038363,
              31.2485215
            ],
            [
              75.7037078,
              31.248518
            ]
          ]
        ]
      },
      "id": "way/422547444"
    },
    {
      "type": "Feature",
      "properties": {
        "@id": "way/422547445",
        "building": "yes",
        "building:levels": "10",
        "building:material": "brick"
      },
      "geometry": {
        "type": "Polygon",
        "coordinates": [
          [
            [
              75.7033761,
              31.2485112
            ],
            [
              75.7033768,
              31.2484905
            ],
            [
              75.7035039,
              31.2484917
            ],
            [
              75.7035032,
              31.2485135
            ],
            [
              75.7033761,
              31.2485112
            ]
          ]
        ]
      },
      "id": "way/422547445"
    },
    {
      "type": "Feature",
      "properties": {
        "@id": "way/422547446",
        "building": "yes",
        "building:levels": "10",
        "building:material": "brick"
      },
      "geometry": {
        "type": "Polygon",
        "coordinates": [
          [
            [
              75.7037175,
              31.2480972
            ],
            [
              75.7037179,
              31.2480778
            ],
            [
              75.703848,
              31.2480787
            ],
            [
              75.7038655,
              31.2475947
            ],
            [
              75.7040694,
              31.2475976
            ],
            [
              75.7040581,
              31.248178
            ],
            [
              75.703846,
              31.248175
            ],
            [
              75.7038475,
              31.248099
            ],
            [
              75.7037175,
              31.2480972
            ]
          ]
        ]
      },
      "id": "way/422547446"
    },
    {
      "type": "Feature",
      "properties": {
        "@id": "way/422547447",
        "building": "yes",
        "building:levels": "10",
        "building:material": "brick"
      },
      "geometry": {
        "type": "Polygon",
        "coordinates": [
          [
            [
              75.7035222,
              31.2480891
            ],
            [
              75.7033965,
              31.2480868
            ],
            [
              75.7033965,
              31.2481648
            ],
            [
              75.7033307,
              31.2481648
            ],
            [
              75.7033307,
              31.2481511
            ],
            [
              75.7032945,
              31.2481511
            ],
            [
              75.7032905,
              31.2481637
            ],
            [
              75.7032516,
              31.2481649
            ],
            [
              75.7031605,
              31.2481325
            ],
            [
              75.7031927,
              31.2480663
            ],
            [
              75.7031602,
              31.2480547
            ],
            [
              75.703194,
              31.247985
            ],
            [
              75.7031685,
              31.2479759
            ],
            [
              75.7032005,
              31.2479102
            ],
            [
              75.703226,
              31.2479193
            ],
            [
              75.703248,
              31.2478743
            ],
            [
              75.7031835,
              31.2478512
            ],
            [
              75.7032148,
              31.2477871
            ],
            [
              75.7031862,
              31.2477768
            ],
            [
              75.7032186,
              31.2477106
            ],
            [
              75.7031809,
              31.247697
            ],
            [
              75.7032073,
              31.2476432
            ],
            [
              75.7031703,
              31.24763
            ],
            [
              75.703207,
              31.247555
            ],
            [
              75.7033025,
              31.2475893
            ],
            [
              75.7033964,
              31.2475893
            ],
            [
              75.7033967,
              31.2480684
            ],
            [
              75.7035222,
              31.2480695
            ],
            [
              75.7035222,
              31.2480891
            ]
          ]
        ]
      },
      "id": "way/422547447"
    },
    {
      "type": "Feature",
      "properties": {
        "@id": "way/422547448",
        "building": "yes",
        "building:levels": "9"
      },
      "geometry": {
        "type": "Polygon",
        "coordinates": [
          [
            [
              75.7031955,
              31.2470677
            ],
            [
              75.703407,
              31.2468893
            ],
            [
              75.7035216,
              31.2469886
            ],
            [
              75.7034985,
              31.247008
            ],
            [
              75.7035144,
              31.2470218
            ],
            [
              75.7035279,
              31.2470104
            ],
            [
              75.7035797,
              31.2470553
            ],
            [
              75.7036614,
              31.2471261
            ],
            [
              75.7036384,
              31.2471455
            ],
            [
              75.7036594,
              31.2471637
            ],
            [
              75.7036821,
              31.2471445
            ],
            [
              75.7037919,
              31.2472396
            ],
            [
              75.7035894,
              31.2474105
            ],
            [
              75.703473,
              31.2473097
            ],
            [
              75.7034977,
              31.2472889
            ],
            [
              75.7034782,
              31.247272
            ],
            [
              75.7034568,
              31.2472901
            ],
            [
              75.7033323,
              31.2471823
            ],
            [
              75.7033581,
              31.2471605
            ],
            [
              75.7033294,
              31.2471357
            ],
            [
              75.7033012,
              31.2471594
            ],
            [
              75.7031955,
              31.2470677
            ]
          ]
        ]
      },
      "id": "way/422547448"
    },
    {
      "type": "Feature",
      "properties": {
        "@id": "way/422547449",
        "building": "yes",
        "building:levels": "9"
      },
      "geometry": {
        "type": "Polygon",
        "coordinates": [
          [
            [
              75.7036338,
              31.2469358
            ],
            [
              75.7036526,
              31.2469048
            ],
            [
              75.7037249,
              31.2469112
            ],
            [
              75.7038375,
              31.2469212
            ],
            [
              75.7040147,
              31.2469369
            ],
            [
              75.7039986,
              31.2469793
            ],
            [
              75.7039825,
              31.247016
            ],
            [
              75.703961,
              31.2470585
            ],
            [
              75.7039329,
              31.2470997
            ],
            [
              75.7039087,
              31.2471284
            ],
            [
              75.7038873,
              31.247149
            ],
            [
              75.7037662,
              31.2470472
            ],
            [
              75.7036817,
              31.2469761
            ],
            [
              75.7036338,
              31.2469358
            ]
          ]
        ]
      },
      "id": "way/422547449"
    },
    {
      "type": "Feature",
      "properties": {
        "@id": "way/422547450",
        "building": "yes",
        "building:levels": "9"
      },
      "geometry": {
        "type": "Polygon",
        "coordinates": [
          [
            [
              75.7034648,
              31.2468268
            ],
            [
              75.7034919,
              31.2465671
            ],
            [
              75.703653,
              31.2465794
            ],
            [
              75.7036491,
              31.2466167
            ],
            [
              75.7036849,
              31.2466194
            ],
            [
              75.7036875,
              31.2465942
            ],
            [
              75.7037836,
              31.2466015
            ],
            [
              75.7038683,
              31.246608
            ],
            [
              75.7038663,
              31.246627
            ],
            [
              75.7039004,
              31.2466296
            ],
            [
              75.7039027,
              31.2466075
            ],
            [
              75.7040612,
              31.2466196
            ],
            [
              75.7040364,
              31.2468573
            ],
            [
              75.7038745,
              31.2468449
            ],
            [
              75.7038768,
              31.246823
            ],
            [
              75.7038437,
              31.2468204
            ],
            [
              75.7038416,
              31.2468408
            ],
            [
              75.7037306,
              31.2468323
            ],
            [
              75.7036581,
              31.2468268
            ],
            [
              75.7036604,
              31.2468048
            ],
            [
              75.7036321,
              31.2468026
            ],
            [
              75.7036283,
              31.2468393
            ],
            [
              75.7034648,
              31.2468268
            ]
          ]
        ]
      },
      "id": "way/422547450"
    },
    {
      "type": "Feature",
      "properties": {
        "@id": "way/422547451",
        "building": "yes",
        "building:levels": "9"
      },
      "geometry": {
        "type": "Polygon",
        "coordinates": [
          [
            [
              75.7037022,
              31.2464783
            ],
            [
              75.7036888,
              31.2464473
            ],
            [
              75.7037451,
              31.246412
            ],
            [
              75.703824,
              31.2463604
            ],
            [
              75.7039838,
              31.246265
            ],
            [
              75.7040066,
              31.2463086
            ],
            [
              75.7040308,
              31.2463533
            ],
            [
              75.7040428,
              31.2463935
            ],
            [
              75.7040576,
              31.2464496
            ],
            [
              75.704067,
              31.2465035
            ],
            [
              75.7038712,
              31.24649
            ],
            [
              75.7037776,
              31.2464835
            ],
            [
              75.7037022,
              31.2464783
            ]
          ]
        ]
      },
      "id": "way/422547451"
    },
    {
      "type": "Feature",
      "properties": {
        "@id": "way/422547452",
        "building": "yes",
        "building:levels": "9"
      },
      "geometry": {
        "type": "Polygon",
        "coordinates": [
          [
            [
              75.7037514,
              31.2460068
            ],
            [
              75.7039086,
              31.2462024
            ],
            [
              75.70379,
              31.2462721
            ],
            [
              75.7037726,
              31.2462504
            ],
            [
              75.703739,
              31.2462701
            ],
            [
              75.7037618,
              31.2462985
            ],
            [
              75.703685,
              31.2463452
            ],
            [
              75.7036374,
              31.2463716
            ],
            [
              75.7036248,
              31.246356
            ],
            [
              75.7036,
              31.2463705
            ],
            [
              75.703623,
              31.2463991
            ],
            [
              75.7034635,
              31.2464928
            ],
            [
              75.7032847,
              31.2462703
            ],
            [
              75.7034136,
              31.2461946
            ],
            [
              75.7034371,
              31.2462239
            ],
            [
              75.703465,
              31.2462075
            ],
            [
              75.7034465,
              31.2461844
            ],
            [
              75.7035968,
              31.2460961
            ],
            [
              75.7036164,
              31.2461205
            ],
            [
              75.703643,
              31.2461049
            ],
            [
              75.7036242,
              31.2460815
            ],
            [
              75.7037514,
              31.2460068
            ]
          ]
        ]
      },
      "id": "way/422547452"
    },
    {
      "type": "Feature",
      "properties": {
        "@id": "way/422547453",
        "building": "yes",
        "building:levels": "5"
      },
      "geometry": {
        "type": "Polygon",
        "coordinates": [
          [
            [
              75.703685,
              31.2463452
            ],
            [
              75.7037618,
              31.2462985
            ],
            [
              75.703824,
              31.2463604
            ],
            [
              75.7037451,
              31.246412
            ],
            [
              75.703685,
              31.2463452
            ]
          ]
        ]
      },
      "id": "way/422547453"
    },
    {
      "type": "Feature",
      "properties": {
        "@id": "way/422547454",
        "building": "yes",
        "building:levels": "5"
      },
      "geometry": {
        "type": "Polygon",
        "coordinates": [
          [
            [
              75.7037776,
              31.2464835
            ],
            [
              75.7038712,
              31.24649
            ],
            [
              75.7038683,
              31.246608
            ],
            [
              75.7037836,
              31.2466015
            ],
            [
              75.7037776,
              31.2464835
            ]
          ]
        ]
      },
      "id": "way/422547454"
    },
    {
      "type": "Feature",
      "properties": {
        "@id": "way/422547455",
        "building": "yes",
        "building:levels": "5"
      },
      "geometry": {
        "type": "Polygon",
        "coordinates": [
          [
            [
              75.7037249,
              31.2469112
            ],
            [
              75.7037306,
              31.2468323
            ],
            [
              75.7038416,
              31.2468408
            ],
            [
              75.7038375,
              31.2469212
            ],
            [
              75.7037249,
              31.2469112
            ]
          ]
        ]
      },
      "id": "way/422547455"
    },
    {
      "type": "Feature",
      "properties": {
        "@id": "way/422547456",
        "building": "yes",
        "building:levels": "5"
      },
      "geometry": {
        "type": "Polygon",
        "coordinates": [
          [
            [
              75.7036614,
              31.2471261
            ],
            [
              75.7035797,
              31.2470553
            ],
            [
              75.7036817,
              31.2469761
            ],
            [
              75.7037662,
              31.2470472
            ],
            [
              75.7036614,
              31.2471261
            ]
          ]
        ]
      },
      "id": "way/422547456"
    },
    {
      "type": "Feature",
      "properties": {
        "@id": "way/422548297",
        "building": "yes",
        "building:levels": "10"
      },
      "geometry": {
        "type": "Polygon",
        "coordinates": [
          [
            [
              75.6992729,
              31.249677
            ],
            [
              75.6992735,
              31.2496513
            ],
            [
              75.6991815,
              31.2496495
            ],
            [
              75.6991902,
              31.249324
            ],
            [
              75.6993915,
              31.2493279
            ],
            [
              75.6993827,
              31.2496609
            ],
            [
              75.6995328,
              31.2496639
            ],
            [
              75.6995388,
              31.2494418
            ],
            [
              75.6997259,
              31.2494454
            ],
            [
              75.6997199,
              31.2496682
            ],
            [
              75.6998606,
              31.249671
            ],
            [
              75.6998668,
              31.2494398
            ],
            [
              75.7000663,
              31.2494438
            ],
            [
              75.7000603,
              31.2496665
            ],
            [
              75.7001995,
              31.2496692
            ],
            [
              75.7002053,
              31.2494542
            ],
            [
              75.7003981,
              31.2494579
            ],
            [
              75.7003922,
              31.2496763
            ],
            [
              75.7005301,
              31.249679
            ],
            [
              75.7005357,
              31.2494707
            ],
            [
              75.700743,
              31.2494748
            ],
            [
              75.7007373,
              31.2496883
            ],
            [
              75.700871,
              31.2496909
            ],
            [
              75.700877,
              31.2494688
            ],
            [
              75.7010861,
              31.2494729
            ],
            [
              75.7010842,
              31.2495456
            ],
            [
              75.7011602,
              31.2495471
            ],
            [
              75.7011563,
              31.2496939
            ],
            [
              75.701071,
              31.2496922
            ],
            [
              75.7010646,
              31.2499366
            ],
            [
              75.7008596,
              31.2499326
            ],
            [
              75.7008652,
              31.2497212
            ],
            [
              75.7007399,
              31.2497188
            ],
            [
              75.7007343,
              31.2499339
            ],
            [
              75.7005167,
              31.2499297
            ],
            [
              75.7005222,
              31.2497203
            ],
            [
              75.7004063,
              31.2497181
            ],
            [
              75.700401,
              31.2499221
            ],
            [
              75.7001924,
              31.2499181
            ],
            [
              75.7001983,
              31.2496931
            ],
            [
              75.7000607,
              31.2496905
            ],
            [
              75.7000549,
              31.2499101
            ],
            [
              75.6998603,
              31.2499064
            ],
            [
              75.699866,
              31.2496884
            ],
            [
              75.6992729,
              31.249677
            ]
          ]
        ]
      },
      "id": "way/422548297"
    },
    {
      "type": "Feature",
      "properties": {
        "@id": "way/422548298",
        "building": "yes",
        "building:levels": "10"
      },
      "geometry": {
        "type": "Polygon",
        "coordinates": [
          [
            [
              75.6987111,
              31.248758
            ],
            [
              75.6987508,
              31.2484457
            ],
            [
              75.6989542,
              31.2484646
            ],
            [
              75.6989365,
              31.2486035
            ],
            [
              75.6990722,
              31.2486161
            ],
            [
              75.6990891,
              31.2484834
            ],
            [
              75.6992916,
              31.2485023
            ],
            [
              75.6992641,
              31.2487183
            ],
            [
              75.6994101,
              31.2487319
            ],
            [
              75.6994371,
              31.2485203
            ],
            [
              75.6995585,
              31.2485316
            ],
            [
              75.6995307,
              31.2487501
            ],
            [
              75.6996806,
              31.248764
            ],
            [
              75.6997091,
              31.2485406
            ],
            [
              75.6999113,
              31.2485595
            ],
            [
              75.6998934,
              31.2486992
            ],
            [
              75.7000199,
              31.248711
            ],
            [
              75.7000387,
              31.2485638
            ],
            [
              75.7002652,
              31.2485849
            ],
            [
              75.7002224,
              31.2489195
            ],
            [
              75.6999877,
              31.2488976
            ],
            [
              75.7000077,
              31.2487414
            ],
            [
              75.6998975,
              31.2487312
            ],
            [
              75.6998798,
              31.2488697
            ],
            [
              75.6996607,
              31.2488493
            ],
            [
              75.6996701,
              31.2487753
            ],
            [
              75.6995456,
              31.2487637
            ],
            [
              75.6995355,
              31.2488423
            ],
            [
              75.6993817,
              31.248828
            ],
            [
              75.6993906,
              31.248758
            ],
            [
              75.6992694,
              31.2487468
            ],
            [
              75.6992616,
              31.2488079
            ],
            [
              75.6990498,
              31.2487882
            ],
            [
              75.6990683,
              31.2486421
            ],
            [
              75.6989271,
              31.2486289
            ],
            [
              75.6989083,
              31.2487763
            ],
            [
              75.6987111,
              31.248758
            ]
          ]
        ]
      },
      "id": "way/422548298"
    },
    {
      "type": "Feature",
      "properties": {
        "@id": "way/422548299",
        "building": "yes",
        "building:levels": "9"
      },
      "geometry": {
        "type": "Polygon",
        "coordinates": [
          [
            [
              75.697982,
              31.249648
            ],
            [
              75.6980154,
              31.2494163
            ],
            [
              75.6983951,
              31.2494563
            ],
            [
              75.6983834,
              31.2495371
            ],
            [
              75.6984171,
              31.2495407
            ],
            [
              75.6984085,
              31.2496008
            ],
            [
              75.6983761,
              31.2495974
            ],
            [
              75.6983645,
              31.2496778
            ],
            [
              75.6983284,
              31.249674
            ],
            [
              75.698331,
              31.2496555
            ],
            [
              75.6982446,
              31.2496464
            ],
            [
              75.6982404,
              31.2496752
            ],
            [
              75.697982,
              31.249648
            ]
          ]
        ]
      },
      "id": "way/422548299"
    },
    {
      "type": "Feature",
      "properties": {
        "@id": "way/422548300",
        "building": "yes",
        "building:levels": "10"
      },
      "geometry": {
        "type": "Polygon",
        "coordinates": [
          [
            [
              75.6995713,
              31.2515451
            ],
            [
              75.6995925,
              31.2509805
            ],
            [
              75.699785,
              31.2509858
            ],
            [
              75.699767,
              31.2514641
            ],
            [
              75.6999129,
              31.2514681
            ],
            [
              75.6999309,
              31.2509876
            ],
            [
              75.7001313,
              31.2509931
            ],
            [
              75.7001141,
              31.2514509
            ],
            [
              75.7002362,
              31.2514543
            ],
            [
              75.7002539,
              31.2509829
            ],
            [
              75.7004774,
              31.250989
            ],
            [
              75.7004554,
              31.2515764
            ],
            [
              75.7002335,
              31.2515703
            ],
            [
              75.7002362,
              31.2514969
            ],
            [
              75.7001094,
              31.2514934
            ],
            [
              75.7001041,
              31.2516333
            ],
            [
              75.6999142,
              31.2516281
            ],
            [
              75.6999197,
              31.2514814
            ],
            [
              75.6997693,
              31.2514773
            ],
            [
              75.6997666,
              31.2515504
            ],
            [
              75.6995713,
              31.2515451
            ]
          ]
        ]
      },
      "id": "way/422548300"
    },
    {
      "type": "Feature",
      "properties": {
        "@id": "way/422548301",
        "building": "yes",
        "building:levels": "10"
      },
      "geometry": {
        "type": "Polygon",
        "coordinates": [
          [
            [
              75.7005726,
              31.2539496
            ],
            [
              75.7005713,
              31.2539031
            ],
            [
              75.7005707,
              31.2538825
            ],
            [
              75.7005644,
              31.2536612
            ],
            [
              75.700564,
              31.2536452
            ],
            [
              75.7005577,
              31.2534227
            ],
            [
              75.7005572,
              31.2534056
            ],
            [
              75.7005552,
              31.2533351
            ],
            [
              75.7007187,
              31.2533317
            ],
            [
              75.7007208,
              31.2534068
            ],
            [
              75.7007212,
              31.2534205
            ],
            [
              75.7007342,
              31.2538767
            ],
            [
              75.7007347,
              31.253894
            ],
            [
              75.7007362,
              31.2539462
            ],
            [
              75.7005726,
              31.2539496
            ]
          ]
        ]
      },
      "id": "way/422548301"
    },
    {
      "type": "Feature",
      "properties": {
        "@id": "way/422548302",
        "building": "yes",
        "building:levels": "10"
      },
      "geometry": {
        "type": "Polygon",
        "coordinates": [
          [
            [
              75.7008046,
              31.2539714
            ],
            [
              75.7008018,
              31.2538929
            ],
            [
              75.7008012,
              31.2538756
            ],
            [
              75.7007966,
              31.2537434
            ],
            [
              75.7009776,
              31.2537387
            ],
            [
              75.7009822,
              31.2538721
            ],
            [
              75.7009824,
              31.2538875
            ],
            [
              75.7009856,
              31.2539668
            ],
            [
              75.7008046,
              31.2539714
            ]
          ]
        ]
      },
      "id": "way/422548302"
    },
    {
      "type": "Feature",
      "properties": {
        "@id": "way/422548303",
        "building": "yes",
        "building:levels": "10"
      },
      "geometry": {
        "type": "Polygon",
        "coordinates": [
          [
            [
              75.7008085,
              31.2534843
            ],
            [
              75.7008079,
              31.2534194
            ],
            [
              75.7008078,
              31.2534068
            ],
            [
              75.7008067,
              31.2532864
            ],
            [
              75.7003147,
              31.2532897
            ],
            [
              75.700314,
              31.2532091
            ],
            [
              75.7013828,
              31.2532019
            ],
            [
              75.7013834,
              31.2532749
            ],
            [
              75.7009492,
              31.2532778
            ],
            [
              75.7009503,
              31.2534033
            ],
            [
              75.7009505,
              31.2534194
            ],
            [
              75.7009511,
              31.2534834
            ],
            [
              75.7008085,
              31.2534843
            ]
          ]
        ]
      },
      "id": "way/422548303"
    },
    {
      "type": "Feature",
      "properties": {
        "@id": "way/422548304",
        "building": "yes",
        "building:levels": "10"
      },
      "geometry": {
        "type": "Polygon",
        "coordinates": [
          [
            [
              75.7010745,
              31.2539471
            ],
            [
              75.7010726,
              31.2538867
            ],
            [
              75.7010725,
              31.2538713
            ],
            [
              75.7010616,
              31.2534182
            ],
            [
              75.7010611,
              31.2533998
            ],
            [
              75.7010592,
              31.2533212
            ],
            [
              75.7012255,
              31.2533182
            ],
            [
              75.7012275,
              31.2533987
            ],
            [
              75.7012279,
              31.2534148
            ],
            [
              75.7012332,
              31.2536326
            ],
            [
              75.7012336,
              31.2536498
            ],
            [
              75.7012389,
              31.2538665
            ],
            [
              75.7012393,
              31.2538814
            ],
            [
              75.7012408,
              31.2539442
            ],
            [
              75.7010745,
              31.2539471
            ]
          ]
        ]
      },
      "id": "way/422548304"
    },
    {
      "type": "Feature",
      "properties": {
        "@id": "way/422548305",
        "building": "yes",
        "building:levels": "10"
      },
      "geometry": {
        "type": "Polygon",
        "coordinates": [
          [
            [
              75.7003339,
              31.2539543
            ],
            [
              75.70033,
              31.253826
            ],
            [
              75.7004936,
              31.2538224
            ],
            [
              75.7004955,
              31.2538848
            ],
            [
              75.7004961,
              31.2539043
            ],
            [
              75.7004975,
              31.2539507
            ],
            [
              75.7003339,
              31.2539543
            ]
          ]
        ]
      },
      "id": "way/422548305"
    },
    {
      "type": "Feature",
      "properties": {
        "@id": "way/422548306",
        "building": "yes",
        "building:levels": "10"
      },
      "geometry": {
        "type": "Polygon",
        "coordinates": [
          [
            [
              75.70033,
              31.2537261
            ],
            [
              75.7003261,
              31.2535931
            ],
            [
              75.7004924,
              31.2535896
            ],
            [
              75.700494,
              31.2536464
            ],
            [
              75.7004945,
              31.2536613
            ],
            [
              75.7004963,
              31.2537225
            ],
            [
              75.70033,
              31.2537261
            ]
          ]
        ]
      },
      "id": "way/422548306"
    },
    {
      "type": "Feature",
      "properties": {
        "@id": "way/422548307",
        "building": "yes",
        "building:levels": "10"
      },
      "geometry": {
        "type": "Polygon",
        "coordinates": [
          [
            [
              75.7003256,
              31.2534844
            ],
            [
              75.7003222,
              31.2533468
            ],
            [
              75.7004818,
              31.2533439
            ],
            [
              75.7004833,
              31.2534079
            ],
            [
              75.7004837,
              31.253424
            ],
            [
              75.7004851,
              31.2534816
            ],
            [
              75.7003256,
              31.2534844
            ]
          ]
        ]
      },
      "id": "way/422548307"
    },
    {
      "type": "Feature",
      "properties": {
        "@id": "way/422548308",
        "building": "yes",
        "building:levels": "10"
      },
      "geometry": {
        "type": "Polygon",
        "coordinates": [
          [
            [
              75.7013063,
              31.2539392
            ],
            [
              75.7013043,
              31.2538802
            ],
            [
              75.7013038,
              31.2538642
            ],
            [
              75.7013022,
              31.2538177
            ],
            [
              75.7013921,
              31.2538155
            ],
            [
              75.7013962,
              31.253937
            ],
            [
              75.7013063,
              31.2539392
            ]
          ]
        ]
      },
      "id": "way/422548308"
    },
    {
      "type": "Feature",
      "properties": {
        "@id": "way/422548309",
        "building": "yes",
        "building:levels": "10"
      },
      "geometry": {
        "type": "Polygon",
        "coordinates": [
          [
            [
              75.7012968,
              31.2537044
            ],
            [
              75.7012957,
              31.2536498
            ],
            [
              75.7012953,
              31.2536314
            ],
            [
              75.7012943,
              31.2535794
            ],
            [
              75.7013828,
              31.2535781
            ],
            [
              75.7013853,
              31.2537031
            ],
            [
              75.7012968,
              31.2537044
            ]
          ]
        ]
      },
      "id": "way/422548309"
    },
    {
      "type": "Feature",
      "properties": {
        "@id": "way/422548310",
        "building": "yes",
        "building:levels": "10"
      },
      "geometry": {
        "type": "Polygon",
        "coordinates": [
          [
            [
              75.7012993,
              31.2534751
            ],
            [
              75.7012976,
              31.2534137
            ],
            [
              75.7012972,
              31.2533953
            ],
            [
              75.7012958,
              31.2533422
            ],
            [
              75.701379,
              31.2533406
            ],
            [
              75.7013825,
              31.2534735
            ],
            [
              75.7012993,
              31.2534751
            ]
          ]
        ]
      },
      "id": "way/422548310"
    },
    {
      "type": "Feature",
      "properties": {
        "@id": "way/422548311",
        "building": "yes",
        "building:levels": "10"
      },
      "geometry": {
        "type": "Polygon",
        "coordinates": [
          [
            [
              75.7004945,
              31.2536613
            ],
            [
              75.700494,
              31.2536464
            ],
            [
              75.700564,
              31.2536452
            ],
            [
              75.7005644,
              31.2536612
            ],
            [
              75.7004945,
              31.2536613
            ]
          ]
        ]
      },
      "id": "way/422548311"
    },
    {
      "type": "Feature",
      "properties": {
        "@id": "way/422548312",
        "building": "yes",
        "building:levels": "10"
      },
      "geometry": {
        "type": "Polygon",
        "coordinates": [
          [
            [
              75.7004961,
              31.2539043
            ],
            [
              75.7004955,
              31.2538848
            ],
            [
              75.7005707,
              31.2538825
            ],
            [
              75.7005713,
              31.2539031
            ],
            [
              75.7004961,
              31.2539043
            ]
          ]
        ]
      },
      "id": "way/422548312"
    },
    {
      "type": "Feature",
      "properties": {
        "@id": "way/422548313",
        "building": "yes",
        "building:levels": "10"
      },
      "geometry": {
        "type": "Polygon",
        "coordinates": [
          [
            [
              75.7007347,
              31.253894
            ],
            [
              75.7007342,
              31.2538767
            ],
            [
              75.7008012,
              31.2538756
            ],
            [
              75.7008018,
              31.2538929
            ],
            [
              75.7007347,
              31.253894
            ]
          ]
        ]
      },
      "id": "way/422548313"
    },
    {
      "type": "Feature",
      "properties": {
        "@id": "way/422548314",
        "building": "yes",
        "building:levels": "10"
      },
      "geometry": {
        "type": "Polygon",
        "coordinates": [
          [
            [
              75.7004837,
              31.253424
            ],
            [
              75.7004833,
              31.2534079
            ],
            [
              75.7005572,
              31.2534056
            ],
            [
              75.7005577,
              31.2534227
            ],
            [
              75.7004837,
              31.253424
            ]
          ]
        ]
      },
      "id": "way/422548314"
    },
    {
      "type": "Feature",
      "properties": {
        "@id": "way/422548315",
        "building": "yes",
        "building:levels": "10"
      },
      "geometry": {
        "type": "Polygon",
        "coordinates": [
          [
            [
              75.7007212,
              31.2534205
            ],
            [
              75.7007208,
              31.2534068
            ],
            [
              75.7008078,
              31.2534068
            ],
            [
              75.7008079,
              31.2534194
            ],
            [
              75.7007212,
              31.2534205
            ]
          ]
        ]
      },
      "id": "way/422548315"
    },
    {
      "type": "Feature",
      "properties": {
        "@id": "way/422548316",
        "building": "yes",
        "building:levels": "10"
      },
      "geometry": {
        "type": "Polygon",
        "coordinates": [
          [
            [
              75.7009505,
              31.2534194
            ],
            [
              75.7009503,
              31.2534033
            ],
            [
              75.7010611,
              31.2533998
            ],
            [
              75.7010616,
              31.2534182
            ],
            [
              75.7009505,
              31.2534194
            ]
          ]
        ]
      },
      "id": "way/422548316"
    },
    {
      "type": "Feature",
      "properties": {
        "@id": "way/422548317",
        "building": "yes",
        "building:levels": "10"
      },
      "geometry": {
        "type": "Polygon",
        "coordinates": [
          [
            [
              75.7012279,
              31.2534148
            ],
            [
              75.7012275,
              31.2533987
            ],
            [
              75.7012972,
              31.2533953
            ],
            [
              75.7012976,
              31.2534137
            ],
            [
              75.7012279,
              31.2534148
            ]
          ]
        ]
      },
      "id": "way/422548317"
    },
    {
      "type": "Feature",
      "properties": {
        "@id": "way/422548318",
        "building": "yes",
        "building:levels": "10"
      },
      "geometry": {
        "type": "Polygon",
        "coordinates": [
          [
            [
              75.7009824,
              31.2538875
            ],
            [
              75.7009822,
              31.2538721
            ],
            [
              75.7010725,
              31.2538713
            ],
            [
              75.7010726,
              31.2538867
            ],
            [
              75.7009824,
              31.2538875
            ]
          ]
        ]
      },
      "id": "way/422548318"
    },
    {
      "type": "Feature",
      "properties": {
        "@id": "way/422548319",
        "building": "yes",
        "building:levels": "10"
      },
      "geometry": {
        "type": "Polygon",
        "coordinates": [
          [
            [
              75.7012393,
              31.2538814
            ],
            [
              75.7012389,
              31.2538665
            ],
            [
              75.7013038,
              31.2538642
            ],
            [
              75.7013043,
              31.2538802
            ],
            [
              75.7012393,
              31.2538814
            ]
          ]
        ]
      },
      "id": "way/422548319"
    },
    {
      "type": "Feature",
      "properties": {
        "@id": "way/422548320",
        "building": "yes",
        "building:levels": "10"
      },
      "geometry": {
        "type": "Polygon",
        "coordinates": [
          [
            [
              75.7012336,
              31.2536498
            ],
            [
              75.7012332,
              31.2536326
            ],
            [
              75.7012953,
              31.2536314
            ],
            [
              75.7012957,
              31.2536498
            ],
            [
              75.7012336,
              31.2536498
            ]
          ]
        ]
      },
      "id": "way/422548320"
    },
    {
      "type": "Feature",
      "properties": {
        "@id": "way/422548856",
        "building": "yes",
        "building:levels": "10"
      },
      "geometry": {
        "type": "Polygon",
        "coordinates": [
          [
            [
              75.7007827,
              31.2547755
            ],
            [
              75.7007834,
              31.2546409
            ],
            [
              75.7008613,
              31.2546412
            ],
            [
              75.7008615,
              31.2545888
            ],
            [
              75.7010249,
              31.2545894
            ],
            [
              75.7010246,
              31.2546582
            ],
            [
              75.701107,
              31.2546534
            ],
            [
              75.7011069,
              31.2545872
            ],
            [
              75.7012224,
              31.2545876
            ],
            [
              75.7012218,
              31.2547248
            ],
            [
              75.7011411,
              31.2547245
            ],
            [
              75.7011409,
              31.254777
            ],
            [
              75.7009775,
              31.2547764
            ],
            [
              75.7009777,
              31.2547511
            ],
            [
              75.7009118,
              31.2547509
            ],
            [
              75.7009117,
              31.2547759
            ],
            [
              75.7007827,
              31.2547755
            ]
          ]
        ]
      },
      "id": "way/422548856"
    },
    {
      "type": "Feature",
      "properties": {
        "@id": "way/422548857",
        "building": "yes",
        "building:levels": "10"
      },
      "geometry": {
        "type": "Polygon",
        "coordinates": [
          [
            [
              75.7013348,
              31.2552345
            ],
            [
              75.7013258,
              31.2549327
            ],
            [
              75.7013807,
              31.2549315
            ],
            [
              75.7013788,
              31.2548704
            ],
            [
              75.7015563,
              31.2548665
            ],
            [
              75.7015592,
              31.2549626
            ],
            [
              75.701486,
              31.2549642
            ],
            [
              75.7014876,
              31.2550165
            ],
            [
              75.7015591,
              31.255015
            ],
            [
              75.7015634,
              31.255159
            ],
            [
              75.7014848,
              31.2551607
            ],
            [
              75.7014869,
              31.2552311
            ],
            [
              75.7013348,
              31.2552345
            ]
          ]
        ]
      },
      "id": "way/422548857"
    },
    {
      "type": "Feature",
      "properties": {
        "@id": "way/422548858",
        "building": "yes",
        "building:levels": "10"
      },
      "geometry": {
        "type": "Polygon",
        "coordinates": [
          [
            [
              75.7012218,
              31.2547248
            ],
            [
              75.7012224,
              31.2545876
            ],
            [
              75.7012895,
              31.2546014
            ],
            [
              75.7013485,
              31.2546243
            ],
            [
              75.7014076,
              31.2546541
            ],
            [
              75.7014532,
              31.2546977
            ],
            [
              75.7014934,
              31.2547413
            ],
            [
              75.7015122,
              31.2547688
            ],
            [
              75.7015336,
              31.2548078
            ],
            [
              75.7015563,
              31.2548665
            ],
            [
              75.7013788,
              31.2548704
            ],
            [
              75.7013754,
              31.2548353
            ],
            [
              75.7013593,
              31.2548032
            ],
            [
              75.7013271,
              31.2547711
            ],
            [
              75.7012922,
              31.2547436
            ],
            [
              75.701252,
              31.2547321
            ],
            [
              75.7012218,
              31.2547248
            ]
          ]
        ]
      },
      "id": "way/422548858"
    },
    {
      "type": "Feature",
      "properties": {
        "@id": "way/422550005",
        "building": "yes",
        "building:levels": "1"
      },
      "geometry": {
        "type": "Polygon",
        "coordinates": [
          [
            [
              75.7062799,
              31.260085
            ],
            [
              75.7062824,
              31.2600443
            ],
            [
              75.7063176,
              31.2600459
            ],
            [
              75.7063151,
              31.2600866
            ],
            [
              75.7062799,
              31.260085
            ]
          ]
        ]
      },
      "id": "way/422550005"
    },
    {
      "type": "Feature",
      "properties": {
        "@id": "way/422550006",
        "building": "yes",
        "building:levels": "1"
      },
      "geometry": {
        "type": "Polygon",
        "coordinates": [
          [
            [
              75.706394,
              31.2600877
            ],
            [
              75.7063948,
              31.2600442
            ],
            [
              75.7064277,
              31.2600446
            ],
            [
              75.7064269,
              31.2600881
            ],
            [
              75.706394,
              31.2600877
            ]
          ]
        ]
      },
      "id": "way/422550006"
    },
    {
      "type": "Feature",
      "properties": {
        "@id": "way/422550007",
        "building": "yes",
        "building:levels": "1"
      },
      "geometry": {
        "type": "Polygon",
        "coordinates": [
          [
            [
              75.7064951,
              31.2600861
            ],
            [
              75.7064959,
              31.2600448
            ],
            [
              75.7065284,
              31.2600453
            ],
            [
              75.7065276,
              31.2600866
            ],
            [
              75.7064951,
              31.2600861
            ]
          ]
        ]
      },
      "id": "way/422550007"
    },
    {
      "type": "Feature",
      "properties": {
        "@id": "way/422550008",
        "building": "yes",
        "building:levels": "1"
      },
      "geometry": {
        "type": "Polygon",
        "coordinates": [
          [
            [
              75.7065886,
              31.2600835
            ],
            [
              75.7065915,
              31.2600426
            ],
            [
              75.7066257,
              31.2600443
            ],
            [
              75.7066228,
              31.2600853
            ],
            [
              75.7065886,
              31.2600835
            ]
          ]
        ]
      },
      "id": "way/422550008"
    },
    {
      "type": "Feature",
      "properties": {
        "@id": "way/422550009",
        "building": "yes",
        "building:levels": "1"
      },
      "geometry": {
        "type": "Polygon",
        "coordinates": [
          [
            [
              75.706692,
              31.2600852
            ],
            [
              75.7066956,
              31.2600462
            ],
            [
              75.7067264,
              31.2600483
            ],
            [
              75.7067227,
              31.2600873
            ],
            [
              75.706692,
              31.2600852
            ]
          ]
        ]
      },
      "id": "way/422550009"
    },
    {
      "type": "Feature",
      "properties": {
        "@id": "way/422550525",
        "building": "yes",
        "building:levels": "6",
        "building:min_level": "5"
      },
      "geometry": {
        "type": "Polygon",
        "coordinates": [
          [
            [
              75.7065962,
              31.2606947
            ],
            [
              75.7066977,
              31.2606015
            ],
            [
              75.706751,
              31.2605525
            ],
            [
              75.7068237,
              31.2604858
            ],
            [
              75.7068282,
              31.2604988
            ],
            [
              75.706856,
              31.2605792
            ],
            [
              75.7068642,
              31.260603
            ],
            [
              75.7068343,
              31.260629
            ],
            [
              75.7067793,
              31.2606769
            ],
            [
              75.7066776,
              31.2607654
            ],
            [
              75.7065962,
              31.2606947
            ]
          ]
        ]
      },
      "id": "way/422550525"
    },
    {
      "type": "Feature",
      "properties": {
        "@id": "way/422550528",
        "building": "yes",
        "building:levels": "6"
      },
      "geometry": {
        "type": "Polygon",
        "coordinates": [
          [
            [
              75.7068282,
              31.2604988
            ],
            [
              75.7069139,
              31.2604696
            ],
            [
              75.7069449,
              31.2605527
            ],
            [
              75.706856,
              31.2605792
            ],
            [
              75.7068282,
              31.2604988
            ]
          ]
        ]
      },
      "id": "way/422550528"
    },
    {
      "type": "Feature",
      "properties": {
        "@id": "way/422551921",
        "building": "yes",
        "building:levels": "6"
      },
      "geometry": {
        "type": "Polygon",
        "coordinates": [
          [
            [
              75.7030811,
              31.2459116
            ],
            [
              75.7030831,
              31.2458233
            ],
            [
              75.7031022,
              31.2458236
            ],
            [
              75.7031277,
              31.2458374
            ],
            [
              75.7031411,
              31.2458546
            ],
            [
              75.7032149,
              31.2458557
            ],
            [
              75.7032404,
              31.2458328
            ],
            [
              75.7042006,
              31.2458499
            ],
            [
              75.7041981,
              31.2459502
            ],
            [
              75.7041134,
              31.2459487
            ],
            [
              75.7041127,
              31.245979
            ],
            [
              75.7040087,
              31.2459772
            ],
            [
              75.7040095,
              31.2459433
            ],
            [
              75.7039115,
              31.2459416
            ],
            [
              75.7034003,
              31.2459329
            ],
            [
              75.7033995,
              31.2459699
            ],
            [
              75.7033045,
              31.2459683
            ],
            [
              75.7033053,
              31.2459321
            ],
            [
              75.7032146,
              31.2459305
            ],
            [
              75.7032154,
              31.2458978
            ],
            [
              75.7031475,
              31.2458967
            ],
            [
              75.7031471,
              31.2459127
            ],
            [
              75.7030811,
              31.2459116
            ]
          ]
        ]
      },
      "id": "way/422551921"
    },
    {
      "type": "Feature",
      "properties": {
        "@id": "way/422551928",
        "building": "yes",
        "building:levels": "4"
      },
      "geometry": {
        "type": "Polygon",
        "coordinates": [
          [
            [
              75.702805,
              31.2516613
            ],
            [
              75.7028063,
              31.2516289
            ],
            [
              75.7029454,
              31.251633
            ],
            [
              75.7029441,
              31.2516653
            ],
            [
              75.702805,
              31.2516613
            ]
          ]
        ]
      },
      "id": "way/422551928"
    },
    {
      "type": "Feature",
      "properties": {
        "@id": "way/422555764",
        "building": "yes",
        "leisure": "sports_centre"
      },
      "geometry": {
        "type": "Polygon",
        "coordinates": [
          [
            [
              75.7100799,
              31.2561905
            ],
            [
              75.7100855,
              31.2560731
            ],
            [
              75.710039,
              31.2560715
            ],
            [
              75.7100534,
              31.2557707
            ],
            [
              75.7101817,
              31.2557752
            ],
            [
              75.7101617,
              31.2561933
            ],
            [
              75.7100799,
              31.2561905
            ]
          ]
        ]
      },
      "id": "way/422555764"
    },
    {
      "type": "Feature",
      "properties": {
        "@id": "way/422556249",
        "amenity": "library",
        "building": "yes",
        "building:levels": "10",
        "name": "Central Library"
      },
      "geometry": {
        "type": "Polygon",
        "coordinates": [
          [
            [
              75.7026329,
              31.2523048
            ],
            [
              75.7031103,
              31.2519838
            ],
            [
              75.7035609,
              31.252142
            ],
            [
              75.7036226,
              31.2520411
            ],
            [
              75.7032096,
              31.2518944
            ],
            [
              75.7037058,
              31.251633
            ],
            [
              75.7038104,
              31.2518554
            ],
            [
              75.7039364,
              31.2518072
            ],
            [
              75.7038238,
              31.2515688
            ],
            [
              75.7042422,
              31.2513395
            ],
            [
              75.7042476,
              31.2519196
            ],
            [
              75.7042154,
              31.2519173
            ],
            [
              75.7041617,
              31.2519196
            ],
            [
              75.7040974,
              31.2519265
            ],
            [
              75.704033,
              31.2519402
            ],
            [
              75.703974,
              31.2519586
            ],
            [
              75.703923,
              31.2519815
            ],
            [
              75.7038748,
              31.2520113
            ],
            [
              75.7038292,
              31.252048
            ],
            [
              75.7037916,
              31.2520893
            ],
            [
              75.7037648,
              31.2521283
            ],
            [
              75.7037353,
              31.2521741
            ],
            [
              75.7037138,
              31.2522154
            ],
            [
              75.7037004,
              31.2522567
            ],
            [
              75.7036897,
              31.2522956
            ],
            [
              75.7026329,
              31.2523048
            ]
          ]
        ]
      },
      "id": "way/422556249"
    },
    {
      "type": "Feature",
      "properties": {
        "@id": "way/422556250",
        "building": "yes",
        "building:levels": "4"
      },
      "geometry": {
        "type": "Polygon",
        "coordinates": [
          [
            [
              75.7036897,
              31.2522956
            ],
            [
              75.7037004,
              31.2522567
            ],
            [
              75.7037138,
              31.2522154
            ],
            [
              75.7037353,
              31.2521741
            ],
            [
              75.7037648,
              31.2521283
            ],
            [
              75.7037916,
              31.2520893
            ],
            [
              75.7038292,
              31.252048
            ],
            [
              75.7038748,
              31.2520113
            ],
            [
              75.703923,
              31.2519815
            ],
            [
              75.703974,
              31.2519586
            ],
            [
              75.704033,
              31.2519402
            ],
            [
              75.7040974,
              31.2519265
            ],
            [
              75.7041617,
              31.2519196
            ],
            [
              75.7042154,
              31.2519173
            ],
            [
              75.7042476,
              31.2519196
            ],
            [
              75.704257,
              31.25204
            ],
            [
              75.7042288,
              31.2520423
            ],
            [
              75.7042006,
              31.2520469
            ],
            [
              75.704155,
              31.2520537
            ],
            [
              75.7041135,
              31.2520698
            ],
            [
              75.7040732,
              31.2520904
            ],
            [
              75.7040384,
              31.2521099
            ],
            [
              75.7040129,
              31.2521351
            ],
            [
              75.7039914,
              31.2521604
            ],
            [
              75.7039794,
              31.252181
            ],
            [
              75.7039659,
              31.2522051
            ],
            [
              75.7039592,
              31.2522303
            ],
            [
              75.7039566,
              31.2522578
            ],
            [
              75.7039566,
              31.2522807
            ],
            [
              75.7036897,
              31.2522956
            ]
          ]
        ]
      },
      "id": "way/422556250"
    },
    {
      "type": "Feature",
      "properties": {
        "@id": "way/422556251",
        "building": "yes",
        "building:levels": "3"
      },
      "geometry": {
        "type": "Polygon",
        "coordinates": [
          [
            [
              75.7039566,
              31.2522807
            ],
            [
              75.7039566,
              31.2522578
            ],
            [
              75.7039592,
              31.2522303
            ],
            [
              75.7039659,
              31.2522051
            ],
            [
              75.7039794,
              31.252181
            ],
            [
              75.7039914,
              31.2521604
            ],
            [
              75.7040129,
              31.2521351
            ],
            [
              75.7040384,
              31.2521099
            ],
            [
              75.7040732,
              31.2520904
            ],
            [
              75.7041135,
              31.2520698
            ],
            [
              75.704155,
              31.2520537
            ],
            [
              75.7042006,
              31.2520469
            ],
            [
              75.7042288,
              31.2520423
            ],
            [
              75.704257,
              31.25204
            ],
            [
              75.704269,
              31.2521397
            ],
            [
              75.7042422,
              31.2521477
            ],
            [
              75.7042194,
              31.2521558
            ],
            [
              75.7041993,
              31.2521695
            ],
            [
              75.7041765,
              31.2521844
            ],
            [
              75.7041604,
              31.2522005
            ],
            [
              75.704147,
              31.2522154
            ],
            [
              75.7041363,
              31.2522326
            ],
            [
              75.7041336,
              31.2522532
            ],
            [
              75.7041336,
              31.2522716
            ],
            [
              75.7039566,
              31.2522807
            ]
          ]
        ]
      },
      "id": "way/422556251"
    },
    {
      "type": "Feature",
      "properties": {
        "@id": "way/422556252",
        "building": "yes",
        "building:levels": "2"
      },
      "geometry": {
        "type": "Polygon",
        "coordinates": [
          [
            [
              75.7041336,
              31.2522716
            ],
            [
              75.7041336,
              31.2522532
            ],
            [
              75.7041363,
              31.2522326
            ],
            [
              75.704147,
              31.2522154
            ],
            [
              75.7041604,
              31.2522005
            ],
            [
              75.7041765,
              31.2521844
            ],
            [
              75.7041993,
              31.2521695
            ],
            [
              75.7042194,
              31.2521558
            ],
            [
              75.7042422,
              31.2521477
            ],
            [
              75.704269,
              31.2521397
            ],
            [
              75.7042762,
              31.2521891
            ],
            [
              75.704261,
              31.2521902
            ],
            [
              75.7042342,
              31.2522028
            ],
            [
              75.7042156,
              31.2522179
            ],
            [
              75.7041953,
              31.2522349
            ],
            [
              75.7041832,
              31.2522521
            ],
            [
              75.7041792,
              31.2522693
            ],
            [
              75.7041336,
              31.2522716
            ]
          ]
        ]
      },
      "id": "way/422556252"
    },
    {
      "type": "Feature",
      "properties": {
        "@id": "way/422556253",
        "building": "yes",
        "building:levels": "1"
      },
      "geometry": {
        "type": "Polygon",
        "coordinates": [
          [
            [
              75.7041792,
              31.2522693
            ],
            [
              75.7041832,
              31.2522521
            ],
            [
              75.7041953,
              31.2522349
            ],
            [
              75.7042156,
              31.2522179
            ],
            [
              75.7042342,
              31.2522028
            ],
            [
              75.704261,
              31.2521902
            ],
            [
              75.7042762,
              31.2521891
            ],
            [
              75.7042832,
              31.252262
            ],
            [
              75.7041792,
              31.2522693
            ]
          ]
        ]
      },
      "id": "way/422556253"
    },
    {
      "type": "Feature",
      "properties": {
        "@id": "way/422732974",
        "building": "yes",
        "building:levels": "0.2"
      },
      "geometry": {
        "type": "Polygon",
        "coordinates": [
          [
            [
              75.7080895,
              31.2584015
            ],
            [
              75.7081102,
              31.2584112
            ],
            [
              75.7081267,
              31.2584257
            ],
            [
              75.7081376,
              31.2584437
            ],
            [
              75.7081419,
              31.2584636
            ],
            [
              75.7081393,
              31.2584837
            ],
            [
              75.7081286,
              31.2585044
            ],
            [
              75.7081147,
              31.2585178
            ],
            [
              75.7080949,
              31.2585288
            ],
            [
              75.7080722,
              31.2585344
            ],
            [
              75.7080485,
              31.2585342
            ],
            [
              75.7080231,
              31.2585268
            ],
            [
              75.7080019,
              31.2585128
            ],
            [
              75.7079873,
              31.2584936
            ],
            [
              75.7079809,
              31.2584713
            ],
            [
              75.7079833,
              31.2584485
            ],
            [
              75.7079944,
              31.2584276
            ],
            [
              75.7080128,
              31.258411
            ],
            [
              75.7080366,
              31.2584005
            ],
            [
              75.7080631,
              31.2583972
            ],
            [
              75.7080895,
              31.2584015
            ]
          ]
        ]
      },
      "id": "way/422732974"
    },
    {
      "type": "Feature",
      "properties": {
        "@id": "way/422738176",
        "building": "yes",
        "building:levels": "0.2",
        "railway": "platform"
      },
      "geometry": {
        "type": "Polygon",
        "coordinates": [
          [
            [
              75.70516,
              31.2633983
            ],
            [
              75.7051547,
              31.2633204
            ],
            [
              75.7067425,
              31.2623161
            ],
            [
              75.7067559,
              31.262401
            ],
            [
              75.70516,
              31.2633983
            ]
          ]
        ]
      },
      "id": "way/422738176"
    },
    {
      "type": "Feature",
      "properties": {
        "@id": "way/422738177",
        "building": "yes",
        "building:levels": "0.2",
        "railway": "platform"
      },
      "geometry": {
        "type": "Polygon",
        "coordinates": [
          [
            [
              75.7058091,
              31.2631966
            ],
            [
              75.7076277,
              31.2620639
            ],
            [
              75.7075526,
              31.2622015
            ],
            [
              75.7072722,
              31.2623767
            ],
            [
              75.7072241,
              31.2624066
            ],
            [
              75.7071933,
              31.2624248
            ],
            [
              75.7071438,
              31.2624555
            ],
            [
              75.7071021,
              31.2624814
            ],
            [
              75.7066392,
              31.2627682
            ],
            [
              75.7058762,
              31.2632424
            ],
            [
              75.7058091,
              31.2631966
            ]
          ]
        ]
      },
      "id": "way/422738177"
    },
    {
      "type": "Feature",
      "properties": {
        "@id": "way/422738178",
        "building": "yes",
        "building:levels": "2"
      },
      "geometry": {
        "type": "Polygon",
        "coordinates": [
          [
            [
              75.7066392,
              31.2627682
            ],
            [
              75.7071021,
              31.2624814
            ],
            [
              75.7071433,
              31.2625301
            ],
            [
              75.7069782,
              31.2626323
            ],
            [
              75.7069704,
              31.262623
            ],
            [
              75.7068071,
              31.2627241
            ],
            [
              75.70682,
              31.2627393
            ],
            [
              75.7067154,
              31.2628041
            ],
            [
              75.7067006,
              31.2627867
            ],
            [
              75.7066707,
              31.2628053
            ],
            [
              75.7066392,
              31.2627682
            ]
          ]
        ]
      },
      "id": "way/422738178"
    },
    {
      "type": "Feature",
      "properties": {
        "@id": "way/422738179",
        "building": "yes",
        "building:levels": "2"
      },
      "geometry": {
        "type": "Polygon",
        "coordinates": [
          [
            [
              75.7071438,
              31.2624555
            ],
            [
              75.7071933,
              31.2624248
            ],
            [
              75.7071998,
              31.2624399
            ],
            [
              75.7071931,
              31.2624537
            ],
            [
              75.707177,
              31.262464
            ],
            [
              75.7071583,
              31.262464
            ],
            [
              75.7071438,
              31.2624555
            ]
          ]
        ]
      },
      "id": "way/422738179"
    },
    {
      "type": "Feature",
      "properties": {
        "@id": "way/422738180",
        "building": "yes",
        "building:levels": "1"
      },
      "geometry": {
        "type": "Polygon",
        "coordinates": [
          [
            [
              75.7072241,
              31.2624066
            ],
            [
              75.7072722,
              31.2623767
            ],
            [
              75.7073028,
              31.2624126
            ],
            [
              75.7072546,
              31.2624425
            ],
            [
              75.7072241,
              31.2624066
            ]
          ]
        ]
      },
      "id": "way/422738180"
    },
    {
      "type": "Feature",
      "properties": {
        "@id": "way/422738863",
        "building": "yes",
        "building:levels": "2"
      },
      "geometry": {
        "type": "Polygon",
        "coordinates": [
          [
            [
              75.7004581,
              31.2486813
            ],
            [
              75.7005815,
              31.2486928
            ],
            [
              75.70056,
              31.248851
            ],
            [
              75.700434,
              31.2488372
            ],
            [
              75.7004581,
              31.2486813
            ]
          ]
        ]
      },
      "id": "way/422738863"
    },
    {
      "type": "Feature",
      "properties": {
        "@id": "way/422738864",
        "building": "yes",
        "building:levels": "2"
      },
      "geometry": {
        "type": "Polygon",
        "coordinates": [
          [
            [
              75.701354,
              31.2458791
            ],
            [
              75.7013593,
              31.2458149
            ],
            [
              75.7014291,
              31.2458149
            ],
            [
              75.7014264,
              31.2458791
            ],
            [
              75.701354,
              31.2458791
            ]
          ]
        ]
      },
      "id": "way/422738864"
    },
    {
      "type": "Feature",
      "properties": {
        "@id": "way/422738867",
        "building": "yes",
        "building:levels": "4"
      },
      "geometry": {
        "type": "Polygon",
        "coordinates": [
          [
            [
              75.7042136,
              31.2459694
            ],
            [
              75.7042169,
              31.2458719
            ],
            [
              75.7043114,
              31.2458742
            ],
            [
              75.7043081,
              31.2459717
            ],
            [
              75.7042136,
              31.2459694
            ]
          ]
        ]
      },
      "id": "way/422738867"
    },
    {
      "type": "Feature",
      "properties": {
        "@id": "way/422738868",
        "building": "yes",
        "building:levels": "3"
      },
      "geometry": {
        "type": "Polygon",
        "coordinates": [
          [
            [
              75.7044942,
              31.2459384
            ],
            [
              75.7044963,
              31.2458906
            ],
            [
              75.7046082,
              31.2458933
            ],
            [
              75.7046078,
              31.2459405
            ],
            [
              75.7044942,
              31.2459384
            ]
          ]
        ]
      },
      "id": "way/422738868"
    },
    {
      "type": "Feature",
      "properties": {
        "@id": "way/422738869",
        "building": "yes",
        "building:levels": "2"
      },
      "geometry": {
        "type": "Polygon",
        "coordinates": [
          [
            [
              75.7044942,
              31.2459384
            ],
            [
              75.7046078,
              31.2459405
            ],
            [
              75.7046048,
              31.2460701
            ],
            [
              75.7044903,
              31.2460677
            ],
            [
              75.7044942,
              31.2459384
            ]
          ]
        ]
      },
      "id": "way/422738869"
    },
    {
      "type": "Feature",
      "properties": {
        "@id": "way/422738870",
        "building": "yes",
        "building:levels": "1"
      },
      "geometry": {
        "type": "Polygon",
        "coordinates": [
          [
            [
              75.7044903,
              31.2460677
            ],
            [
              75.7046048,
              31.2460701
            ],
            [
              75.7046018,
              31.2461746
            ],
            [
              75.7044873,
              31.2461722
            ],
            [
              75.7044903,
              31.2460677
            ]
          ]
        ]
      },
      "id": "way/422738870"
    },
    {
      "type": "Feature",
      "properties": {
        "@id": "way/422738871",
        "building": "yes",
        "building:levels": "2"
      },
      "geometry": {
        "type": "Polygon",
        "coordinates": [
          [
            [
              75.7042018,
              31.2462328
            ],
            [
              75.7042465,
              31.2462336
            ],
            [
              75.7042456,
              31.2462687
            ],
            [
              75.7043127,
              31.2462699
            ],
            [
              75.7043118,
              31.2463074
            ],
            [
              75.7042001,
              31.2463054
            ],
            [
              75.7042018,
              31.2462328
            ]
          ]
        ]
      },
      "id": "way/422738871"
    },
    {
      "type": "Feature",
      "properties": {
        "@id": "way/422738874",
        "building": "yes",
        "building:levels": "1"
      },
      "geometry": {
        "type": "Polygon",
        "coordinates": [
          [
            [
              75.7043965,
              31.2471613
            ],
            [
              75.704404,
              31.2469308
            ],
            [
              75.7044489,
              31.2469319
            ],
            [
              75.7044414,
              31.2471623
            ],
            [
              75.7043965,
              31.2471613
            ]
          ]
        ]
      },
      "id": "way/422738874"
    },
    {
      "type": "Feature",
      "properties": {
        "@id": "way/422738875",
        "building": "yes",
        "building:levels": "1"
      },
      "geometry": {
        "type": "Polygon",
        "coordinates": [
          [
            [
              75.704407,
              31.246868
            ],
            [
              75.7044122,
              31.2468083
            ],
            [
              75.7044583,
              31.2468113
            ],
            [
              75.704453,
              31.246871
            ],
            [
              75.704407,
              31.246868
            ]
          ]
        ]
      },
      "id": "way/422738875"
    },
    {
      "type": "Feature",
      "properties": {
        "@id": "way/422738876",
        "building": "yes",
        "building:levels": "1"
      },
      "geometry": {
        "type": "Polygon",
        "coordinates": [
          [
            [
              75.7044687,
              31.2468038
            ],
            [
              75.7044714,
              31.246766
            ],
            [
              75.704584,
              31.2467683
            ],
            [
              75.70458,
              31.2468095
            ],
            [
              75.7044687,
              31.2468038
            ]
          ]
        ]
      },
      "id": "way/422738876"
    },
    {
      "type": "Feature",
      "properties": {
        "@id": "way/422738877",
        "building": "yes",
        "building:levels": "1"
      },
      "geometry": {
        "type": "Polygon",
        "coordinates": [
          [
            [
              75.7045756,
              31.2471688
            ],
            [
              75.7045892,
              31.246776
            ],
            [
              75.7047172,
              31.2467793
            ],
            [
              75.7047036,
              31.247172
            ],
            [
              75.7045756,
              31.2471688
            ]
          ]
        ]
      },
      "id": "way/422738877"
    },
    {
      "type": "Feature",
      "properties": {
        "@id": "way/422738883",
        "building": "yes",
        "building:levels": "2"
      },
      "geometry": {
        "type": "Polygon",
        "coordinates": [
          [
            [
              75.7012474,
              31.2542
            ],
            [
              75.7012408,
              31.2539442
            ],
            [
              75.7013962,
              31.253937
            ],
            [
              75.7013949,
              31.2541977
            ],
            [
              75.7012474,
              31.2542
            ]
          ]
        ]
      },
      "id": "way/422738883"
    },
    {
      "type": "Feature",
      "properties": {
        "@id": "way/422738888",
        "building": "yes",
        "building:levels": "1"
      },
      "geometry": {
        "type": "Polygon",
        "coordinates": [
          [
            [
              75.7002104,
              31.2547846
            ],
            [
              75.700131,
              31.2547982
            ],
            [
              75.7001041,
              31.2546834
            ],
            [
              75.7001836,
              31.2546698
            ],
            [
              75.7002104,
              31.2547846
            ]
          ]
        ]
      },
      "id": "way/422738888"
    },
    {
      "type": "Feature",
      "properties": {
        "@id": "way/422738889",
        "building": "yes",
        "building:levels": "3"
      },
      "geometry": {
        "type": "Polygon",
        "coordinates": [
          [
            [
              75.7004844,
              31.2551273
            ],
            [
              75.7004818,
              31.2550154
            ],
            [
              75.700552,
              31.2550142
            ],
            [
              75.7005546,
              31.2551261
            ],
            [
              75.7004844,
              31.2551273
            ]
          ]
        ]
      },
      "id": "way/422738889"
    },
    {
      "type": "Feature",
      "properties": {
        "@id": "way/422738890",
        "building": "yes",
        "building:levels": "1"
      },
      "geometry": {
        "type": "Polygon",
        "coordinates": [
          [
            [
              75.700699,
              31.2553884
            ],
            [
              75.7006971,
              31.2552957
            ],
            [
              75.7007415,
              31.2552951
            ],
            [
              75.7007434,
              31.2553877
            ],
            [
              75.700699,
              31.2553884
            ]
          ]
        ]
      },
      "id": "way/422738890"
    },
    {
      "type": "Feature",
      "properties": {
        "@id": "way/422738891",
        "building": "yes",
        "building:levels": "1"
      },
      "geometry": {
        "type": "Polygon",
        "coordinates": [
          [
            [
              75.7008236,
              31.2553857
            ],
            [
              75.7008226,
              31.2553546
            ],
            [
              75.7009297,
              31.2553521
            ],
            [
              75.7009308,
              31.2553831
            ],
            [
              75.7008236,
              31.2553857
            ]
          ]
        ]
      },
      "id": "way/422738891"
    },
    {
      "type": "Feature",
      "properties": {
        "@id": "way/422738892",
        "building": "yes",
        "building:levels": "1"
      },
      "geometry": {
        "type": "Polygon",
        "coordinates": [
          [
            [
              75.7006146,
              31.2555778
            ],
            [
              75.7006141,
              31.2555114
            ],
            [
              75.7007439,
              31.2555107
            ],
            [
              75.7007444,
              31.255577
            ],
            [
              75.7006146,
              31.2555778
            ]
          ]
        ]
      },
      "id": "way/422738892"
    },
    {
      "type": "Feature",
      "properties": {
        "@id": "way/422738893",
        "building": "yes",
        "building:levels": "2"
      },
      "geometry": {
        "type": "Polygon",
        "coordinates": [
          [
            [
              75.7007337,
              31.2551275
            ],
            [
              75.700731,
              31.2550129
            ],
            [
              75.7008115,
              31.2550152
            ],
            [
              75.7008142,
              31.2551275
            ],
            [
              75.7007337,
              31.2551275
            ]
          ]
        ]
      },
      "id": "way/422738893"
    },
    {
      "type": "Feature",
      "properties": {
        "@id": "way/422738894",
        "building": "yes",
        "building:levels": "2"
      },
      "geometry": {
        "type": "Polygon",
        "coordinates": [
          [
            [
              75.7007824,
              31.2556017
            ],
            [
              75.7007842,
              31.2555009
            ],
            [
              75.7008351,
              31.2555016
            ],
            [
              75.7008332,
              31.2556024
            ],
            [
              75.7007824,
              31.2556017
            ]
          ]
        ]
      },
      "id": "way/422738894"
    },
    {
      "type": "Feature",
      "properties": {
        "@id": "way/422738980",
        "building": "yes",
        "building:levels": "1"
      },
      "geometry": {
        "type": "Polygon",
        "coordinates": [
          [
            [
              75.7078386,
              31.2574986
            ],
            [
              75.7078351,
              31.2573072
            ],
            [
              75.7079545,
              31.2573056
            ],
            [
              75.707958,
              31.257497
            ],
            [
              75.7078386,
              31.2574986
            ]
          ]
        ]
      },
      "id": "way/422738980"
    },
    {
      "type": "Feature",
      "properties": {
        "@id": "way/422738981",
        "building": "yes",
        "building:levels": "1"
      },
      "geometry": {
        "type": "Polygon",
        "coordinates": [
          [
            [
              75.7081104,
              31.2576461
            ],
            [
              75.7081216,
              31.2576129
            ],
            [
              75.7084525,
              31.2576948
            ],
            [
              75.7084412,
              31.2577281
            ],
            [
              75.7081104,
              31.2576461
            ]
          ]
        ]
      },
      "id": "way/422738981"
    },
    {
      "type": "Feature",
      "properties": {
        "@id": "way/422820537",
        "building": "yes",
        "building:levels": "1"
      },
      "geometry": {
        "type": "Polygon",
        "coordinates": [
          [
            [
              75.7000367,
              31.2504646
            ],
            [
              75.7000354,
              31.2504222
            ],
            [
              75.7005329,
              31.2504337
            ],
            [
              75.7005316,
              31.2504715
            ],
            [
              75.7000367,
              31.2504646
            ]
          ]
        ]
      },
      "id": "way/422820537"
    },
    {
      "type": "Feature",
      "properties": {
        "@id": "way/422820538",
        "building": "yes",
        "building:levels": "1"
      },
      "geometry": {
        "type": "Polygon",
        "coordinates": [
          [
            [
              75.7005249,
              31.2507157
            ],
            [
              75.7005329,
              31.2505117
            ],
            [
              75.7005812,
              31.2505128
            ],
            [
              75.7005705,
              31.250718
            ],
            [
              75.7005249,
              31.2507157
            ]
          ]
        ]
      },
      "id": "way/422820538"
    },
    {
      "type": "Feature",
      "properties": {
        "@id": "way/422820545",
        "building": "yes",
        "building:levels": "3"
      },
      "geometry": {
        "type": "Polygon",
        "coordinates": [
          [
            [
              75.7035372,
              31.2494658
            ],
            [
              75.7035395,
              31.249319
            ],
            [
              75.7036237,
              31.24932
            ],
            [
              75.7036247,
              31.2492565
            ],
            [
              75.7041029,
              31.2492619
            ],
            [
              75.7041009,
              31.2493909
            ],
            [
              75.7039406,
              31.249389
            ],
            [
              75.7039393,
              31.2494704
            ],
            [
              75.7035372,
              31.2494658
            ]
          ]
        ]
      },
      "id": "way/422820545"
    },
    {
      "type": "Feature",
      "properties": {
        "@id": "way/422823418",
        "building": "yes",
        "building:levels": "2"
      },
      "geometry": {
        "type": "Polygon",
        "coordinates": [
          [
            [
              75.704579,
              31.2510471
            ],
            [
              75.7045786,
              31.2510146
            ],
            [
              75.7046423,
              31.2510141
            ],
            [
              75.7046417,
              31.2509654
            ],
            [
              75.7049921,
              31.2509622
            ],
            [
              75.7049931,
              31.2510433
            ],
            [
              75.7049611,
              31.2510436
            ],
            [
              75.7046983,
              31.251046
            ],
            [
              75.704579,
              31.2510471
            ]
          ]
        ]
      },
      "id": "way/422823418"
    },
    {
      "type": "Feature",
      "properties": {
        "@id": "way/422823419",
        "building": "yes",
        "building:levels": "1"
      },
      "geometry": {
        "type": "Polygon",
        "coordinates": [
          [
            [
              75.7046983,
              31.251046
            ],
            [
              75.7049611,
              31.2510436
            ],
            [
              75.7049613,
              31.2510757
            ],
            [
              75.7047011,
              31.251078
            ],
            [
              75.7046983,
              31.251046
            ]
          ]
        ]
      },
      "id": "way/422823419"
    },
    {
      "type": "Feature",
      "properties": {
        "@id": "way/422823420",
        "building": "yes",
        "building:levels": "10"
      },
      "geometry": {
        "type": "Polygon",
        "coordinates": [
          [
            [
              75.7046103,
              31.2514314
            ],
            [
              75.7046068,
              31.2512953
            ],
            [
              75.7048248,
              31.2512912
            ],
            [
              75.7048283,
              31.2514257
            ],
            [
              75.7049519,
              31.2514234
            ],
            [
              75.7049578,
              31.2516554
            ],
            [
              75.7047688,
              31.2516589
            ],
            [
              75.7047712,
              31.251752
            ],
            [
              75.7049687,
              31.2517483
            ],
            [
              75.7049745,
              31.2519723
            ],
            [
              75.7047778,
              31.251976
            ],
            [
              75.7047808,
              31.2520922
            ],
            [
              75.7049891,
              31.2520883
            ],
            [
              75.7050012,
              31.2525443
            ],
            [
              75.7049358,
              31.2525447
            ],
            [
              75.7048151,
              31.2525467
            ],
            [
              75.704743,
              31.2525484
            ],
            [
              75.7047432,
              31.2524337
            ],
            [
              75.7046436,
              31.2524349
            ],
            [
              75.7046463,
              31.2523402
            ],
            [
              75.7044189,
              31.2523489
            ],
            [
              75.7044127,
              31.2521065
            ],
            [
              75.704604,
              31.2521029
            ],
            [
              75.704601,
              31.2519866
            ],
            [
              75.7044281,
              31.2519899
            ],
            [
              75.7044219,
              31.2517474
            ],
            [
              75.7046028,
              31.251744
            ],
            [
              75.7046009,
              31.2516705
            ],
            [
              75.7044117,
              31.2516741
            ],
            [
              75.7044056,
              31.2514352
            ],
            [
              75.7046103,
              31.2514314
            ]
          ]
        ]
      },
      "id": "way/422823420"
    },
    {
      "type": "Feature",
      "properties": {
        "@id": "way/422823421",
        "building": "yes",
        "building:levels": "10",
        "layer": "1"
      },
      "geometry": {
        "type": "Polygon",
        "coordinates": [
          [
            [
              75.7023153,
              31.2527749
            ],
            [
              75.7023067,
              31.2526224
            ],
            [
              75.70255,
              31.2524722
            ],
            [
              75.7025513,
              31.2526089
            ],
            [
              75.7026955,
              31.2526079
            ],
            [
              75.702694,
              31.2524576
            ],
            [
              75.7029691,
              31.2524556
            ],
            [
              75.7029705,
              31.2525965
            ],
            [
              75.7031207,
              31.2525954
            ],
            [
              75.7031192,
              31.2524476
            ],
            [
              75.7033992,
              31.2524455
            ],
            [
              75.7034006,
              31.2525843
            ],
            [
              75.7035436,
              31.2525833
            ],
            [
              75.7035421,
              31.252433
            ],
            [
              75.7038184,
              31.252431
            ],
            [
              75.7038199,
              31.2525789
            ],
            [
              75.7039451,
              31.252578
            ],
            [
              75.7039436,
              31.2524277
            ],
            [
              75.7041298,
              31.2524263
            ],
            [
              75.7043685,
              31.2528964
            ],
            [
              75.7039482,
              31.252905
            ],
            [
              75.7039435,
              31.252737
            ],
            [
              75.7038361,
              31.2527392
            ],
            [
              75.7038408,
              31.2529083
            ],
            [
              75.7035157,
              31.252915
            ],
            [
              75.7035105,
              31.2527313
            ],
            [
              75.703419,
              31.2527332
            ],
            [
              75.7034242,
              31.2529164
            ],
            [
              75.7031038,
              31.252923
            ],
            [
              75.7030989,
              31.2527484
            ],
            [
              75.7030046,
              31.2527504
            ],
            [
              75.7030095,
              31.2529243
            ],
            [
              75.7026763,
              31.2529312
            ],
            [
              75.7026715,
              31.2527631
            ],
            [
              75.702553,
              31.2527655
            ],
            [
              75.7025522,
              31.2527885
            ],
            [
              75.7023153,
              31.2527749
            ]
          ]
        ]
      },
      "id": "way/422823421"
    },
    {
      "type": "Feature",
      "properties": {
        "@id": "way/422823422",
        "building": "yes",
        "building:levels": "6"
      },
      "geometry": {
        "type": "Polygon",
        "coordinates": [
          [
            [
              75.7023153,
              31.2527749
            ],
            [
              75.7025522,
              31.2527885
            ],
            [
              75.702559,
              31.2529224
            ],
            [
              75.7023158,
              31.2529074
            ],
            [
              75.7023153,
              31.2527749
            ]
          ]
        ]
      },
      "id": "way/422823422"
    },
    {
      "type": "Feature",
      "properties": {
        "@id": "way/422823423",
        "building": "yes",
        "building:levels": "10",
        "layer": "1"
      },
      "geometry": {
        "type": "Polygon",
        "coordinates": [
          [
            [
              75.7042773,
              31.2524332
            ],
            [
              75.7046436,
              31.2524349
            ],
            [
              75.7047432,
              31.2524337
            ],
            [
              75.704743,
              31.2525484
            ],
            [
              75.7047445,
              31.2525929
            ],
            [
              75.7047541,
              31.2528882
            ],
            [
              75.7045107,
              31.2528941
            ],
            [
              75.7042773,
              31.2524332
            ]
          ]
        ]
      },
      "id": "way/422823423"
    },
    {
      "type": "Feature",
      "properties": {
        "@id": "way/422823424",
        "building": "yes",
        "building:levels": "6"
      },
      "geometry": {
        "type": "Polygon",
        "coordinates": [
          [
            [
              75.7047541,
              31.2528882
            ],
            [
              75.7047445,
              31.2525929
            ],
            [
              75.704743,
              31.2525484
            ],
            [
              75.7048151,
              31.2525467
            ],
            [
              75.7048162,
              31.2525792
            ],
            [
              75.7048199,
              31.2526923
            ],
            [
              75.7048229,
              31.2527841
            ],
            [
              75.7048249,
              31.2528438
            ],
            [
              75.7048263,
              31.2528865
            ],
            [
              75.7047541,
              31.2528882
            ]
          ]
        ]
      },
      "id": "way/422823424"
    },
    {
      "type": "Feature",
      "properties": {
        "@id": "way/422823425",
        "building": "yes",
        "building:levels": "6"
      },
      "geometry": {
        "type": "Polygon",
        "coordinates": [
          [
            [
              75.704939,
              31.2528856
            ],
            [
              75.7049386,
              31.2528436
            ],
            [
              75.704938,
              31.2527817
            ],
            [
              75.7049372,
              31.25269
            ],
            [
              75.7049361,
              31.252577
            ],
            [
              75.7049358,
              31.2525447
            ],
            [
              75.7050012,
              31.2525443
            ],
            [
              75.7050016,
              31.2525886
            ],
            [
              75.7050044,
              31.2528829
            ],
            [
              75.704939,
              31.2528856
            ]
          ]
        ]
      },
      "id": "way/422823425"
    },
    {
      "type": "Feature",
      "properties": {
        "@id": "way/422823426",
        "building": "yes",
        "building:levels": "1"
      },
      "geometry": {
        "type": "Polygon",
        "coordinates": [
          [
            [
              75.7048249,
              31.2528438
            ],
            [
              75.7048229,
              31.2527841
            ],
            [
              75.7048199,
              31.2526923
            ],
            [
              75.7048162,
              31.2525792
            ],
            [
              75.7048151,
              31.2525467
            ],
            [
              75.7049358,
              31.2525447
            ],
            [
              75.7049361,
              31.252577
            ],
            [
              75.7049372,
              31.25269
            ],
            [
              75.704938,
              31.2527817
            ],
            [
              75.7049386,
              31.2528436
            ],
            [
              75.7048249,
              31.2528438
            ]
          ]
        ]
      },
      "id": "way/422823426"
    },
    {
      "type": "Feature",
      "properties": {
        "@id": "way/422823427",
        "building": "yes",
        "building:levels": "3"
      },
      "geometry": {
        "type": "Polygon",
        "coordinates": [
          [
            [
              75.7048229,
              31.2527841
            ],
            [
              75.7048199,
              31.2526923
            ],
            [
              75.7048162,
              31.2525792
            ],
            [
              75.7048151,
              31.2525467
            ],
            [
              75.7049358,
              31.2525447
            ],
            [
              75.7049361,
              31.252577
            ],
            [
              75.7049372,
              31.25269
            ],
            [
              75.704938,
              31.2527817
            ],
            [
              75.7048229,
              31.2527841
            ]
          ]
        ]
      },
      "id": "way/422823427"
    },
    {
      "type": "Feature",
      "properties": {
        "@id": "way/422823428",
        "building": "yes",
        "building:levels": "5"
      },
      "geometry": {
        "type": "Polygon",
        "coordinates": [
          [
            [
              75.7048199,
              31.2526923
            ],
            [
              75.7048162,
              31.2525792
            ],
            [
              75.7048151,
              31.2525467
            ],
            [
              75.7049358,
              31.2525447
            ],
            [
              75.7049361,
              31.252577
            ],
            [
              75.7049372,
              31.25269
            ],
            [
              75.7048199,
              31.2526923
            ]
          ]
        ]
      },
      "id": "way/422823428"
    },
    {
      "type": "Feature",
      "properties": {
        "@id": "way/422823430",
        "building": "yes",
        "building:levels": "4"
      },
      "geometry": {
        "type": "Polygon",
        "coordinates": [
          [
            [
              75.705342,
              31.2512997
            ],
            [
              75.7053375,
              31.2507584
            ],
            [
              75.7061153,
              31.2507496
            ],
            [
              75.7061264,
              31.2512932
            ],
            [
              75.705342,
              31.2512997
            ]
          ]
        ]
      },
      "id": "way/422823430"
    },
    {
      "type": "Feature",
      "properties": {
        "@id": "way/422823431",
        "building": "yes",
        "building:levels": "4",
        "building:min_level": "3.75"
      },
      "geometry": {
        "type": "Polygon",
        "coordinates": [
          [
            [
              75.7041409,
              31.2553816
            ],
            [
              75.7041404,
              31.255316
            ],
            [
              75.7041348,
              31.2546212
            ],
            [
              75.7041343,
              31.2545561
            ],
            [
              75.7041995,
              31.2545557
            ],
            [
              75.7047843,
              31.2545523
            ],
            [
              75.7048486,
              31.2545519
            ],
            [
              75.7049056,
              31.2546168
            ],
            [
              75.7052731,
              31.2550358
            ],
            [
              75.7053153,
              31.2550839
            ],
            [
              75.7053158,
              31.2551463
            ],
            [
              75.7053171,
              31.2553069
            ],
            [
              75.7053176,
              31.2553747
            ],
            [
              75.7052455,
              31.2553751
            ],
            [
              75.7042021,
              31.2553812
            ],
            [
              75.7041409,
              31.2553816
            ]
          ]
        ]
      },
      "id": "way/422823431"
    },
    {
      "type": "Feature",
      "properties": {
        "@id": "way/422823980",
        "building": "yes",
        "building:levels": "2"
      },
      "geometry": {
        "type": "Polygon",
        "coordinates": [
          [
            [
              75.7075612,
              31.2593772
            ],
            [
              75.7075907,
              31.2592121
            ],
            [
              75.7077791,
              31.2592044
            ],
            [
              75.7077891,
              31.2592989
            ],
            [
              75.7078677,
              31.2592928
            ],
            [
              75.7078847,
              31.2593234
            ],
            [
              75.7079712,
              31.2593264
            ],
            [
              75.7079689,
              31.2593726
            ],
            [
              75.7075612,
              31.2593772
            ]
          ]
        ]
      },
      "id": "way/422823980"
    },
    {
      "type": "Feature",
      "properties": {
        "@id": "way/422823981",
        "building": "yes",
        "building:levels": "2"
      },
      "geometry": {
        "type": "Polygon",
        "coordinates": [
          [
            [
              75.7088853,
              31.259469
            ],
            [
              75.7088451,
              31.25943
            ],
            [
              75.7089255,
              31.2593612
            ],
            [
              75.7089497,
              31.2593291
            ],
            [
              75.7088719,
              31.2592901
            ],
            [
              75.7089228,
              31.2592007
            ],
            [
              75.7090596,
              31.2592626
            ],
            [
              75.7090382,
              31.2593154
            ],
            [
              75.708947,
              31.2594369
            ],
            [
              75.7088853,
              31.259469
            ]
          ]
        ]
      },
      "id": "way/422823981"
    },
    {
      "type": "Feature",
      "properties": {
        "@id": "way/422886524",
        "building": "yes",
        "building:levels": "5"
      },
      "geometry": {
        "type": "Polygon",
        "coordinates": [
          [
            [
              75.7028931,
              31.2513276
            ],
            [
              75.7029165,
              31.2513323
            ],
            [
              75.7029165,
              31.2513707
            ],
            [
              75.7029013,
              31.2514069
            ],
            [
              75.7028726,
              31.2514366
            ],
            [
              75.7028338,
              31.2514561
            ],
            [
              75.7027896,
              31.2514633
            ],
            [
              75.7027452,
              31.2514573
            ],
            [
              75.7027058,
              31.2514387
            ],
            [
              75.702676,
              31.2514098
            ],
            [
              75.7026603,
              31.2513771
            ],
            [
              75.7026573,
              31.2513419
            ],
            [
              75.7026673,
              31.2513076
            ],
            [
              75.7026893,
              31.2512777
            ],
            [
              75.7027211,
              31.2512551
            ],
            [
              75.7027596,
              31.2512422
            ],
            [
              75.7028008,
              31.2512402
            ],
            [
              75.7028408,
              31.2512492
            ],
            [
              75.7028754,
              31.2512685
            ],
            [
              75.7029013,
              31.2512961
            ],
            [
              75.7028772,
              31.2512983
            ],
            [
              75.7028524,
              31.2512764
            ],
            [
              75.7028208,
              31.2512625
            ],
            [
              75.7027856,
              31.2512581
            ],
            [
              75.7027505,
              31.2512636
            ],
            [
              75.7027195,
              31.2512785
            ],
            [
              75.7026957,
              31.2513011
            ],
            [
              75.7026818,
              31.2513292
            ],
            [
              75.7026792,
              31.2513595
            ],
            [
              75.7026882,
              31.251389
            ],
            [
              75.7027082,
              31.2514146
            ],
            [
              75.7027368,
              31.2514333
            ],
            [
              75.702771,
              31.251443
            ],
            [
              75.7028071,
              31.2514425
            ],
            [
              75.702841,
              31.251432
            ],
            [
              75.702869,
              31.2514127
            ],
            [
              75.7028881,
              31.2513865
            ],
            [
              75.7028961,
              31.2513565
            ],
            [
              75.7028931,
              31.2513276
            ]
          ]
        ]
      },
      "id": "way/422886524"
    },
    {
      "type": "Feature",
      "properties": {
        "@id": "way/422886525",
        "building": "yes",
        "building:levels": "5"
      },
      "geometry": {
        "type": "Polygon",
        "coordinates": [
          [
            [
              75.7028858,
              31.2513141
            ],
            [
              75.7028772,
              31.2512983
            ],
            [
              75.7029013,
              31.2512961
            ],
            [
              75.7029165,
              31.2513323
            ],
            [
              75.7028931,
              31.2513276
            ],
            [
              75.7028155,
              31.2513464
            ],
            [
              75.7028146,
              31.251353
            ],
            [
              75.7028112,
              31.251359
            ],
            [
              75.7028057,
              31.2513637
            ],
            [
              75.7027986,
              31.2513665
            ],
            [
              75.7027908,
              31.2513671
            ],
            [
              75.7027833,
              31.2513654
            ],
            [
              75.7027768,
              31.2513617
            ],
            [
              75.7027725,
              31.2513567
            ],
            [
              75.7027701,
              31.2513508
            ],
            [
              75.7027701,
              31.2513446
            ],
            [
              75.7027724,
              31.2513387
            ],
            [
              75.7027767,
              31.2513337
            ],
            [
              75.7027826,
              31.2513301
            ],
            [
              75.7027896,
              31.2513283
            ],
            [
              75.7027968,
              31.2513284
            ],
            [
              75.7028037,
              31.2513305
            ],
            [
              75.7028094,
              31.2513343
            ],
            [
              75.7028858,
              31.2513141
            ]
          ]
        ]
      },
      "id": "way/422886525"
    },
    {
      "type": "Feature",
      "properties": {
        "@id": "way/422886526",
        "building": "yes",
        "building:levels": "5"
      },
      "geometry": {
        "type": "Polygon",
        "coordinates": [
          [
            [
              75.7030439,
              31.2515587
            ],
            [
              75.7030567,
              31.2515706
            ],
            [
              75.7030433,
              31.2515933
            ],
            [
              75.7030217,
              31.2516109
            ],
            [
              75.7029944,
              31.2516212
            ],
            [
              75.7029647,
              31.2516231
            ],
            [
              75.702936,
              31.2516163
            ],
            [
              75.7029116,
              31.2516016
            ],
            [
              75.7028944,
              31.2515808
            ],
            [
              75.7028867,
              31.251558
            ],
            [
              75.7028877,
              31.2515343
            ],
            [
              75.7028974,
              31.2515121
            ],
            [
              75.7029147,
              31.2514936
            ],
            [
              75.702938,
              31.2514807
            ],
            [
              75.7029648,
              31.2514746
            ],
            [
              75.7029924,
              31.2514761
            ],
            [
              75.7030182,
              31.2514849
            ],
            [
              75.7030394,
              31.2515002
            ],
            [
              75.7030539,
              31.2515204
            ],
            [
              75.7030604,
              31.2515453
            ],
            [
              75.7030436,
              31.2515383
            ],
            [
              75.7030357,
              31.2515191
            ],
            [
              75.7030208,
              31.251503
            ],
            [
              75.7030006,
              31.251492
            ],
            [
              75.7029772,
              31.2514872
            ],
            [
              75.7029533,
              31.2514891
            ],
            [
              75.7029314,
              31.2514977
            ],
            [
              75.702914,
              31.2515118
            ],
            [
              75.702903,
              31.25153
            ],
            [
              75.7029012,
              31.2515379
            ],
            [
              75.7028999,
              31.2515523
            ],
            [
              75.7029039,
              31.2515705
            ],
            [
              75.7029157,
              31.2515882
            ],
            [
              75.7029335,
              31.2516017
            ],
            [
              75.7029555,
              31.2516096
            ],
            [
              75.7029793,
              31.2516109
            ],
            [
              75.7030023,
              31.2516056
            ],
            [
              75.703022,
              31.2515942
            ],
            [
              75.7030364,
              31.251578
            ],
            [
              75.7030439,
              31.2515587
            ]
          ]
        ]
      },
      "id": "way/422886526"
    },
    {
      "type": "Feature",
      "properties": {
        "@id": "way/422886527",
        "building": "yes",
        "building:levels": "5"
      },
      "geometry": {
        "type": "Polygon",
        "coordinates": [
          [
            [
              75.7030436,
              31.2515383
            ],
            [
              75.7030604,
              31.2515453
            ],
            [
              75.7030567,
              31.2515706
            ],
            [
              75.7030439,
              31.2515587
            ],
            [
              75.7030438,
              31.2515524
            ],
            [
              75.7030436,
              31.2515383
            ]
          ]
        ]
      },
      "id": "way/422886527"
    },
    {
      "type": "Feature",
      "properties": {
        "@id": "way/422886528",
        "building": "yes",
        "building:levels": "5"
      },
      "geometry": {
        "type": "Polygon",
        "coordinates": [
          [
            [
              75.7028533,
              31.2515571
            ],
            [
              75.7028688,
              31.2515688
            ],
            [
              75.7028567,
              31.2515909
            ],
            [
              75.702837,
              31.2516085
            ],
            [
              75.7028118,
              31.2516199
            ],
            [
              75.7027837,
              31.2516239
            ],
            [
              75.7027555,
              31.2516201
            ],
            [
              75.7027302,
              31.2516089
            ],
            [
              75.7027104,
              31.2515913
            ],
            [
              75.7026977,
              31.2515682
            ],
            [
              75.7026947,
              31.2515427
            ],
            [
              75.7027017,
              31.2515179
            ],
            [
              75.702718,
              31.2514964
            ],
            [
              75.7027417,
              31.2514808
            ],
            [
              75.7027702,
              31.2514728
            ],
            [
              75.7028001,
              31.2514733
            ],
            [
              75.7028281,
              31.2514823
            ],
            [
              75.702851,
              31.2514987
            ],
            [
              75.7028663,
              31.2515207
            ],
            [
              75.7028722,
              31.2515446
            ],
            [
              75.7028532,
              31.2515371
            ],
            [
              75.7028455,
              31.2515183
            ],
            [
              75.7028308,
              31.2515023
            ],
            [
              75.7028086,
              31.2514909
            ],
            [
              75.7027877,
              31.2514866
            ],
            [
              75.7027641,
              31.2514886
            ],
            [
              75.7027425,
              31.2514971
            ],
            [
              75.7027253,
              31.2515111
            ],
            [
              75.7027146,
              31.2515292
            ],
            [
              75.7027132,
              31.2515376
            ],
            [
              75.7027113,
              31.2515494
            ],
            [
              75.702712,
              31.2515523
            ],
            [
              75.702716,
              31.2515693
            ],
            [
              75.7027277,
              31.2515865
            ],
            [
              75.7027453,
              31.2515996
            ],
            [
              75.7027669,
              31.2516071
            ],
            [
              75.7027902,
              31.2516083
            ],
            [
              75.7028126,
              31.251603
            ],
            [
              75.7028319,
              31.2515919
            ],
            [
              75.702846,
              31.251576
            ],
            [
              75.7028533,
              31.2515571
            ]
          ]
        ]
      },
      "id": "way/422886528"
    },
    {
      "type": "Feature",
      "properties": {
        "@id": "way/422886529",
        "building": "yes",
        "building:levels": "5"
      },
      "geometry": {
        "type": "Polygon",
        "coordinates": [
          [
            [
              75.7028533,
              31.2515571
            ],
            [
              75.7028533,
              31.2515524
            ],
            [
              75.7028532,
              31.2515371
            ],
            [
              75.7028722,
              31.2515446
            ],
            [
              75.7028688,
              31.2515688
            ],
            [
              75.7028533,
              31.2515571
            ]
          ]
        ]
      },
      "id": "way/422886529"
    },
    {
      "type": "Feature",
      "properties": {
        "@id": "way/422886530",
        "building": "yes",
        "building:levels": "5"
      },
      "geometry": {
        "type": "Polygon",
        "coordinates": [
          [
            [
              75.702712,
              31.2515523
            ],
            [
              75.7027113,
              31.2515494
            ],
            [
              75.7027132,
              31.2515376
            ],
            [
              75.7028532,
              31.2515371
            ],
            [
              75.7028533,
              31.2515524
            ],
            [
              75.702712,
              31.2515523
            ]
          ]
        ]
      },
      "id": "way/422886530"
    },
    {
      "type": "Feature",
      "properties": {
        "@id": "way/422886531",
        "building": "yes",
        "building:levels": "1"
      },
      "geometry": {
        "type": "Polygon",
        "coordinates": [
          [
            [
              75.7028652,
              31.2514551
            ],
            [
              75.7028822,
              31.2514404
            ],
            [
              75.7028991,
              31.2514548
            ],
            [
              75.7028821,
              31.2514694
            ],
            [
              75.7028652,
              31.2514551
            ]
          ]
        ]
      },
      "id": "way/422886531"
    },
    {
      "type": "Feature",
      "properties": {
        "@id": "way/422886532",
        "building": "yes",
        "building:levels": "1"
      },
      "geometry": {
        "type": "Polygon",
        "coordinates": [
          [
            [
              75.7029434,
              31.2513935
            ],
            [
              75.7029546,
              31.2513933
            ],
            [
              75.7029543,
              31.251422
            ],
            [
              75.7029734,
              31.2514222
            ],
            [
              75.7029733,
              31.2513929
            ],
            [
              75.7029847,
              31.2513927
            ],
            [
              75.7029847,
              31.2514221
            ],
            [
              75.7030004,
              31.2514223
            ],
            [
              75.7029998,
              31.2513925
            ],
            [
              75.7030132,
              31.2513925
            ],
            [
              75.7030133,
              31.2514217
            ],
            [
              75.7030305,
              31.2514219
            ],
            [
              75.7030307,
              31.2513921
            ],
            [
              75.7030451,
              31.2513917
            ],
            [
              75.7030449,
              31.2514211
            ],
            [
              75.7030575,
              31.2514212
            ],
            [
              75.7030575,
              31.2513915
            ],
            [
              75.7030691,
              31.2513912
            ],
            [
              75.703069,
              31.2514311
            ],
            [
              75.7029429,
              31.2514298
            ],
            [
              75.7029434,
              31.2513935
            ]
          ]
        ]
      },
      "id": "way/422886532"
    },
    {
      "type": "Feature",
      "properties": {
        "@id": "way/422886533",
        "building": "yes",
        "building:levels": "1"
      },
      "geometry": {
        "type": "Polygon",
        "coordinates": [
          [
            [
              75.7029434,
              31.2513935
            ],
            [
              75.7029432,
              31.2513831
            ],
            [
              75.7030689,
              31.2513808
            ],
            [
              75.7030691,
              31.2513912
            ],
            [
              75.7030575,
              31.2513915
            ],
            [
              75.7030451,
              31.2513917
            ],
            [
              75.7030307,
              31.2513921
            ],
            [
              75.7030132,
              31.2513925
            ],
            [
              75.7029998,
              31.2513925
            ],
            [
              75.7029847,
              31.2513927
            ],
            [
              75.7029733,
              31.2513929
            ],
            [
              75.7029546,
              31.2513933
            ],
            [
              75.7029434,
              31.2513935
            ]
          ]
        ]
      },
      "id": "way/422886533"
    },
    {
      "type": "Feature",
      "properties": {
        "@id": "way/422886535",
        "building": "yes",
        "building:levels": "1"
      },
      "geometry": {
        "type": "Polygon",
        "coordinates": [
          [
            [
              75.7031577,
              31.2514766
            ],
            [
              75.7031574,
              31.2514608
            ],
            [
              75.7031765,
              31.2514605
            ],
            [
              75.7031769,
              31.2514763
            ],
            [
              75.7031577,
              31.2514766
            ]
          ]
        ]
      },
      "id": "way/422886535"
    },
    {
      "type": "Feature",
      "properties": {
        "@id": "way/422886536",
        "building": "yes",
        "building:levels": "1"
      },
      "geometry": {
        "type": "Polygon",
        "coordinates": [
          [
            [
              75.7031187,
              31.251464
            ],
            [
              75.7031202,
              31.2514667
            ],
            [
              75.7031207,
              31.2514696
            ],
            [
              75.70312,
              31.2514726
            ],
            [
              75.7031181,
              31.2514751
            ],
            [
              75.7031154,
              31.251477
            ],
            [
              75.7031122,
              31.2514781
            ],
            [
              75.7031087,
              31.2514781
            ],
            [
              75.7031053,
              31.2514772
            ],
            [
              75.7031026,
              31.2514753
            ],
            [
              75.7031007,
              31.2514728
            ],
            [
              75.7030998,
              31.25147
            ],
            [
              75.7031001,
              31.2514672
            ],
            [
              75.7031014,
              31.2514645
            ],
            [
              75.7031036,
              31.2514624
            ],
            [
              75.7031066,
              31.2514609
            ],
            [
              75.7031099,
              31.2514604
            ],
            [
              75.7031132,
              31.2514607
            ],
            [
              75.7031163,
              31.251462
            ],
            [
              75.7031187,
              31.251464
            ]
          ]
        ]
      },
      "id": "way/422886536"
    },
    {
      "type": "Feature",
      "properties": {
        "@id": "way/422886537",
        "building": "yes",
        "building:levels": "3"
      },
      "geometry": {
        "type": "Polygon",
        "coordinates": [
          [
            [
              75.7031191,
              31.2513902
            ],
            [
              75.7031236,
              31.251392
            ],
            [
              75.7031271,
              31.2513949
            ],
            [
              75.7031293,
              31.2513985
            ],
            [
              75.7031301,
              31.2514025
            ],
            [
              75.7031293,
              31.2514065
            ],
            [
              75.703127,
              31.25141
            ],
            [
              75.7031236,
              31.2514128
            ],
            [
              75.7031193,
              31.2514145
            ],
            [
              75.7031146,
              31.2514149
            ],
            [
              75.7031099,
              31.251414
            ],
            [
              75.7031059,
              31.2514119
            ],
            [
              75.7031028,
              31.2514088
            ],
            [
              75.703101,
              31.2514049
            ],
            [
              75.7031009,
              31.2514007
            ],
            [
              75.7031023,
              31.2513967
            ],
            [
              75.7031053,
              31.2513933
            ],
            [
              75.7031094,
              31.2513909
            ],
            [
              75.7031142,
              31.2513899
            ],
            [
              75.7031191,
              31.2513902
            ]
          ]
        ]
      },
      "id": "way/422886537"
    },
    {
      "type": "Feature",
      "properties": {
        "@id": "way/422886538",
        "building": "yes",
        "building:levels": "2"
      },
      "geometry": {
        "type": "Polygon",
        "coordinates": [
          [
            [
              75.703166,
              31.2513902
            ],
            [
              75.7031695,
              31.2513918
            ],
            [
              75.7031723,
              31.2513942
            ],
            [
              75.703174,
              31.2513974
            ],
            [
              75.7031744,
              31.251401
            ],
            [
              75.7031734,
              31.2514044
            ],
            [
              75.7031712,
              31.2514073
            ],
            [
              75.7031679,
              31.2514095
            ],
            [
              75.703164,
              31.2514106
            ],
            [
              75.7031599,
              31.2514105
            ],
            [
              75.703156,
              31.2514093
            ],
            [
              75.7031528,
              31.2514071
            ],
            [
              75.7031507,
              31.251404
            ],
            [
              75.7031499,
              31.2514007
            ],
            [
              75.7031503,
              31.2513974
            ],
            [
              75.703152,
              31.2513943
            ],
            [
              75.7031547,
              31.2513919
            ],
            [
              75.7031582,
              31.2513903
            ],
            [
              75.7031621,
              31.2513897
            ],
            [
              75.703166,
              31.2513902
            ]
          ]
        ]
      },
      "id": "way/422886538"
    },
    {
      "type": "Feature",
      "properties": {
        "@id": "way/422886539",
        "building": "yes",
        "building:levels": "2"
      },
      "geometry": {
        "type": "Polygon",
        "coordinates": [
          [
            [
              75.7034116,
              31.2514505
            ],
            [
              75.7034155,
              31.2514582
            ],
            [
              75.7033425,
              31.2514889
            ],
            [
              75.7033391,
              31.2513954
            ],
            [
              75.7034984,
              31.2513914
            ],
            [
              75.7035001,
              31.2514227
            ],
            [
              75.7034246,
              31.2514544
            ],
            [
              75.7034207,
              31.2514466
            ],
            [
              75.70349,
              31.2514175
            ],
            [
              75.7034894,
              31.2514
            ],
            [
              75.7033491,
              31.2514035
            ],
            [
              75.7033515,
              31.2514757
            ],
            [
              75.7034116,
              31.2514505
            ]
          ]
        ]
      },
      "id": "way/422886539"
    },
    {
      "type": "Feature",
      "properties": {
        "@id": "way/422886540",
        "building": "yes",
        "building:levels": "2"
      },
      "geometry": {
        "type": "Polygon",
        "coordinates": [
          [
            [
              75.7034155,
              31.2514582
            ],
            [
              75.7034116,
              31.2514505
            ],
            [
              75.7034207,
              31.2514466
            ],
            [
              75.7034246,
              31.2514544
            ],
            [
              75.7034155,
              31.2514582
            ]
          ]
        ]
      },
      "id": "way/422886540"
    },
    {
      "type": "Feature",
      "properties": {
        "@id": "way/422886546",
        "building": "yes",
        "building:levels": "1"
      },
      "geometry": {
        "type": "Polygon",
        "coordinates": [
          [
            [
              75.7031876,
              31.2513873
            ],
            [
              75.7031954,
              31.2513874
            ],
            [
              75.7031951,
              31.2514156
            ],
            [
              75.7032295,
              31.2514158
            ],
            [
              75.7032299,
              31.2513873
            ],
            [
              75.7032398,
              31.2513874
            ],
            [
              75.7032394,
              31.2514155
            ],
            [
              75.7032744,
              31.2514158
            ],
            [
              75.7032747,
              31.2513874
            ],
            [
              75.7032839,
              31.2513874
            ],
            [
              75.7032836,
              31.2514162
            ],
            [
              75.7033202,
              31.2514165
            ],
            [
              75.7033206,
              31.2513876
            ],
            [
              75.7033288,
              31.2513876
            ],
            [
              75.7033284,
              31.2514233
            ],
            [
              75.7031872,
              31.2514221
            ],
            [
              75.7031876,
              31.2513873
            ]
          ]
        ]
      },
      "id": "way/422886546"
    },
    {
      "type": "Feature",
      "properties": {
        "@id": "way/422886547",
        "building": "yes",
        "building:levels": "1"
      },
      "geometry": {
        "type": "Polygon",
        "coordinates": [
          [
            [
              75.7031876,
              31.2513873
            ],
            [
              75.7031876,
              31.2513811
            ],
            [
              75.7033288,
              31.2513815
            ],
            [
              75.7033288,
              31.2513876
            ],
            [
              75.7033206,
              31.2513876
            ],
            [
              75.7032839,
              31.2513874
            ],
            [
              75.7032747,
              31.2513874
            ],
            [
              75.7032398,
              31.2513874
            ],
            [
              75.7032299,
              31.2513873
            ],
            [
              75.7031954,
              31.2513874
            ],
            [
              75.7031876,
              31.2513873
            ]
          ]
        ]
      },
      "id": "way/422886547"
    },
    {
      "type": "Feature",
      "properties": {
        "@id": "way/422886551",
        "building": "yes",
        "building:levels": "4"
      },
      "geometry": {
        "type": "Polygon",
        "coordinates": [
          [
            [
              75.7027526,
              31.2517063
            ],
            [
              75.7027629,
              31.2517114
            ],
            [
              75.7027481,
              31.2517217
            ],
            [
              75.7027302,
              31.2517273
            ],
            [
              75.702711,
              31.2517274
            ],
            [
              75.702693,
              31.2517221
            ],
            [
              75.702678,
              31.251712
            ],
            [
              75.7026682,
              31.2516989
            ],
            [
              75.7026638,
              31.2516838
            ],
            [
              75.7026652,
              31.2516683
            ],
            [
              75.7026723,
              31.251654
            ],
            [
              75.7026843,
              31.2516424
            ],
            [
              75.7027,
              31.2516346
            ],
            [
              75.7027177,
              31.2516315
            ],
            [
              75.7027358,
              31.2516333
            ],
            [
              75.7027522,
              31.2516399
            ],
            [
              75.7027653,
              31.2516507
            ],
            [
              75.702774,
              31.2516652
            ],
            [
              75.7027766,
              31.2516814
            ],
            [
              75.7027728,
              31.2516974
            ],
            [
              75.7027609,
              31.251696
            ],
            [
              75.7027649,
              31.2516839
            ],
            [
              75.7027642,
              31.2516714
            ],
            [
              75.7027587,
              31.2516597
            ],
            [
              75.702749,
              31.25165
            ],
            [
              75.7027361,
              31.2516436
            ],
            [
              75.7027214,
              31.2516411
            ],
            [
              75.7027066,
              31.2516429
            ],
            [
              75.7026933,
              31.2516487
            ],
            [
              75.702683,
              31.2516579
            ],
            [
              75.7026767,
              31.2516696
            ],
            [
              75.7026753,
              31.2516823
            ],
            [
              75.7026788,
              31.2516947
            ],
            [
              75.7026868,
              31.2517055
            ],
            [
              75.7026983,
              31.2517133
            ],
            [
              75.7027122,
              31.2517175
            ],
            [
              75.7027268,
              31.2517177
            ],
            [
              75.7027408,
              31.2517138
            ],
            [
              75.7027526,
              31.2517063
            ]
          ]
        ]
      },
      "id": "way/422886551"
    },
    {
      "type": "Feature",
      "properties": {
        "@id": "way/422886552",
        "building": "yes",
        "building:levels": "4"
      },
      "geometry": {
        "type": "Polygon",
        "coordinates": [
          [
            [
              75.7027526,
              31.2517063
            ],
            [
              75.7027609,
              31.251696
            ],
            [
              75.7027728,
              31.2516974
            ],
            [
              75.7027629,
              31.2517114
            ],
            [
              75.7027526,
              31.2517063
            ]
          ]
        ]
      },
      "id": "way/422886552"
    },
    {
      "type": "Feature",
      "properties": {
        "@id": "way/425699179",
        "building": "yes",
        "building:levels": "4"
      },
      "geometry": {
        "type": "Polygon",
        "coordinates": [
          [
            [
              75.7039977,
              31.2553722
            ],
            [
              75.7039951,
              31.2550283
            ],
            [
              75.7040943,
              31.2550283
            ],
            [
              75.7040997,
              31.2553676
            ],
            [
              75.7039977,
              31.2553722
            ]
          ]
        ]
      },
      "id": "way/425699179"
    },
    {
      "type": "Feature",
      "properties": {
        "@id": "way/425716257",
        "building": "yes",
        "building:levels": "10"
      },
      "geometry": {
        "type": "Polygon",
        "coordinates": [
          [
            [
              75.7055141,
              31.2568012
            ],
            [
              75.7056574,
              31.2568035
            ],
            [
              75.705639,
              31.25682
            ],
            [
              75.7055404,
              31.2568203
            ],
            [
              75.7055141,
              31.2568012
            ]
          ]
        ]
      },
      "id": "way/425716257"
    },
    {
      "type": "Feature",
      "properties": {
        "@id": "way/425716258",
        "building": "yes",
        "building:levels": "10"
      },
      "geometry": {
        "type": "Polygon",
        "coordinates": [
          [
            [
              75.7055469,
              31.2570933
            ],
            [
              75.7056482,
              31.2570935
            ],
            [
              75.705665,
              31.2571078
            ],
            [
              75.7055279,
              31.2571091
            ],
            [
              75.7055469,
              31.2570933
            ]
          ]
        ]
      },
      "id": "way/425716258"
    },
    {
      "type": "Feature",
      "properties": {
        "@id": "way/425716259",
        "building": "yes",
        "building:levels": "10"
      },
      "geometry": {
        "type": "Polygon",
        "coordinates": [
          [
            [
              75.7057624,
              31.2569947
            ],
            [
              75.705755,
              31.2569239
            ],
            [
              75.705772,
              31.2569086
            ],
            [
              75.7057829,
              31.2570106
            ],
            [
              75.7057624,
              31.2569947
            ]
          ]
        ]
      },
      "id": "way/425716259"
    },
    {
      "type": "Feature",
      "properties": {
        "@id": "way/425717556",
        "building": "yes"
      },
      "geometry": {
        "type": "Polygon",
        "coordinates": [
          [
            [
              75.706767,
              31.2561695
            ],
            [
              75.7069808,
              31.2561679
            ],
            [
              75.7069805,
              31.2562271
            ],
            [
              75.706768,
              31.2562297
            ],
            [
              75.706767,
              31.2561695
            ]
          ]
        ]
      },
      "id": "way/425717556"
    },
    {
      "type": "Feature",
      "properties": {
        "@id": "way/425717558",
        "building": "yes"
      },
      "geometry": {
        "type": "Polygon",
        "coordinates": [
          [
            [
              75.7069805,
              31.2562271
            ],
            [
              75.7069808,
              31.2561679
            ],
            [
              75.7070519,
              31.2561681
            ],
            [
              75.7070516,
              31.2562443
            ],
            [
              75.7069805,
              31.2562441
            ],
            [
              75.7069805,
              31.2562271
            ]
          ]
        ]
      },
      "id": "way/425717558"
    },
    {
      "type": "Feature",
      "properties": {
        "@id": "way/426283204",
        "building": "yes",
        "building:levels": "7",
        "building:min_level": "6"
      },
      "geometry": {
        "type": "Polygon",
        "coordinates": [
          [
            [
              75.7067772,
              31.2579954
            ],
            [
              75.7068615,
              31.2579944
            ],
            [
              75.7068645,
              31.2581783
            ],
            [
              75.7068652,
              31.2582533
            ],
            [
              75.7067809,
              31.2582539
            ],
            [
              75.7067802,
              31.2581812
            ],
            [
              75.7067772,
              31.2579954
            ]
          ]
        ]
      },
      "id": "way/426283204"
    },
    {
      "type": "Feature",
      "properties": {
        "@id": "way/426284154",
        "building": "roof",
        "roof:levels": "9",
        "roof:shape": "skillion"
      },
      "geometry": {
        "type": "Polygon",
        "coordinates": [
          [
            [
              75.704743,
              31.2525484
            ],
            [
              75.7050012,
              31.2525443
            ],
            [
              75.7050016,
              31.2525886
            ],
            [
              75.7047445,
              31.2525929
            ],
            [
              75.704743,
              31.2525484
            ]
          ]
        ]
      },
      "id": "way/426284154"
    },
    {
      "type": "Feature",
      "properties": {
        "@id": "way/426285002",
        "building": "yes",
        "building:levels": "3",
        "building:min_level": "2.5"
      },
      "geometry": {
        "type": "Polygon",
        "coordinates": [
          [
            [
              75.7075624,
              31.2602994
            ],
            [
              75.7073496,
              31.2604114
            ],
            [
              75.7073361,
              31.2603921
            ],
            [
              75.707506,
              31.2602994
            ],
            [
              75.7075624,
              31.2602994
            ]
          ]
        ]
      },
      "id": "way/426285002"
    },
    {
      "type": "Feature",
      "properties": {
        "@id": "way/426285004",
        "building": "yes",
        "building:levels": "3"
      },
      "geometry": {
        "type": "Polygon",
        "coordinates": [
          [
            [
              75.7073496,
              31.2604114
            ],
            [
              75.7073336,
              31.2604196
            ],
            [
              75.7073201,
              31.2604003
            ],
            [
              75.7073361,
              31.2603921
            ],
            [
              75.7073496,
              31.2604114
            ]
          ]
        ]
      },
      "id": "way/426285004"
    },
    {
      "type": "Feature",
      "properties": {
        "@id": "way/426529404",
        "building": "yes",
        "building:levels": "4"
      },
      "geometry": {
        "type": "Polygon",
        "coordinates": [
          [
            [
              75.7041409,
              31.2553816
            ],
            [
              75.7041404,
              31.255316
            ],
            [
              75.7042049,
              31.2553137
            ],
            [
              75.7042021,
              31.2553812
            ],
            [
              75.7041409,
              31.2553816
            ]
          ]
        ]
      },
      "id": "way/426529404"
    },
    {
      "type": "Feature",
      "properties": {
        "@id": "way/426529405",
        "building": "yes",
        "building:levels": "4"
      },
      "geometry": {
        "type": "Polygon",
        "coordinates": [
          [
            [
              75.7041343,
              31.2545561
            ],
            [
              75.7041995,
              31.2545557
            ],
            [
              75.7042049,
              31.254619
            ],
            [
              75.7041348,
              31.2546212
            ],
            [
              75.7041343,
              31.2545561
            ]
          ]
        ]
      },
      "id": "way/426529405"
    },
    {
      "type": "Feature",
      "properties": {
        "@id": "way/426529406",
        "building": "yes",
        "building:levels": "4"
      },
      "geometry": {
        "type": "Polygon",
        "coordinates": [
          [
            [
              75.7053176,
              31.2553747
            ],
            [
              75.7052455,
              31.2553751
            ],
            [
              75.7052429,
              31.2553068
            ],
            [
              75.7053171,
              31.2553069
            ],
            [
              75.7053176,
              31.2553747
            ]
          ]
        ]
      },
      "id": "way/426529406"
    },
    {
      "type": "Feature",
      "properties": {
        "@id": "way/426529407",
        "building": "yes",
        "building:levels": "4"
      },
      "geometry": {
        "type": "Polygon",
        "coordinates": [
          [
            [
              75.7048486,
              31.2545519
            ],
            [
              75.7049056,
              31.2546168
            ],
            [
              75.7047842,
              31.2546144
            ],
            [
              75.7047843,
              31.2545523
            ],
            [
              75.7048486,
              31.2545519
            ]
          ]
        ]
      },
      "id": "way/426529407"
    },
    {
      "type": "Feature",
      "properties": {
        "@id": "way/426529408",
        "building": "yes",
        "building:levels": "4"
      },
      "geometry": {
        "type": "Polygon",
        "coordinates": [
          [
            [
              75.7053153,
              31.2550839
            ],
            [
              75.7053158,
              31.2551463
            ],
            [
              75.7052456,
              31.2551142
            ],
            [
              75.7052731,
              31.2550358
            ],
            [
              75.7053153,
              31.2550839
            ]
          ]
        ]
      },
      "id": "way/426529408"
    },
    {
      "type": "Feature",
      "properties": {
        "@id": "way/426529781",
        "building": "roof",
        "roof:levels": "6",
        "roof:orientation": "across",
        "roof:shape": "skillion"
      },
      "geometry": {
        "type": "Polygon",
        "coordinates": [
          [
            [
              75.7070607,
              31.2581763
            ],
            [
              75.7070571,
              31.2578108
            ],
            [
              75.7070911,
              31.2578106
            ],
            [
              75.7070946,
              31.2581761
            ],
            [
              75.7070607,
              31.2581763
            ]
          ]
        ]
      },
      "id": "way/426529781"
    },
    {
      "type": "Feature",
      "properties": {
        "@id": "way/426530618",
        "building": "yes",
        "building:levels": "4"
      },
      "geometry": {
        "type": "Polygon",
        "coordinates": [
          [
            [
              75.7041123,
              31.2630188
            ],
            [
              75.7052576,
              31.2624273
            ],
            [
              75.7052845,
              31.2624616
            ],
            [
              75.7041955,
              31.2631151
            ],
            [
              75.7041123,
              31.2630188
            ]
          ]
        ]
      },
      "id": "way/426530618"
    },
    {
      "type": "Feature",
      "properties": {
        "@id": "way/427330237",
        "building": "yes",
        "building:levels": "2"
      },
      "geometry": {
        "type": "Polygon",
        "coordinates": [
          [
            [
              75.7077279,
              31.2579414
            ],
            [
              75.7083488,
              31.2584676
            ],
            [
              75.7082804,
              31.2585261
            ],
            [
              75.708145,
              31.2584103
            ],
            [
              75.7081262,
              31.2583965
            ],
            [
              75.7081074,
              31.2583954
            ],
            [
              75.70809,
              31.2583965
            ],
            [
              75.7080672,
              31.2583736
            ],
            [
              75.7078023,
              31.2581537
            ],
            [
              75.7076925,
              31.2581586
            ],
            [
              75.7076917,
              31.2581156
            ],
            [
              75.707693,
              31.2580595
            ],
            [
              75.707697,
              31.2580239
            ],
            [
              75.7077051,
              31.2579907
            ],
            [
              75.7077158,
              31.2579632
            ],
            [
              75.7077279,
              31.2579414
            ]
          ]
        ]
      },
      "id": "way/427330237"
    },
    {
      "type": "Feature",
      "properties": {
        "@id": "way/427330238",
        "building": "yes",
        "building:levels": "0.2"
      },
      "geometry": {
        "type": "Polygon",
        "coordinates": [
          [
            [
              75.7076455,
              31.2582807
            ],
            [
              75.7077281,
              31.258277
            ],
            [
              75.7077552,
              31.2582758
            ],
            [
              75.7077489,
              31.2581713
            ],
            [
              75.7080106,
              31.2583884
            ],
            [
              75.7079868,
              31.2583989
            ],
            [
              75.7079684,
              31.2584155
            ],
            [
              75.7079573,
              31.2584364
            ],
            [
              75.7079549,
              31.2584592
            ],
            [
              75.7079613,
              31.2584815
            ],
            [
              75.7079759,
              31.2585007
            ],
            [
              75.7079971,
              31.2585147
            ],
            [
              75.7079454,
              31.2585116
            ],
            [
              75.7078542,
              31.2584852
            ],
            [
              75.7078005,
              31.2584542
            ],
            [
              75.7077496,
              31.2584095
            ],
            [
              75.707704,
              31.2583648
            ],
            [
              75.7076664,
              31.2583155
            ],
            [
              75.7076455,
              31.2582807
            ]
          ]
        ]
      },
      "id": "way/427330238"
    },
    {
      "type": "Feature",
      "properties": {
        "@id": "way/427333650",
        "building": "yes",
        "building:levels": "2"
      },
      "geometry": {
        "type": "Polygon",
        "coordinates": [
          [
            [
              75.7049029,
              31.2530754
            ],
            [
              75.7049032,
              31.2530582
            ],
            [
              75.704926,
              31.2530585
            ],
            [
              75.7049257,
              31.2530757
            ],
            [
              75.7049029,
              31.2530754
            ]
          ]
        ]
      },
      "id": "way/427333650"
    },
    {
      "type": "Feature",
      "properties": {
        "@id": "way/491047754",
        "building": "yes",
        "building:levels": "5"
      },
      "geometry": {
        "type": "Polygon",
        "coordinates": [
          [
            [
              75.7030438,
              31.2515524
            ],
            [
              75.7028999,
              31.2515523
            ],
            [
              75.7029012,
              31.2515379
            ],
            [
              75.7030436,
              31.2515383
            ],
            [
              75.7030438,
              31.2515524
            ]
          ]
        ]
      },
      "id": "way/491047754"
    },
    {
      "type": "Feature",
      "properties": {
        "@id": "way/675395630",
        "building": "yes",
        "education": "educational_institution"
      },
      "geometry": {
        "type": "Polygon",
        "coordinates": [
          [
            [
              75.7030198,
              31.2553572
            ],
            [
              75.7030173,
              31.2551392
            ],
            [
              75.7031691,
              31.2551379
            ],
            [
              75.70317,
              31.2552177
            ],
            [
              75.7032664,
              31.2552169
            ],
            [
              75.7032652,
              31.2551174
            ],
            [
              75.7034363,
              31.255116
            ],
            [
              75.7034374,
              31.2552113
            ],
            [
              75.7035085,
              31.2552107
            ],
            [
              75.7035075,
              31.255118
            ],
            [
              75.7036958,
              31.2551164
            ],
            [
              75.7036986,
              31.2553662
            ],
            [
              75.703504,
              31.2553678
            ],
            [
              75.7035036,
              31.2553245
            ],
            [
              75.7033881,
              31.2553255
            ],
            [
              75.7033887,
              31.2553741
            ],
            [
              75.703319,
              31.2553746
            ],
            [
              75.7033185,
              31.2553269
            ],
            [
              75.7031842,
              31.255328
            ],
            [
              75.7031845,
              31.2553559
            ],
            [
              75.7031166,
              31.2553564
            ],
            [
              75.703067,
              31.2553568
            ],
            [
              75.7030198,
              31.2553572
            ]
          ]
        ]
      },
      "id": "way/675395630"
    },
    {
      "type": "Feature",
      "properties": {
        "@id": "way/1272962271",
        "addr:city": "Phagwara",
        "addr:district": "Jalandhar",
        "addr:postcode": "144411",
        "addr:street": "Near GK Apartment, Law Gate, LPU, Phagwara",
        "building": "yes",
        "drive_through": "yes"
      },
      "geometry": {
        "type": "Polygon",
        "coordinates": [
          [
            [
              75.694869,
              31.2541407
            ],
            [
              75.6949186,
              31.2539937
            ],
            [
              75.6951519,
              31.2539969
            ],
            [
              75.6951223,
              31.2541638
            ],
            [
              75.694869,
              31.2541407
            ]
          ]
        ]
      },
      "id": "way/1272962271"
    },
    {
      "type": "Feature",
      "properties": {
        "@id": "way/1299137613",
        "addr:city": "Phagwara",
        "addr:district": "kapurthala",
        "addr:postcode": "144411",
        "building": "apartments",
        "name": "Elem apartment",
        "tourism": "hostel"
      },
      "geometry": {
        "type": "Polygon",
        "coordinates": [
          [
            [
              75.6989962,
              31.2520496
            ],
            [
              75.6988966,
              31.2520424
            ],
            [
              75.6989095,
              31.2519558
            ],
            [
              75.6990123,
              31.2519574
            ],
            [
              75.6990024,
              31.2520047
            ],
            [
              75.6989962,
              31.2520496
            ]
          ]
        ]
      },
      "id": "way/1299137613"
    },
    {
      "type": "Feature",
      "properties": {
        "@id": "way/1299447331",
        "addr:city": "Phagwara",
        "addr:district": "kapurthala",
        "addr:housenumber": "nea diya apartemnt",
        "addr:postcode": "144411",
        "addr:street": "law gate rd, opp green valley",
        "building": "yes",
        "name": "prime apartment 2",
        "tourism": "hostel"
      },
      "geometry": {
        "type": "Polygon",
        "coordinates": [
          [
            [
              75.6986607,
              31.2521731
            ],
            [
              75.6986635,
              31.2521203
            ],
            [
              75.6987967,
              31.2521189
            ],
            [
              75.6987954,
              31.2521696
            ],
            [
              75.6986607,
              31.2521731
            ]
          ]
        ]
      },
      "id": "way/1299447331"
    },
    {
      "type": "Feature",
      "properties": {
        "@id": "way/1299447332",
        "addr:city": "Phagwara",
        "addr:district": "kapurthala",
        "addr:housenumber": "opp green valley",
        "addr:postcode": "144411",
        "addr:street": "law gate rd",
        "building": "yes",
        "name": "Diya apartment",
        "tourism": "hostel"
      },
      "geometry": {
        "type": "Polygon",
        "coordinates": [
          [
            [
              75.6986501,
              31.2523053
            ],
            [
              75.6986651,
              31.2521828
            ],
            [
              75.6987922,
              31.2521785
            ],
            [
              75.6987872,
              31.2523142
            ],
            [
              75.6986501,
              31.2523053
            ]
          ]
        ]
      },
      "id": "way/1299447332"
    },
    {
      "type": "Feature",
      "properties": {
        "@id": "way/1299813019",
        "addr:city": "Phagwara",
        "addr:district": "kapurthala",
        "addr:postcode": "144411",
        "addr:street": "near golden gym , law gate rd",
        "amenity": "restaurant",
        "building": "yes",
        "name": "desi & delicious"
      },
      "geometry": {
        "type": "Polygon",
        "coordinates": [
          [
            [
              75.698439,
              31.2549981
            ],
            [
              75.6985067,
              31.2546567
            ],
            [
              75.6986687,
              31.254875
            ],
            [
              75.698439,
              31.2549981
            ]
          ]
        ]
      },
      "id": "way/1299813019"
    },
    {
      "type": "Feature",
      "properties": {
        "@id": "way/1300687852",
        "building": "yes",
        "name": "Dimple Apartment",
        "tourism": "apartment"
      },
      "geometry": {
        "type": "Polygon",
        "coordinates": [
          [
            [
              75.6991038,
              31.2522375
            ],
            [
              75.6991193,
              31.2521536
            ],
            [
              75.6991811,
              31.2521625
            ],
            [
              75.6991588,
              31.2522444
            ],
            [
              75.6991038,
              31.2522375
            ]
          ]
        ]
      },
      "id": "way/1300687852"
    },
    {
      "type": "Feature",
      "properties": {
        "@id": "way/1300687853",
        "building": "yes",
        "name": "Avjot PG",
        "tourism": "apartment"
      },
      "geometry": {
        "type": "Polygon",
        "coordinates": [
          [
            [
              75.6989882,
              31.2522345
            ],
            [
              75.6989986,
              31.252135
            ],
            [
              75.6990708,
              31.2521371
            ],
            [
              75.6990523,
              31.2522384
            ],
            [
              75.6989882,
              31.2522345
            ]
          ]
        ]
      },
      "id": "way/1300687853"
    },
    {
      "type": "Feature",
      "properties": {
        "@id": "way/1300687854",
        "building": "yes"
      },
      "geometry": {
        "type": "Polygon",
        "coordinates": [
          [
            [
              75.698872,
              31.2522803
            ],
            [
              75.6988741,
              31.2522506
            ],
            [
              75.6988548,
              31.2522477
            ],
            [
              75.6988603,
              31.2521993
            ],
            [
              75.6988896,
              31.2522008
            ],
            [
              75.6988911,
              31.2522175
            ],
            [
              75.6989575,
              31.2522234
            ],
            [
              75.6989438,
              31.2522852
            ],
            [
              75.698872,
              31.2522803
            ]
          ]
        ]
      },
      "id": "way/1300687854"
    },
    {
      "type": "Feature",
      "properties": {
        "@id": "way/1300687855",
        "building": "yes"
      },
      "geometry": {
        "type": "Polygon",
        "coordinates": [
          [
            [
              75.6986689,
              31.2520761
            ],
            [
              75.6986718,
              31.2520213
            ],
            [
              75.6988127,
              31.2520227
            ],
            [
              75.6988116,
              31.2520754
            ],
            [
              75.6986689,
              31.2520761
            ]
          ]
        ]
      },
      "id": "way/1300687855"
    },
    {
      "type": "Feature",
      "properties": {
        "@id": "way/1300687856",
        "building": "yes"
      },
      "geometry": {
        "type": "Polygon",
        "coordinates": [
          [
            [
              75.6989962,
              31.2520496
            ],
            [
              75.6990123,
              31.2519574
            ],
            [
              75.6990746,
              31.2519587
            ],
            [
              75.699061,
              31.252053
            ],
            [
              75.6989962,
              31.2520496
            ]
          ]
        ]
      },
      "id": "way/1300687856"
    },
    {
      "type": "Feature",
      "properties": {
        "@id": "way/1300687857",
        "building": "yes"
      },
      "geometry": {
        "type": "Polygon",
        "coordinates": [
          [
            [
              75.6991161,
              31.2520703
            ],
            [
              75.6991192,
              31.2519947
            ],
            [
              75.699236,
              31.2520041
            ],
            [
              75.69923,
              31.2520778
            ],
            [
              75.6991161,
              31.2520703
            ]
          ]
        ]
      },
      "id": "way/1300687857"
    },
    {
      "type": "Feature",
      "properties": {
        "@id": "way/1300687858",
        "building": "yes"
      },
      "geometry": {
        "type": "Polygon",
        "coordinates": [
          [
            [
              75.6992342,
              31.2522176
            ],
            [
              75.6992402,
              31.2521536
            ],
            [
              75.6992987,
              31.2521566
            ],
            [
              75.699294,
              31.2522211
            ],
            [
              75.6992342,
              31.2522176
            ]
          ]
        ]
      },
      "id": "way/1300687858"
    },
    {
      "type": "Feature",
      "properties": {
        "@id": "way/1300687859",
        "building": "yes"
      },
      "geometry": {
        "type": "Polygon",
        "coordinates": [
          [
            [
              75.699294,
              31.2522211
            ],
            [
              75.6992987,
              31.2521566
            ],
            [
              75.6993531,
              31.2521622
            ],
            [
              75.699345,
              31.2522261
            ],
            [
              75.699294,
              31.2522211
            ]
          ]
        ]
      },
      "id": "way/1300687859"
    },
    {
      "type": "Feature",
      "properties": {
        "@id": "way/1300687860",
        "building": "yes",
        "name": "karan pg 1",
        "tourism": "apartment"
      },
      "geometry": {
        "type": "Polygon",
        "coordinates": [
          [
            [
              75.699345,
              31.2522261
            ],
            [
              75.6993531,
              31.2521622
            ],
            [
              75.6994071,
              31.2521685
            ],
            [
              75.6993981,
              31.2522311
            ],
            [
              75.699345,
              31.2522261
            ]
          ]
        ]
      },
      "id": "way/1300687860"
    },
    {
      "type": "Feature",
      "properties": {
        "@id": "way/1300687861",
        "building": "yes",
        "name": "the grand castle"
      },
      "geometry": {
        "type": "Polygon",
        "coordinates": [
          [
            [
              75.6996909,
              31.2521228
            ],
            [
              75.6997046,
              31.252024
            ],
            [
              75.6997891,
              31.2520331
            ],
            [
              75.6997694,
              31.2521282
            ],
            [
              75.6996909,
              31.2521228
            ]
          ]
        ]
      },
      "id": "way/1300687861"
    },
    {
      "type": "Feature",
      "properties": {
        "@id": "way/1300687862",
        "building": "yes",
        "name": "pheonix apartment"
      },
      "geometry": {
        "type": "Polygon",
        "coordinates": [
          [
            [
              75.6995601,
              31.2521087
            ],
            [
              75.6995729,
              31.2520116
            ],
            [
              75.6997046,
              31.252024
            ],
            [
              75.6996909,
              31.2521228
            ],
            [
              75.6995601,
              31.2521087
            ]
          ]
        ]
      },
      "id": "way/1300687862"
    },
    {
      "type": "Feature",
      "properties": {
        "@id": "way/1300687863",
        "building": "yes"
      },
      "geometry": {
        "type": "Polygon",
        "coordinates": [
          [
            [
              75.69923,
              31.2520778
            ],
            [
              75.699236,
              31.2520041
            ],
            [
              75.699309,
              31.2520101
            ],
            [
              75.6992987,
              31.2520802
            ],
            [
              75.69923,
              31.2520778
            ]
          ]
        ]
      },
      "id": "way/1300687863"
    },
    {
      "type": "Feature",
      "properties": {
        "@id": "way/1300687864",
        "building": "yes",
        "name": "victoria apartment"
      },
      "geometry": {
        "type": "Polygon",
        "coordinates": [
          [
            [
              75.6992987,
              31.2520802
            ],
            [
              75.699309,
              31.2520101
            ],
            [
              75.6993537,
              31.2520138
            ],
            [
              75.699345,
              31.2520814
            ],
            [
              75.6992987,
              31.2520802
            ]
          ]
        ]
      },
      "id": "way/1300687864"
    },
    {
      "type": "Feature",
      "properties": {
        "@id": "way/1300687865",
        "building": "yes",
        "name": "Sanamdeep Apartments",
        "tourism": "apartment"
      },
      "geometry": {
        "type": "Polygon",
        "coordinates": [
          [
            [
              75.6994081,
              31.2520877
            ],
            [
              75.6994167,
              31.2520217
            ],
            [
              75.6994665,
              31.2520308
            ],
            [
              75.6994555,
              31.2520942
            ],
            [
              75.6994081,
              31.2520877
            ]
          ]
        ]
      },
      "id": "way/1300687865"
    },
    {
      "type": "Feature",
      "properties": {
        "@id": "way/1300687866",
        "building": "yes",
        "name": "Sanamdeep apartment"
      },
      "geometry": {
        "type": "Polygon",
        "coordinates": [
          [
            [
              75.699345,
              31.2520814
            ],
            [
              75.6993537,
              31.2520138
            ],
            [
              75.6994167,
              31.2520217
            ],
            [
              75.6994081,
              31.2520877
            ],
            [
              75.699345,
              31.2520814
            ]
          ]
        ]
      },
      "id": "way/1300687866"
    },
    {
      "type": "Feature",
      "properties": {
        "@id": "way/1300687868",
        "building": "yes"
      },
      "geometry": {
        "type": "Polygon",
        "coordinates": [
          [
            [
              75.6997205,
              31.2523986
            ],
            [
              75.6997409,
              31.2523089
            ],
            [
              75.6998264,
              31.2523195
            ],
            [
              75.6998093,
              31.252413
            ],
            [
              75.6997205,
              31.2523986
            ]
          ]
        ]
      },
      "id": "way/1300687868"
    },
    {
      "type": "Feature",
      "properties": {
        "@id": "way/1300687869",
        "building": "yes"
      },
      "geometry": {
        "type": "Polygon",
        "coordinates": [
          [
            [
              75.699634,
              31.2523868
            ],
            [
              75.6996538,
              31.2522982
            ],
            [
              75.6997409,
              31.2523089
            ],
            [
              75.6997205,
              31.2523986
            ],
            [
              75.699634,
              31.2523868
            ]
          ]
        ]
      },
      "id": "way/1300687869"
    },
    {
      "type": "Feature",
      "properties": {
        "@id": "way/1300687870",
        "building": "yes"
      },
      "geometry": {
        "type": "Polygon",
        "coordinates": [
          [
            [
              75.6995488,
              31.2523755
            ],
            [
              75.699564,
              31.2522867
            ],
            [
              75.6996538,
              31.2522982
            ],
            [
              75.699634,
              31.2523868
            ],
            [
              75.6995488,
              31.2523755
            ]
          ]
        ]
      },
      "id": "way/1300687870"
    },
    {
      "type": "Feature",
      "properties": {
        "@id": "way/1300687871",
        "building": "yes",
        "name": "karan pg 2",
        "tourism": "apartment"
      },
      "geometry": {
        "type": "Polygon",
        "coordinates": [
          [
            [
              75.6993981,
              31.2522311
            ],
            [
              75.6994071,
              31.2521685
            ],
            [
              75.699459,
              31.2521734
            ],
            [
              75.6994491,
              31.2522338
            ],
            [
              75.6993981,
              31.2522311
            ]
          ]
        ]
      },
      "id": "way/1300687871"
    },
    {
      "type": "Feature",
      "properties": {
        "@id": "way/1300687872",
        "building": "yes"
      },
      "geometry": {
        "type": "Polygon",
        "coordinates": [
          [
            [
              75.6994491,
              31.2522338
            ],
            [
              75.699459,
              31.2521734
            ],
            [
              75.6995248,
              31.2521829
            ],
            [
              75.6995115,
              31.2522405
            ],
            [
              75.6994491,
              31.2522338
            ]
          ]
        ]
      },
      "id": "way/1300687872"
    },
    {
      "type": "Feature",
      "properties": {
        "@id": "way/1300687873",
        "building": "yes"
      },
      "geometry": {
        "type": "Polygon",
        "coordinates": [
          [
            [
              75.6992688,
              31.2523506
            ],
            [
              75.6992758,
              31.2522541
            ],
            [
              75.6993415,
              31.2522605
            ],
            [
              75.6993349,
              31.2523553
            ],
            [
              75.6992688,
              31.2523506
            ]
          ]
        ]
      },
      "id": "way/1300687873"
    },
    {
      "type": "Feature",
      "properties": {
        "@id": "way/1300687874",
        "building": "yes"
      },
      "geometry": {
        "type": "Polygon",
        "coordinates": [
          [
            [
              75.6993815,
              31.2523675
            ],
            [
              75.6993977,
              31.2522636
            ],
            [
              75.6994617,
              31.2522676
            ],
            [
              75.6994437,
              31.2523733
            ],
            [
              75.6993815,
              31.2523675
            ]
          ]
        ]
      },
      "id": "way/1300687874"
    },
    {
      "type": "Feature",
      "properties": {
        "@id": "way/1300687875",
        "building": "yes"
      },
      "geometry": {
        "type": "Polygon",
        "coordinates": [
          [
            [
              75.6985252,
              31.2524185
            ],
            [
              75.6985313,
              31.2523525
            ],
            [
              75.6986468,
              31.2523589
            ],
            [
              75.6986483,
              31.2523125
            ],
            [
              75.6987963,
              31.2523234
            ],
            [
              75.6987854,
              31.25244
            ],
            [
              75.6985252,
              31.2524185
            ]
          ]
        ]
      },
      "id": "way/1300687875"
    },
    {
      "type": "Feature",
      "properties": {
        "@id": "way/1300687876",
        "building": "yes"
      },
      "geometry": {
        "type": "Polygon",
        "coordinates": [
          [
            [
              75.6987182,
              31.2527932
            ],
            [
              75.6987407,
              31.2527061
            ],
            [
              75.6988725,
              31.2527156
            ],
            [
              75.6988513,
              31.2528162
            ],
            [
              75.6987182,
              31.2527932
            ]
          ]
        ]
      },
      "id": "way/1300687876"
    },
    {
      "type": "Feature",
      "properties": {
        "@id": "way/1300687877",
        "building": "yes"
      },
      "geometry": {
        "type": "Polygon",
        "coordinates": [
          [
            [
              75.6991588,
              31.2525498
            ],
            [
              75.6991653,
              31.2524775
            ],
            [
              75.6992852,
              31.2524824
            ],
            [
              75.6992711,
              31.2525569
            ],
            [
              75.6991588,
              31.2525498
            ]
          ]
        ]
      },
      "id": "way/1300687877"
    },
    {
      "type": "Feature",
      "properties": {
        "@id": "way/1300687878",
        "building": "yes"
      },
      "geometry": {
        "type": "Polygon",
        "coordinates": [
          [
            [
              75.6998596,
              31.2525028
            ],
            [
              75.6998811,
              31.2523095
            ],
            [
              75.6999177,
              31.2523383
            ],
            [
              75.6999335,
              31.2523693
            ],
            [
              75.699958,
              31.2524182
            ],
            [
              75.699966,
              31.2524732
            ],
            [
              75.6999861,
              31.252515
            ],
            [
              75.6998596,
              31.2525028
            ]
          ]
        ]
      },
      "id": "way/1300687878"
    },
    {
      "type": "Feature",
      "properties": {
        "@id": "way/1300687879",
        "building": "yes"
      },
      "geometry": {
        "type": "Polygon",
        "coordinates": [
          [
            [
              75.6979335,
              31.2517244
            ],
            [
              75.6981204,
              31.2517372
            ],
            [
              75.6981117,
              31.2517946
            ],
            [
              75.6981066,
              31.2518282
            ],
            [
              75.6978843,
              31.2518277
            ],
            [
              75.6978818,
              31.251765
            ],
            [
              75.6979256,
              31.2517612
            ],
            [
              75.6979335,
              31.2517244
            ]
          ]
        ]
      },
      "id": "way/1300687879"
    },
    {
      "type": "Feature",
      "properties": {
        "@id": "way/1300687880",
        "building": "yes"
      },
      "geometry": {
        "type": "Polygon",
        "coordinates": [
          [
            [
              75.6981043,
              31.2518519
            ],
            [
              75.6981343,
              31.2517574
            ],
            [
              75.6981971,
              31.2517768
            ],
            [
              75.6981679,
              31.2518588
            ],
            [
              75.6981043,
              31.2518519
            ]
          ]
        ]
      },
      "id": "way/1300687880"
    },
    {
      "type": "Feature",
      "properties": {
        "@id": "way/1300687882",
        "building": "yes"
      },
      "geometry": {
        "type": "Polygon",
        "coordinates": [
          [
            [
              75.6975218,
              31.2518662
            ],
            [
              75.6975259,
              31.251816
            ],
            [
              75.6976532,
              31.251824
            ],
            [
              75.6976478,
              31.251884
            ],
            [
              75.6975218,
              31.2518662
            ]
          ]
        ]
      },
      "id": "way/1300687882"
    },
    {
      "type": "Feature",
      "properties": {
        "@id": "way/1300687883",
        "building": "yes"
      },
      "geometry": {
        "type": "Polygon",
        "coordinates": [
          [
            [
              75.6974991,
              31.2519653
            ],
            [
              75.6975186,
              31.2518776
            ],
            [
              75.6976478,
              31.251884
            ],
            [
              75.6976342,
              31.2519764
            ],
            [
              75.6974991,
              31.2519653
            ]
          ]
        ]
      },
      "id": "way/1300687883"
    },
    {
      "type": "Feature",
      "properties": {
        "@id": "way/1300687884",
        "building": "yes"
      },
      "geometry": {
        "type": "Polygon",
        "coordinates": [
          [
            [
              75.6969768,
              31.2518835
            ],
            [
              75.6969895,
              31.2517726
            ],
            [
              75.697057,
              31.2517771
            ],
            [
              75.6970421,
              31.2518899
            ],
            [
              75.6969768,
              31.2518835
            ]
          ]
        ]
      },
      "id": "way/1300687884"
    },
    {
      "type": "Feature",
      "properties": {
        "@id": "way/1300687885",
        "building": "yes"
      },
      "geometry": {
        "type": "Polygon",
        "coordinates": [
          [
            [
              75.6970421,
              31.2518899
            ],
            [
              75.697057,
              31.2517771
            ],
            [
              75.6971312,
              31.2517797
            ],
            [
              75.6971175,
              31.2518928
            ],
            [
              75.6970421,
              31.2518899
            ]
          ]
        ]
      },
      "id": "way/1300687885"
    },
    {
      "type": "Feature",
      "properties": {
        "@id": "way/1300687886",
        "building": "yes"
      },
      "geometry": {
        "type": "Polygon",
        "coordinates": [
          [
            [
              75.6971175,
              31.2518928
            ],
            [
              75.6971312,
              31.2517797
            ],
            [
              75.6972066,
              31.2517864
            ],
            [
              75.6971861,
              31.2519024
            ],
            [
              75.6971175,
              31.2518928
            ]
          ]
        ]
      },
      "id": "way/1300687886"
    },
    {
      "type": "Feature",
      "properties": {
        "@id": "way/1300687887",
        "building": "yes"
      },
      "geometry": {
        "type": "Polygon",
        "coordinates": [
          [
            [
              75.6973206,
              31.2520348
            ],
            [
              75.6973238,
              31.2519472
            ],
            [
              75.6973983,
              31.2519547
            ],
            [
              75.6973904,
              31.2520309
            ],
            [
              75.6973206,
              31.2520348
            ]
          ]
        ]
      },
      "id": "way/1300687887"
    },
    {
      "type": "Feature",
      "properties": {
        "@id": "way/1300687888",
        "building": "apartments",
        "name": "Simar Tower",
        "tourism": "apartment"
      },
      "geometry": {
        "type": "Polygon",
        "coordinates": [
          [
            [
              75.6972828,
              31.2516006
            ],
            [
              75.6973018,
              31.251481
            ],
            [
              75.6974336,
              31.2515006
            ],
            [
              75.6974173,
              31.2516029
            ],
            [
              75.6972828,
              31.2516006
            ]
          ]
        ]
      },
      "id": "way/1300687888"
    },
    {
      "type": "Feature",
      "properties": {
        "@id": "way/1300687889",
        "building": "yes"
      },
      "geometry": {
        "type": "Polygon",
        "coordinates": [
          [
            [
              75.6972042,
              31.2516066
            ],
            [
              75.6972247,
              31.2514897
            ],
            [
              75.6972806,
              31.2515038
            ],
            [
              75.6972645,
              31.251608
            ],
            [
              75.6972042,
              31.2516066
            ]
          ]
        ]
      },
      "id": "way/1300687889"
    },
    {
      "type": "Feature",
      "properties": {
        "@id": "way/1300687890",
        "building": "yes"
      },
      "geometry": {
        "type": "Polygon",
        "coordinates": [
          [
            [
              75.6971326,
              31.2515921
            ],
            [
              75.6971492,
              31.2514798
            ],
            [
              75.6972247,
              31.2514897
            ],
            [
              75.6972042,
              31.2516066
            ],
            [
              75.6971326,
              31.2515921
            ]
          ]
        ]
      },
      "id": "way/1300687890"
    },
    {
      "type": "Feature",
      "properties": {
        "@id": "way/1300687891",
        "building": "yes",
        "leisure": "fitness_centre",
        "name": "DB fitness studio"
      },
      "geometry": {
        "type": "Polygon",
        "coordinates": [
          [
            [
              75.6966674,
              31.2512051
            ],
            [
              75.6966915,
              31.251033
            ],
            [
              75.6968637,
              31.2510445
            ],
            [
              75.6968453,
              31.2512143
            ],
            [
              75.6966674,
              31.2512051
            ]
          ]
        ]
      },
      "id": "way/1300687891"
    },
    {
      "type": "Feature",
      "properties": {
        "@id": "way/1300687892",
        "building": "yes"
      },
      "geometry": {
        "type": "Polygon",
        "coordinates": [
          [
            [
              75.6965669,
              31.2515525
            ],
            [
              75.6965821,
              31.2514328
            ],
            [
              75.6967221,
              31.2514424
            ],
            [
              75.6967054,
              31.2515613
            ],
            [
              75.6965669,
              31.2515525
            ]
          ]
        ]
      },
      "id": "way/1300687892"
    },
    {
      "type": "Feature",
      "properties": {
        "@id": "way/1300687893",
        "building": "yes"
      },
      "geometry": {
        "type": "Polygon",
        "coordinates": [
          [
            [
              75.6967054,
              31.2515613
            ],
            [
              75.6967221,
              31.2514424
            ],
            [
              75.6968007,
              31.2514513
            ],
            [
              75.6967861,
              31.2515669
            ],
            [
              75.6967054,
              31.2515613
            ]
          ]
        ]
      },
      "id": "way/1300687893"
    },
    {
      "type": "Feature",
      "properties": {
        "@id": "way/1300687894",
        "building": "yes"
      },
      "geometry": {
        "type": "Polygon",
        "coordinates": [
          [
            [
              75.6967861,
              31.2515669
            ],
            [
              75.6968007,
              31.2514513
            ],
            [
              75.6968701,
              31.2514556
            ],
            [
              75.6968563,
              31.2515682
            ],
            [
              75.6967861,
              31.2515669
            ]
          ]
        ]
      },
      "id": "way/1300687894"
    },
    {
      "type": "Feature",
      "properties": {
        "@id": "way/1300687895",
        "building": "yes"
      },
      "geometry": {
        "type": "Polygon",
        "coordinates": [
          [
            [
              75.6965848,
              31.251408
            ],
            [
              75.6966038,
              31.2512985
            ],
            [
              75.6966206,
              31.2512991
            ],
            [
              75.696669,
              31.251301
            ],
            [
              75.6966545,
              31.2514067
            ],
            [
              75.6965848,
              31.251408
            ]
          ]
        ]
      },
      "id": "way/1300687895"
    },
    {
      "type": "Feature",
      "properties": {
        "@id": "way/1300687896",
        "building": "yes"
      },
      "geometry": {
        "type": "Polygon",
        "coordinates": [
          [
            [
              75.6968668,
              31.2514374
            ],
            [
              75.6968709,
              31.2513394
            ],
            [
              75.6970209,
              31.2513616
            ],
            [
              75.6970202,
              31.2513655
            ],
            [
              75.6970065,
              31.2514462
            ],
            [
              75.6968668,
              31.2514374
            ]
          ]
        ]
      },
      "id": "way/1300687896"
    },
    {
      "type": "Feature",
      "properties": {
        "@id": "way/1300687897",
        "building": "yes"
      },
      "geometry": {
        "type": "Polygon",
        "coordinates": [
          [
            [
              75.6972316,
              31.2514615
            ],
            [
              75.6972455,
              31.2513682
            ],
            [
              75.697317,
              31.2513682
            ],
            [
              75.697306,
              31.2514658
            ],
            [
              75.6972316,
              31.2514615
            ]
          ]
        ]
      },
      "id": "way/1300687897"
    },
    {
      "type": "Feature",
      "properties": {
        "@id": "way/1300687898",
        "building": "yes"
      },
      "geometry": {
        "type": "Polygon",
        "coordinates": [
          [
            [
              75.696295,
              31.2518163
            ],
            [
              75.6962986,
              31.2517097
            ],
            [
              75.6964361,
              31.2517246
            ],
            [
              75.6964245,
              31.251828
            ],
            [
              75.696295,
              31.2518163
            ]
          ]
        ]
      },
      "id": "way/1300687898"
    },
    {
      "type": "Feature",
      "properties": {
        "@id": "way/1300687899",
        "building": "yes"
      },
      "geometry": {
        "type": "Polygon",
        "coordinates": [
          [
            [
              75.6962088,
              31.2518133
            ],
            [
              75.6962265,
              31.2517047
            ],
            [
              75.6962986,
              31.2517097
            ],
            [
              75.696295,
              31.2518163
            ],
            [
              75.6962088,
              31.2518133
            ]
          ]
        ]
      },
      "id": "way/1300687899"
    },
    {
      "type": "Feature",
      "properties": {
        "@id": "way/1300687900",
        "building": "yes"
      },
      "geometry": {
        "type": "Polygon",
        "coordinates": [
          [
            [
              75.696192,
              31.251927
            ],
            [
              75.6962092,
              31.2518419
            ],
            [
              75.6964085,
              31.2518734
            ],
            [
              75.6963957,
              31.2519602
            ],
            [
              75.696192,
              31.251927
            ]
          ]
        ]
      },
      "id": "way/1300687900"
    },
    {
      "type": "Feature",
      "properties": {
        "@id": "way/1300687901",
        "building": "yes",
        "name": "Kang Apartment",
        "tourism": "apartment"
      },
      "geometry": {
        "type": "Polygon",
        "coordinates": [
          [
            [
              75.6958593,
              31.2517811
            ],
            [
              75.6958747,
              31.2516709
            ],
            [
              75.6959353,
              31.2516757
            ],
            [
              75.6959248,
              31.2517819
            ],
            [
              75.6958593,
              31.2517811
            ]
          ]
        ]
      },
      "id": "way/1300687901"
    },
    {
      "type": "Feature",
      "properties": {
        "@id": "way/1300687902",
        "building": "yes"
      },
      "geometry": {
        "type": "Polygon",
        "coordinates": [
          [
            [
              75.6959248,
              31.2517819
            ],
            [
              75.6959353,
              31.2516757
            ],
            [
              75.6960864,
              31.2516807
            ],
            [
              75.6960665,
              31.2517966
            ],
            [
              75.6959248,
              31.2517819
            ]
          ]
        ]
      },
      "id": "way/1300687902"
    },
    {
      "type": "Feature",
      "properties": {
        "@id": "way/1300687903",
        "building": "yes"
      },
      "geometry": {
        "type": "Polygon",
        "coordinates": [
          [
            [
              75.6960665,
              31.2517966
            ],
            [
              75.6960864,
              31.2516807
            ],
            [
              75.6961582,
              31.2516936
            ],
            [
              75.6961411,
              31.2518023
            ],
            [
              75.6960665,
              31.2517966
            ]
          ]
        ]
      },
      "id": "way/1300687903"
    },
    {
      "type": "Feature",
      "properties": {
        "@id": "way/1300687904",
        "building": "yes"
      },
      "geometry": {
        "type": "Polygon",
        "coordinates": [
          [
            [
              75.6961411,
              31.2518023
            ],
            [
              75.6961582,
              31.2516936
            ],
            [
              75.6962265,
              31.2517047
            ],
            [
              75.6962088,
              31.2518133
            ],
            [
              75.6961411,
              31.2518023
            ]
          ]
        ]
      },
      "id": "way/1300687904"
    },
    {
      "type": "Feature",
      "properties": {
        "@id": "way/1300687905",
        "building": "yes"
      },
      "geometry": {
        "type": "Polygon",
        "coordinates": [
          [
            [
              75.696129,
              31.2515023
            ],
            [
              75.6961449,
              31.2513887
            ],
            [
              75.6962831,
              31.251408
            ],
            [
              75.6962678,
              31.2515164
            ],
            [
              75.696129,
              31.2515023
            ]
          ]
        ]
      },
      "id": "way/1300687905"
    },
    {
      "type": "Feature",
      "properties": {
        "@id": "way/1300687906",
        "building": "yes"
      },
      "geometry": {
        "type": "Polygon",
        "coordinates": [
          [
            [
              75.6959908,
              31.2514805
            ],
            [
              75.6959978,
              31.2513758
            ],
            [
              75.6961449,
              31.2513887
            ],
            [
              75.696129,
              31.2515023
            ],
            [
              75.6959908,
              31.2514805
            ]
          ]
        ]
      },
      "id": "way/1300687906"
    },
    {
      "type": "Feature",
      "properties": {
        "@id": "way/1300687907",
        "building": "yes"
      },
      "geometry": {
        "type": "Polygon",
        "coordinates": [
          [
            [
              75.695839,
              31.2514823
            ],
            [
              75.6958598,
              31.2513629
            ],
            [
              75.6959357,
              31.2513682
            ],
            [
              75.6959278,
              31.2514359
            ],
            [
              75.6959227,
              31.2514792
            ],
            [
              75.695839,
              31.2514823
            ]
          ]
        ]
      },
      "id": "way/1300687907"
    },
    {
      "type": "Feature",
      "properties": {
        "@id": "way/1300687908",
        "building": "yes"
      },
      "geometry": {
        "type": "Polygon",
        "coordinates": [
          [
            [
              75.6957687,
              31.2514717
            ],
            [
              75.6957883,
              31.2513556
            ],
            [
              75.6958598,
              31.2513629
            ],
            [
              75.695839,
              31.2514823
            ],
            [
              75.6957687,
              31.2514717
            ]
          ]
        ]
      },
      "id": "way/1300687908"
    },
    {
      "type": "Feature",
      "properties": {
        "@id": "way/1300687909",
        "building": "yes"
      },
      "geometry": {
        "type": "Polygon",
        "coordinates": [
          [
            [
              75.6956383,
              31.2514579
            ],
            [
              75.6956521,
              31.2513415
            ],
            [
              75.6957883,
              31.2513556
            ],
            [
              75.6957687,
              31.2514717
            ],
            [
              75.6956383,
              31.2514579
            ]
          ]
        ]
      },
      "id": "way/1300687909"
    },
    {
      "type": "Feature",
      "properties": {
        "@id": "way/1300687910",
        "building": "yes"
      },
      "geometry": {
        "type": "Polygon",
        "coordinates": [
          [
            [
              75.6955665,
              31.2514483
            ],
            [
              75.6955788,
              31.2513459
            ],
            [
              75.6956521,
              31.2513415
            ],
            [
              75.6956383,
              31.2514579
            ],
            [
              75.6955665,
              31.2514483
            ]
          ]
        ]
      },
      "id": "way/1300687910"
    },
    {
      "type": "Feature",
      "properties": {
        "@id": "way/1300687911",
        "building": "yes"
      },
      "geometry": {
        "type": "Polygon",
        "coordinates": [
          [
            [
              75.6962903,
              31.2513801
            ],
            [
              75.6963039,
              31.2512952
            ],
            [
              75.6963714,
              31.2512942
            ],
            [
              75.6963552,
              31.2513943
            ],
            [
              75.6962903,
              31.2513801
            ]
          ]
        ]
      },
      "id": "way/1300687911"
    },
    {
      "type": "Feature",
      "properties": {
        "@id": "way/1300687912",
        "building": "yes"
      },
      "geometry": {
        "type": "Polygon",
        "coordinates": [
          [
            [
              75.6957318,
              31.2513232
            ],
            [
              75.6957497,
              31.2512521
            ],
            [
              75.6958654,
              31.2512653
            ],
            [
              75.6958623,
              31.2513291
            ],
            [
              75.6957318,
              31.2513232
            ]
          ]
        ]
      },
      "id": "way/1300687912"
    },
    {
      "type": "Feature",
      "properties": {
        "@id": "way/1300687913",
        "building": "yes"
      },
      "geometry": {
        "type": "Polygon",
        "coordinates": [
          [
            [
              75.696245,
              31.2511499
            ],
            [
              75.6962486,
              31.2510929
            ],
            [
              75.6963678,
              31.2510984
            ],
            [
              75.696361,
              31.2511569
            ],
            [
              75.696245,
              31.2511499
            ]
          ]
        ]
      },
      "id": "way/1300687913"
    },
    {
      "type": "Feature",
      "properties": {
        "@id": "way/1300687914",
        "building": "yes"
      },
      "geometry": {
        "type": "Polygon",
        "coordinates": [
          [
            [
              75.6965134,
              31.2509578
            ],
            [
              75.6965284,
              31.2508648
            ],
            [
              75.6966437,
              31.2508728
            ],
            [
              75.6966317,
              31.2509697
            ],
            [
              75.6965134,
              31.2509578
            ]
          ]
        ]
      },
      "id": "way/1300687914"
    },
    {
      "type": "Feature",
      "properties": {
        "@id": "way/1300687915",
        "building": "yes"
      },
      "geometry": {
        "type": "Polygon",
        "coordinates": [
          [
            [
              75.6964876,
              31.2512148
            ],
            [
              75.6965014,
              31.2511197
            ],
            [
              75.6966139,
              31.2511304
            ],
            [
              75.6966033,
              31.2512157
            ],
            [
              75.6964876,
              31.2512148
            ]
          ]
        ]
      },
      "id": "way/1300687915"
    },
    {
      "type": "Feature",
      "properties": {
        "@id": "way/1300687916",
        "building": "yes"
      },
      "geometry": {
        "type": "Polygon",
        "coordinates": [
          [
            [
              75.6961058,
              31.2511922
            ],
            [
              75.6961091,
              31.2511359
            ],
            [
              75.696217,
              31.251142
            ],
            [
              75.6962117,
              31.2511967
            ],
            [
              75.6961058,
              31.2511922
            ]
          ]
        ]
      },
      "id": "way/1300687916"
    },
    {
      "type": "Feature",
      "properties": {
        "@id": "way/1300687917",
        "building": "yes"
      },
      "geometry": {
        "type": "Polygon",
        "coordinates": [
          [
            [
              75.6961091,
              31.2511359
            ],
            [
              75.696116,
              31.2510775
            ],
            [
              75.6962239,
              31.2510879
            ],
            [
              75.696217,
              31.251142
            ],
            [
              75.6961091,
              31.2511359
            ]
          ]
        ]
      },
      "id": "way/1300687917"
    },
    {
      "type": "Feature",
      "properties": {
        "@id": "way/1300687918",
        "building": "yes"
      },
      "geometry": {
        "type": "Polygon",
        "coordinates": [
          [
            [
              75.6957296,
              31.2510982
            ],
            [
              75.6957528,
              31.2509835
            ],
            [
              75.6958672,
              31.2509964
            ],
            [
              75.6958561,
              31.2511018
            ],
            [
              75.6957296,
              31.2510982
            ]
          ]
        ]
      },
      "id": "way/1300687918"
    },
    {
      "type": "Feature",
      "properties": {
        "@id": "way/1300687920",
        "building": "yes"
      },
      "geometry": {
        "type": "Polygon",
        "coordinates": [
          [
            [
              75.6965435,
              31.2506697
            ],
            [
              75.6965584,
              31.2505574
            ],
            [
              75.6965977,
              31.2505624
            ],
            [
              75.6966959,
              31.2505749
            ],
            [
              75.6966697,
              31.2506926
            ],
            [
              75.6965435,
              31.2506697
            ]
          ]
        ]
      },
      "id": "way/1300687920"
    },
    {
      "type": "Feature",
      "properties": {
        "@id": "way/1300687921",
        "building": "yes"
      },
      "geometry": {
        "type": "Polygon",
        "coordinates": [
          [
            [
              75.6963309,
              31.2505208
            ],
            [
              75.6963421,
              31.2504384
            ],
            [
              75.6964533,
              31.2504492
            ],
            [
              75.6964438,
              31.2505297
            ],
            [
              75.6963309,
              31.2505208
            ]
          ]
        ]
      },
      "id": "way/1300687921"
    },
    {
      "type": "Feature",
      "properties": {
        "@id": "way/1300687922",
        "building": "yes"
      },
      "geometry": {
        "type": "Polygon",
        "coordinates": [
          [
            [
              75.6961681,
              31.2506036
            ],
            [
              75.6961839,
              31.2505181
            ],
            [
              75.696301,
              31.2505322
            ],
            [
              75.6962862,
              31.2506163
            ],
            [
              75.6961681,
              31.2506036
            ]
          ]
        ]
      },
      "id": "way/1300687922"
    },
    {
      "type": "Feature",
      "properties": {
        "@id": "way/1300687923",
        "building": "yes"
      },
      "geometry": {
        "type": "Polygon",
        "coordinates": [
          [
            [
              75.6963173,
              31.2506276
            ],
            [
              75.6963291,
              31.2505296
            ],
            [
              75.696444,
              31.250541
            ],
            [
              75.6964307,
              31.2506342
            ],
            [
              75.6963173,
              31.2506276
            ]
          ]
        ]
      },
      "id": "way/1300687923"
    },
    {
      "type": "Feature",
      "properties": {
        "@id": "way/1300687925",
        "building": "yes",
        "name": "Ssj Complex"
      },
      "geometry": {
        "type": "Polygon",
        "coordinates": [
          [
            [
              75.6989095,
              31.2536754
            ],
            [
              75.6989233,
              31.253584
            ],
            [
              75.6992055,
              31.2536281
            ],
            [
              75.6992022,
              31.2537281
            ],
            [
              75.6989095,
              31.2536754
            ]
          ]
        ]
      },
      "id": "way/1300687925"
    },
    {
      "type": "Feature",
      "properties": {
        "@id": "way/1300687926",
        "amenity": "restaurant",
        "building": "yes",
        "name": "dogra dhaba"
      },
      "geometry": {
        "type": "Polygon",
        "coordinates": [
          [
            [
              75.6997411,
              31.2541693
            ],
            [
              75.699676,
              31.2540604
            ],
            [
              75.6997381,
              31.2540309
            ],
            [
              75.6998023,
              31.2541376
            ],
            [
              75.6997411,
              31.2541693
            ]
          ]
        ]
      },
      "id": "way/1300687926"
    },
    {
      "type": "Feature",
      "properties": {
        "@id": "way/1300687927",
        "building": "yes",
        "name": "Lally apartment"
      },
      "geometry": {
        "type": "Polygon",
        "coordinates": [
          [
            [
              75.6993428,
              31.2539603
            ],
            [
              75.6993056,
              31.2539091
            ],
            [
              75.6993848,
              31.2538596
            ],
            [
              75.6994258,
              31.2539163
            ],
            [
              75.6993428,
              31.2539603
            ]
          ]
        ]
      },
      "id": "way/1300687927"
    },
    {
      "type": "Feature",
      "properties": {
        "@id": "way/1300687928",
        "building": "yes"
      },
      "geometry": {
        "type": "Polygon",
        "coordinates": [
          [
            [
              75.6993707,
              31.2539962
            ],
            [
              75.6994535,
              31.2539535
            ],
            [
              75.6994872,
              31.254
            ],
            [
              75.6994082,
              31.2540467
            ],
            [
              75.6993707,
              31.2539962
            ]
          ]
        ]
      },
      "id": "way/1300687928"
    },
    {
      "type": "Feature",
      "properties": {
        "@id": "way/1300687929",
        "building": "yes"
      },
      "geometry": {
        "type": "Polygon",
        "coordinates": [
          [
            [
              75.6992965,
              31.2540845
            ],
            [
              75.6992315,
              31.2539994
            ],
            [
              75.6992811,
              31.2539822
            ],
            [
              75.6993031,
              31.2540138
            ],
            [
              75.6993392,
              31.2540658
            ],
            [
              75.6992965,
              31.2540845
            ]
          ]
        ]
      },
      "id": "way/1300687929"
    },
    {
      "type": "Feature",
      "properties": {
        "@id": "way/1300687930",
        "building": "yes"
      },
      "geometry": {
        "type": "Polygon",
        "coordinates": [
          [
            [
              75.6993392,
              31.2540658
            ],
            [
              75.6993031,
              31.2540138
            ],
            [
              75.6993589,
              31.2539892
            ],
            [
              75.6993946,
              31.2540393
            ],
            [
              75.6993392,
              31.2540658
            ]
          ]
        ]
      },
      "id": "way/1300687930"
    },
    {
      "type": "Feature",
      "properties": {
        "@id": "way/1300687931",
        "building": "yes",
        "name": "Ten2Nine",
        "shop": "bakery"
      },
      "geometry": {
        "type": "Polygon",
        "coordinates": [
          [
            [
              75.6995193,
              31.2544315
            ],
            [
              75.699433,
              31.2543019
            ],
            [
              75.6994827,
              31.2542739
            ],
            [
              75.6995691,
              31.2544085
            ],
            [
              75.6995193,
              31.2544315
            ]
          ]
        ]
      },
      "id": "way/1300687931"
    },
    {
      "type": "Feature",
      "properties": {
        "@id": "way/1300687932",
        "building": "yes"
      },
      "geometry": {
        "type": "Polygon",
        "coordinates": [
          [
            [
              75.6992039,
              31.2545847
            ],
            [
              75.6991185,
              31.2544569
            ],
            [
              75.6992031,
              31.2544109
            ],
            [
              75.6992908,
              31.2545446
            ],
            [
              75.6992039,
              31.2545847
            ]
          ]
        ]
      },
      "id": "way/1300687932"
    },
    {
      "type": "Feature",
      "properties": {
        "@id": "way/1300700284",
        "building": "yes"
      },
      "geometry": {
        "type": "Polygon",
        "coordinates": [
          [
            [
              75.6979823,
              31.2531514
            ],
            [
              75.6979907,
              31.2531095
            ],
            [
              75.6981114,
              31.2531247
            ],
            [
              75.6981034,
              31.2531712
            ],
            [
              75.6979823,
              31.2531514
            ]
          ]
        ]
      },
      "id": "way/1300700284"
    },
    {
      "type": "Feature",
      "properties": {
        "@id": "way/1300700285",
        "building": "yes"
      },
      "geometry": {
        "type": "Polygon",
        "coordinates": [
          [
            [
              75.6979676,
              31.2533208
            ],
            [
              75.6979759,
              31.2532422
            ],
            [
              75.6980965,
              31.253253
            ],
            [
              75.6980889,
              31.2533315
            ],
            [
              75.6979676,
              31.2533208
            ]
          ]
        ]
      },
      "id": "way/1300700285"
    },
    {
      "type": "Feature",
      "properties": {
        "@id": "way/1300700286",
        "building": "yes"
      },
      "geometry": {
        "type": "Polygon",
        "coordinates": [
          [
            [
              75.6980753,
              31.2533501
            ],
            [
              75.6980724,
              31.2534091
            ],
            [
              75.69794,
              31.2534047
            ],
            [
              75.6979467,
              31.2533429
            ],
            [
              75.6980753,
              31.2533501
            ]
          ]
        ]
      },
      "id": "way/1300700286"
    },
    {
      "type": "Feature",
      "properties": {
        "@id": "way/1300700287",
        "building": "yes"
      },
      "geometry": {
        "type": "Polygon",
        "coordinates": [
          [
            [
              75.697575,
              31.2531528
            ],
            [
              75.6975949,
              31.2530006
            ],
            [
              75.697715,
              31.2530172
            ],
            [
              75.6976904,
              31.2531567
            ],
            [
              75.697575,
              31.2531528
            ]
          ]
        ]
      },
      "id": "way/1300700287"
    },
    {
      "type": "Feature",
      "properties": {
        "@id": "way/1300700288",
        "building": "yes"
      },
      "geometry": {
        "type": "Polygon",
        "coordinates": [
          [
            [
              75.6977359,
              31.2531275
            ],
            [
              75.697746,
              31.2530561
            ],
            [
              75.6978616,
              31.2530657
            ],
            [
              75.697851,
              31.2531364
            ],
            [
              75.6977359,
              31.2531275
            ]
          ]
        ]
      },
      "id": "way/1300700288"
    },
    {
      "type": "Feature",
      "properties": {
        "@id": "way/1300700289",
        "building": "yes"
      },
      "geometry": {
        "type": "Polygon",
        "coordinates": [
          [
            [
              75.6977003,
              31.2532821
            ],
            [
              75.6977066,
              31.2532376
            ],
            [
              75.6978456,
              31.2532463
            ],
            [
              75.6978426,
              31.2532931
            ],
            [
              75.6977003,
              31.2532821
            ]
          ]
        ]
      },
      "id": "way/1300700289"
    },
    {
      "type": "Feature",
      "properties": {
        "@id": "way/1300700290",
        "building": "yes"
      },
      "geometry": {
        "type": "Polygon",
        "coordinates": [
          [
            [
              75.6975581,
              31.2532705
            ],
            [
              75.697575,
              31.2531528
            ],
            [
              75.6976904,
              31.2531567
            ],
            [
              75.6976742,
              31.2532845
            ],
            [
              75.6975581,
              31.2532705
            ]
          ]
        ]
      },
      "id": "way/1300700290"
    },
    {
      "type": "Feature",
      "properties": {
        "@id": "way/1300700291",
        "building": "yes"
      },
      "geometry": {
        "type": "Polygon",
        "coordinates": [
          [
            [
              75.6976722,
              31.2534537
            ],
            [
              75.6976743,
              31.2534107
            ],
            [
              75.6978212,
              31.2534173
            ],
            [
              75.6978152,
              31.253462
            ],
            [
              75.6976722,
              31.2534537
            ]
          ]
        ]
      },
      "id": "way/1300700291"
    },
    {
      "type": "Feature",
      "properties": {
        "@id": "way/1300700292",
        "building": "yes"
      },
      "geometry": {
        "type": "Polygon",
        "coordinates": [
          [
            [
              75.6975333,
              31.2533646
            ],
            [
              75.6975428,
              31.2532813
            ],
            [
              75.6976847,
              31.253297
            ],
            [
              75.697678,
              31.2533771
            ],
            [
              75.6975333,
              31.2533646
            ]
          ]
        ]
      },
      "id": "way/1300700292"
    },
    {
      "type": "Feature",
      "properties": {
        "@id": "way/1300700293",
        "building": "yes"
      },
      "geometry": {
        "type": "Polygon",
        "coordinates": [
          [
            [
              75.6975274,
              31.2534336
            ],
            [
              75.6975327,
              31.2533718
            ],
            [
              75.6976663,
              31.2533846
            ],
            [
              75.6976554,
              31.2534445
            ],
            [
              75.6975274,
              31.2534336
            ]
          ]
        ]
      },
      "id": "way/1300700293"
    },
    {
      "type": "Feature",
      "properties": {
        "@id": "way/1300700294",
        "building": "yes"
      },
      "geometry": {
        "type": "Polygon",
        "coordinates": [
          [
            [
              75.6974642,
              31.2535587
            ],
            [
              75.6974739,
              31.2534708
            ],
            [
              75.6975761,
              31.2534759
            ],
            [
              75.6975665,
              31.2535643
            ],
            [
              75.6974642,
              31.2535587
            ]
          ]
        ]
      },
      "id": "way/1300700294"
    },
    {
      "type": "Feature",
      "properties": {
        "@id": "way/1300700295",
        "building": "yes"
      },
      "geometry": {
        "type": "Polygon",
        "coordinates": [
          [
            [
              75.6977536,
              31.2535556
            ],
            [
              75.6977597,
              31.2534957
            ],
            [
              75.6978112,
              31.2534984
            ],
            [
              75.6978058,
              31.2535607
            ],
            [
              75.6977536,
              31.2535556
            ]
          ]
        ]
      },
      "id": "way/1300700295"
    },
    {
      "type": "Feature",
      "properties": {
        "@id": "way/1300700296",
        "building": "yes"
      },
      "geometry": {
        "type": "Polygon",
        "coordinates": [
          [
            [
              75.6992269,
              31.2539863
            ],
            [
              75.6992041,
              31.2539593
            ],
            [
              75.6991723,
              31.253974
            ],
            [
              75.699126,
              31.2539086
            ],
            [
              75.6992332,
              31.2538491
            ],
            [
              75.6992954,
              31.2539443
            ],
            [
              75.6992269,
              31.2539863
            ]
          ]
        ]
      },
      "id": "way/1300700296"
    },
    {
      "type": "Feature",
      "properties": {
        "@id": "way/1300700297",
        "building": "yes"
      },
      "geometry": {
        "type": "Polygon",
        "coordinates": [
          [
            [
              75.6990495,
              31.2540343
            ],
            [
              75.6990034,
              31.2539737
            ],
            [
              75.6990762,
              31.2539294
            ],
            [
              75.6991315,
              31.2540004
            ],
            [
              75.6991218,
              31.2540077
            ],
            [
              75.699142,
              31.254037
            ],
            [
              75.699104,
              31.25406
            ],
            [
              75.6990678,
              31.2540202
            ],
            [
              75.6990495,
              31.2540343
            ]
          ]
        ]
      },
      "id": "way/1300700297"
    },
    {
      "type": "Feature",
      "properties": {
        "@id": "way/1300700298",
        "building": "yes"
      },
      "geometry": {
        "type": "Polygon",
        "coordinates": [
          [
            [
              75.699159,
              31.2541701
            ],
            [
              75.6990953,
              31.2540678
            ],
            [
              75.6991397,
              31.2540489
            ],
            [
              75.6992065,
              31.2541488
            ],
            [
              75.699159,
              31.2541701
            ]
          ]
        ]
      },
      "id": "way/1300700298"
    },
    {
      "type": "Feature",
      "properties": {
        "@id": "way/1300700299",
        "building": "yes"
      },
      "geometry": {
        "type": "Polygon",
        "coordinates": [
          [
            [
              75.6990649,
              31.2542072
            ],
            [
              75.698975,
              31.2540727
            ],
            [
              75.699023,
              31.2540486
            ],
            [
              75.699113,
              31.2541815
            ],
            [
              75.6990649,
              31.2542072
            ]
          ]
        ]
      },
      "id": "way/1300700299"
    },
    {
      "type": "Feature",
      "properties": {
        "@id": "way/1300700300",
        "building": "yes"
      },
      "geometry": {
        "type": "Polygon",
        "coordinates": [
          [
            [
              75.6988891,
              31.2542904
            ],
            [
              75.6988056,
              31.2541571
            ],
            [
              75.6988852,
              31.254115
            ],
            [
              75.6989794,
              31.2542486
            ],
            [
              75.6988891,
              31.2542904
            ]
          ]
        ]
      },
      "id": "way/1300700300"
    },
    {
      "type": "Feature",
      "properties": {
        "@id": "way/1300700301",
        "building": "yes",
        "name": "Simar Land Promoters",
        "office": "property_management"
      },
      "geometry": {
        "type": "Polygon",
        "coordinates": [
          [
            [
              75.6995935,
              31.2543066
            ],
            [
              75.6995517,
              31.2542344
            ],
            [
              75.6996233,
              31.254208
            ],
            [
              75.6996685,
              31.2542768
            ],
            [
              75.6995935,
              31.2543066
            ]
          ]
        ]
      },
      "id": "way/1300700301"
    },
    {
      "type": "Feature",
      "properties": {
        "@id": "way/1300700302",
        "amenity": "cafe",
        "building": "yes",
        "name": "Kulhad Masti"
      },
      "geometry": {
        "type": "Polygon",
        "coordinates": [
          [
            [
              75.6995265,
              31.2543231
            ],
            [
              75.6994938,
              31.2542696
            ],
            [
              75.6995409,
              31.2542463
            ],
            [
              75.6995805,
              31.2543039
            ],
            [
              75.6995265,
              31.2543231
            ]
          ]
        ]
      },
      "id": "way/1300700302"
    },
    {
      "type": "Feature",
      "properties": {
        "@id": "way/1300700303",
        "amenity": "restaurant",
        "building": "yes",
        "name": "Ghost Shooter"
      },
      "geometry": {
        "type": "Polygon",
        "coordinates": [
          [
            [
              75.6994396,
              31.2544836
            ],
            [
              75.6993359,
              31.25434
            ],
            [
              75.6993913,
              31.2543134
            ],
            [
              75.699492,
              31.2544487
            ],
            [
              75.6994396,
              31.2544836
            ]
          ]
        ]
      },
      "id": "way/1300700303"
    },
    {
      "type": "Feature",
      "properties": {
        "@id": "way/1300700304",
        "building": "yes"
      },
      "geometry": {
        "type": "Polygon",
        "coordinates": [
          [
            [
              75.6993341,
              31.2545245
            ],
            [
              75.6992474,
              31.2544003
            ],
            [
              75.699325,
              31.2543649
            ],
            [
              75.6994094,
              31.254493
            ],
            [
              75.6993341,
              31.2545245
            ]
          ]
        ]
      },
      "id": "way/1300700304"
    },
    {
      "type": "Feature",
      "properties": {
        "@id": "way/1300700305",
        "building": "yes"
      },
      "geometry": {
        "type": "Polygon",
        "coordinates": [
          [
            [
              75.6991113,
              31.2546404
            ],
            [
              75.6990085,
              31.2545046
            ],
            [
              75.6990735,
              31.254475
            ],
            [
              75.6991703,
              31.2546101
            ],
            [
              75.6991113,
              31.2546404
            ]
          ]
        ]
      },
      "id": "way/1300700305"
    },
    {
      "type": "Feature",
      "properties": {
        "@id": "way/1300700306",
        "amenity": "restaurant",
        "building": "yes",
        "name": "Majlis Restaurant"
      },
      "geometry": {
        "type": "Polygon",
        "coordinates": [
          [
            [
              75.6990008,
              31.2546888
            ],
            [
              75.6989025,
              31.2545699
            ],
            [
              75.6989708,
              31.2545328
            ],
            [
              75.6990715,
              31.2546522
            ],
            [
              75.6990008,
              31.2546888
            ]
          ]
        ]
      },
      "id": "way/1300700306"
    },
    {
      "type": "Feature",
      "properties": {
        "@id": "way/1300700307",
        "building": "yes"
      },
      "geometry": {
        "type": "Polygon",
        "coordinates": [
          [
            [
              75.6980425,
              31.2547252
            ],
            [
              75.6980595,
              31.2545845
            ],
            [
              75.6981526,
              31.2545934
            ],
            [
              75.6981335,
              31.2547315
            ],
            [
              75.6980425,
              31.2547252
            ]
          ]
        ]
      },
      "id": "way/1300700307"
    },
    {
      "type": "Feature",
      "properties": {
        "@id": "way/1300700308",
        "building": "yes"
      },
      "geometry": {
        "type": "Polygon",
        "coordinates": [
          [
            [
              75.698155,
              31.2547298
            ],
            [
              75.6981705,
              31.2545991
            ],
            [
              75.6982603,
              31.2546032
            ],
            [
              75.6982595,
              31.2546113
            ],
            [
              75.6982412,
              31.2547381
            ],
            [
              75.698155,
              31.2547298
            ]
          ]
        ]
      },
      "id": "way/1300700308"
    },
    {
      "type": "Feature",
      "properties": {
        "@id": "way/1300700309",
        "building": "yes"
      },
      "geometry": {
        "type": "Polygon",
        "coordinates": [
          [
            [
              75.6982666,
              31.2546098
            ],
            [
              75.6983599,
              31.2546163
            ],
            [
              75.698304,
              31.2549371
            ],
            [
              75.6982089,
              31.2549353
            ],
            [
              75.6982666,
              31.2546098
            ]
          ]
        ]
      },
      "id": "way/1300700309"
    },
    {
      "type": "Feature",
      "properties": {
        "@id": "way/1300700310",
        "building": "yes"
      },
      "geometry": {
        "type": "Polygon",
        "coordinates": [
          [
            [
              75.6980304,
              31.2548147
            ],
            [
              75.6980388,
              31.254736
            ],
            [
              75.6982322,
              31.2547443
            ],
            [
              75.6982213,
              31.2548217
            ],
            [
              75.6980304,
              31.2548147
            ]
          ]
        ]
      },
      "id": "way/1300700310"
    },
    {
      "type": "Feature",
      "properties": {
        "@id": "way/1300700311",
        "building": "yes"
      },
      "geometry": {
        "type": "Polygon",
        "coordinates": [
          [
            [
              75.6985973,
              31.2540864
            ],
            [
              75.6986125,
              31.2539726
            ],
            [
              75.698709,
              31.2539771
            ],
            [
              75.6986962,
              31.2540979
            ],
            [
              75.6985973,
              31.2540864
            ]
          ]
        ]
      },
      "id": "way/1300700311"
    },
    {
      "type": "Feature",
      "properties": {
        "@id": "way/1300700312",
        "building": "yes"
      },
      "geometry": {
        "type": "Polygon",
        "coordinates": [
          [
            [
              75.6985593,
              31.2540163
            ],
            [
              75.6985638,
              31.2539755
            ],
            [
              75.698597,
              31.2539781
            ],
            [
              75.69859,
              31.254011
            ],
            [
              75.6985593,
              31.2540163
            ]
          ]
        ]
      },
      "id": "way/1300700312"
    },
    {
      "type": "Feature",
      "properties": {
        "@id": "way/1300700313",
        "building": "yes"
      },
      "geometry": {
        "type": "Polygon",
        "coordinates": [
          [
            [
              75.6986244,
              31.2542579
            ],
            [
              75.6987231,
              31.2541956
            ],
            [
              75.6988281,
              31.2543297
            ],
            [
              75.6987194,
              31.2543824
            ],
            [
              75.6986244,
              31.2542579
            ]
          ]
        ]
      },
      "id": "way/1300700313"
    },
    {
      "type": "Feature",
      "properties": {
        "@id": "way/1300700314",
        "building": "yes"
      },
      "geometry": {
        "type": "Polygon",
        "coordinates": [
          [
            [
              75.6986188,
              31.2544098
            ],
            [
              75.6985552,
              31.2543055
            ],
            [
              75.6985973,
              31.2542788
            ],
            [
              75.6986675,
              31.2543904
            ],
            [
              75.6986188,
              31.2544098
            ]
          ]
        ]
      },
      "id": "way/1300700314"
    },
    {
      "type": "Feature",
      "properties": {
        "@id": "way/1300700315",
        "building": "yes"
      },
      "geometry": {
        "type": "Polygon",
        "coordinates": [
          [
            [
              75.6982403,
              31.2543785
            ],
            [
              75.6982511,
              31.2542783
            ],
            [
              75.6983682,
              31.2542909
            ],
            [
              75.698351,
              31.2543826
            ],
            [
              75.6982403,
              31.2543785
            ]
          ]
        ]
      },
      "id": "way/1300700315"
    },
    {
      "type": "Feature",
      "properties": {
        "@id": "way/1300700316",
        "building": "yes"
      },
      "geometry": {
        "type": "Polygon",
        "coordinates": [
          [
            [
              75.6982647,
              31.254173
            ],
            [
              75.6982828,
              31.2541027
            ],
            [
              75.6983909,
              31.2541153
            ],
            [
              75.6983747,
              31.2541936
            ],
            [
              75.6982647,
              31.254173
            ]
          ]
        ]
      },
      "id": "way/1300700316"
    },
    {
      "type": "Feature",
      "properties": {
        "@id": "way/1300700317",
        "building": "yes"
      },
      "geometry": {
        "type": "Polygon",
        "coordinates": [
          [
            [
              75.6981705,
              31.2539614
            ],
            [
              75.6980701,
              31.2539565
            ],
            [
              75.6979976,
              31.2539529
            ],
            [
              75.698005,
              31.2538842
            ],
            [
              75.6981815,
              31.2538933
            ],
            [
              75.6981705,
              31.2539614
            ]
          ]
        ]
      },
      "id": "way/1300700317"
    },
    {
      "type": "Feature",
      "properties": {
        "@id": "way/1300700318",
        "building": "yes"
      },
      "geometry": {
        "type": "Polygon",
        "coordinates": [
          [
            [
              75.6980651,
              31.2540521
            ],
            [
              75.6980701,
              31.2539565
            ],
            [
              75.6981705,
              31.2539614
            ],
            [
              75.6981568,
              31.2540605
            ],
            [
              75.6980651,
              31.2540521
            ]
          ]
        ]
      },
      "id": "way/1300700318"
    },
    {
      "type": "Feature",
      "properties": {
        "@id": "way/1300700319",
        "building": "yes"
      },
      "geometry": {
        "type": "Polygon",
        "coordinates": [
          [
            [
              75.6975996,
              31.2544101
            ],
            [
              75.6976217,
              31.2542795
            ],
            [
              75.6977323,
              31.2542894
            ],
            [
              75.6977187,
              31.2544191
            ],
            [
              75.6975996,
              31.2544101
            ]
          ]
        ]
      },
      "id": "way/1300700319"
    },
    {
      "type": "Feature",
      "properties": {
        "@id": "way/1300700320",
        "building": "yes"
      },
      "geometry": {
        "type": "Polygon",
        "coordinates": [
          [
            [
              75.6977913,
              31.2544197
            ],
            [
              75.6977187,
              31.2544191
            ],
            [
              75.6977323,
              31.2542894
            ],
            [
              75.6978175,
              31.254295
            ],
            [
              75.6977913,
              31.2544197
            ]
          ]
        ]
      },
      "id": "way/1300700320"
    },
    {
      "type": "Feature",
      "properties": {
        "@id": "way/1300700322",
        "building": "yes"
      },
      "geometry": {
        "type": "Polygon",
        "coordinates": [
          [
            [
              75.6971622,
              31.2541816
            ],
            [
              75.6971799,
              31.2541032
            ],
            [
              75.6972805,
              31.2541207
            ],
            [
              75.6972592,
              31.2541982
            ],
            [
              75.6971622,
              31.2541816
            ]
          ]
        ]
      },
      "id": "way/1300700322"
    },
    {
      "type": "Feature",
      "properties": {
        "@id": "way/1300700323",
        "building": "yes"
      },
      "geometry": {
        "type": "Polygon",
        "coordinates": [
          [
            [
              75.6978961,
              31.2544436
            ],
            [
              75.6979158,
              31.2543232
            ],
            [
              75.6979948,
              31.2543255
            ],
            [
              75.6979721,
              31.2544499
            ],
            [
              75.6978961,
              31.2544436
            ]
          ]
        ]
      },
      "id": "way/1300700323"
    },
    {
      "type": "Feature",
      "properties": {
        "@id": "way/1300700324",
        "building": "yes"
      },
      "geometry": {
        "type": "Polygon",
        "coordinates": [
          [
            [
              75.6979721,
              31.2544499
            ],
            [
              75.6979948,
              31.2543255
            ],
            [
              75.6980923,
              31.2543374
            ],
            [
              75.6980689,
              31.2544557
            ],
            [
              75.6979721,
              31.2544499
            ]
          ]
        ]
      },
      "id": "way/1300700324"
    },
    {
      "type": "Feature",
      "properties": {
        "@id": "way/1300700325",
        "building": "yes"
      },
      "geometry": {
        "type": "Polygon",
        "coordinates": [
          [
            [
              75.69772,
              31.2539919
            ],
            [
              75.6977299,
              31.253927
            ],
            [
              75.6980464,
              31.253975
            ],
            [
              75.6980369,
              31.254027
            ],
            [
              75.69772,
              31.2539919
            ]
          ]
        ]
      },
      "id": "way/1300700325"
    },
    {
      "type": "Feature",
      "properties": {
        "@id": "way/1300700326",
        "building": "yes"
      },
      "geometry": {
        "type": "Polygon",
        "coordinates": [
          [
            [
              75.6964124,
              31.2519523
            ],
            [
              75.6964225,
              31.2518477
            ],
            [
              75.6965523,
              31.2518584
            ],
            [
              75.69655,
              31.2519135
            ],
            [
              75.6965481,
              31.2519566
            ],
            [
              75.6964124,
              31.2519523
            ]
          ]
        ]
      },
      "id": "way/1300700326"
    },
    {
      "type": "Feature",
      "properties": {
        "@id": "way/1300700327",
        "building": "yes"
      },
      "geometry": {
        "type": "Polygon",
        "coordinates": [
          [
            [
              75.696686,
              31.2519619
            ],
            [
              75.6966949,
              31.2519221
            ],
            [
              75.6967027,
              31.2518878
            ],
            [
              75.6968231,
              31.2518911
            ],
            [
              75.6968204,
              31.2519728
            ],
            [
              75.696686,
              31.2519619
            ]
          ]
        ]
      },
      "id": "way/1300700327"
    },
    {
      "type": "Feature",
      "properties": {
        "@id": "way/1300700328",
        "building": "yes"
      },
      "geometry": {
        "type": "Polygon",
        "coordinates": [
          [
            [
              75.69655,
              31.2519135
            ],
            [
              75.6965523,
              31.2518584
            ],
            [
              75.6967047,
              31.2518701
            ],
            [
              75.6966949,
              31.2519221
            ],
            [
              75.69655,
              31.2519135
            ]
          ]
        ]
      },
      "id": "way/1300700328"
    },
    {
      "type": "Feature",
      "properties": {
        "@id": "way/1300700329",
        "building": "yes"
      },
      "geometry": {
        "type": "Polygon",
        "coordinates": [
          [
            [
              75.6968999,
              31.251985
            ],
            [
              75.6968204,
              31.2519728
            ],
            [
              75.6968231,
              31.2518911
            ],
            [
              75.6969061,
              31.251899
            ],
            [
              75.6968999,
              31.251985
            ]
          ]
        ]
      },
      "id": "way/1300700329"
    },
    {
      "type": "Feature",
      "properties": {
        "@id": "way/1300700330",
        "building": "yes"
      },
      "geometry": {
        "type": "Polygon",
        "coordinates": [
          [
            [
              75.6966659,
              31.2521756
            ],
            [
              75.696685,
              31.2520701
            ],
            [
              75.6967383,
              31.2520814
            ],
            [
              75.6967278,
              31.2521784
            ],
            [
              75.6966659,
              31.2521756
            ]
          ]
        ]
      },
      "id": "way/1300700330"
    },
    {
      "type": "Feature",
      "properties": {
        "@id": "way/1300700331",
        "building": "yes"
      },
      "geometry": {
        "type": "Polygon",
        "coordinates": [
          [
            [
              75.6966173,
              31.2521666
            ],
            [
              75.6965566,
              31.2521608
            ],
            [
              75.6965674,
              31.2520635
            ],
            [
              75.6966251,
              31.2520656
            ],
            [
              75.6966173,
              31.2521666
            ]
          ]
        ]
      },
      "id": "way/1300700331"
    },
    {
      "type": "Feature",
      "properties": {
        "@id": "way/1300700332",
        "building": "yes"
      },
      "geometry": {
        "type": "Polygon",
        "coordinates": [
          [
            [
              75.6964921,
              31.2521552
            ],
            [
              75.696504,
              31.2520576
            ],
            [
              75.6965534,
              31.2520611
            ],
            [
              75.6965416,
              31.2521572
            ],
            [
              75.6964921,
              31.2521552
            ]
          ]
        ]
      },
      "id": "way/1300700332"
    },
    {
      "type": "Feature",
      "properties": {
        "@id": "way/1300700333",
        "building": "yes"
      },
      "geometry": {
        "type": "Polygon",
        "coordinates": [
          [
            [
              75.696834,
              31.2521901
            ],
            [
              75.696851,
              31.2520939
            ],
            [
              75.6969533,
              31.2521047
            ],
            [
              75.6969432,
              31.2521982
            ],
            [
              75.696834,
              31.2521901
            ]
          ]
        ]
      },
      "id": "way/1300700333"
    },
    {
      "type": "Feature",
      "properties": {
        "@id": "way/1300700334",
        "building": "yes"
      },
      "geometry": {
        "type": "Polygon",
        "coordinates": [
          [
            [
              75.6970124,
              31.252198
            ],
            [
              75.6969613,
              31.2522022
            ],
            [
              75.6969735,
              31.2521154
            ],
            [
              75.6970255,
              31.2521131
            ],
            [
              75.6970124,
              31.252198
            ]
          ]
        ]
      },
      "id": "way/1300700334"
    },
    {
      "type": "Feature",
      "properties": {
        "@id": "way/1300700335",
        "building": "yes"
      },
      "geometry": {
        "type": "Polygon",
        "coordinates": [
          [
            [
              75.6963287,
              31.2521476
            ],
            [
              75.6963343,
              31.2520444
            ],
            [
              75.6964614,
              31.2520478
            ],
            [
              75.6964523,
              31.2521488
            ],
            [
              75.6963287,
              31.2521476
            ]
          ]
        ]
      },
      "id": "way/1300700335"
    },
    {
      "type": "Feature",
      "properties": {
        "@id": "way/1300700336",
        "building": "yes"
      },
      "geometry": {
        "type": "Polygon",
        "coordinates": [
          [
            [
              75.6974828,
              31.252236
            ],
            [
              75.6974942,
              31.2521477
            ],
            [
              75.697573,
              31.2521468
            ],
            [
              75.6975616,
              31.2522403
            ],
            [
              75.6974828,
              31.252236
            ]
          ]
        ]
      },
      "id": "way/1300700336"
    },
    {
      "type": "Feature",
      "properties": {
        "@id": "way/1300700337",
        "building": "yes"
      },
      "geometry": {
        "type": "Polygon",
        "coordinates": [
          [
            [
              75.6973625,
              31.2522332
            ],
            [
              75.6973675,
              31.2521477
            ],
            [
              75.6974796,
              31.2521515
            ],
            [
              75.697463,
              31.2522426
            ],
            [
              75.6973625,
              31.2522332
            ]
          ]
        ]
      },
      "id": "way/1300700337"
    },
    {
      "type": "Feature",
      "properties": {
        "@id": "way/1300700338",
        "building": "yes"
      },
      "geometry": {
        "type": "Polygon",
        "coordinates": [
          [
            [
              75.6972406,
              31.2522236
            ],
            [
              75.6972563,
              31.2521344
            ],
            [
              75.6973571,
              31.2521411
            ],
            [
              75.6973526,
              31.2522315
            ],
            [
              75.6972406,
              31.2522236
            ]
          ]
        ]
      },
      "id": "way/1300700338"
    },
    {
      "type": "Feature",
      "properties": {
        "@id": "way/1300700339",
        "building": "yes"
      },
      "geometry": {
        "type": "Polygon",
        "coordinates": [
          [
            [
              75.6970684,
              31.2522086
            ],
            [
              75.6970834,
              31.252111
            ],
            [
              75.6972468,
              31.2521233
            ],
            [
              75.6972331,
              31.2522232
            ],
            [
              75.6970684,
              31.2522086
            ]
          ]
        ]
      },
      "id": "way/1300700339"
    },
    {
      "type": "Feature",
      "properties": {
        "@id": "way/1300700340",
        "building": "yes"
      },
      "geometry": {
        "type": "Polygon",
        "coordinates": [
          [
            [
              75.6973103,
              31.2525125
            ],
            [
              75.6973268,
              31.2523113
            ],
            [
              75.6975696,
              31.252329
            ],
            [
              75.6975452,
              31.2525341
            ],
            [
              75.6973103,
              31.2525125
            ]
          ]
        ]
      },
      "id": "way/1300700340"
    },
    {
      "type": "Feature",
      "properties": {
        "@id": "way/1300700341",
        "building": "yes"
      },
      "geometry": {
        "type": "Polygon",
        "coordinates": [
          [
            [
              75.6971737,
              31.2524649
            ],
            [
              75.6971912,
              31.2523197
            ],
            [
              75.697312,
              31.252323
            ],
            [
              75.6973019,
              31.2524754
            ],
            [
              75.6971737,
              31.2524649
            ]
          ]
        ]
      },
      "id": "way/1300700341"
    },
    {
      "type": "Feature",
      "properties": {
        "@id": "way/1300700342",
        "building": "yes"
      },
      "geometry": {
        "type": "Polygon",
        "coordinates": [
          [
            [
              75.6971653,
              31.2525603
            ],
            [
              75.6971738,
              31.252477
            ],
            [
              75.6973006,
              31.2524843
            ],
            [
              75.6972906,
              31.2525677
            ],
            [
              75.6971653,
              31.2525603
            ]
          ]
        ]
      },
      "id": "way/1300700342"
    },
    {
      "type": "Feature",
      "properties": {
        "@id": "way/1300700343",
        "building": "yes"
      },
      "geometry": {
        "type": "Polygon",
        "coordinates": [
          [
            [
              75.6968168,
              31.2524525
            ],
            [
              75.6968297,
              31.2523718
            ],
            [
              75.696902,
              31.2523795
            ],
            [
              75.6968975,
              31.2524647
            ],
            [
              75.6968168,
              31.2524525
            ]
          ]
        ]
      },
      "id": "way/1300700343"
    },
    {
      "type": "Feature",
      "properties": {
        "@id": "way/1300700344",
        "building": "yes"
      },
      "geometry": {
        "type": "Polygon",
        "coordinates": [
          [
            [
              75.6969101,
              31.2524565
            ],
            [
              75.6969133,
              31.2523842
            ],
            [
              75.6970059,
              31.2523921
            ],
            [
              75.6970015,
              31.2524676
            ],
            [
              75.6969101,
              31.2524565
            ]
          ]
        ]
      },
      "id": "way/1300700344"
    },
    {
      "type": "Feature",
      "properties": {
        "@id": "way/1300700345",
        "building": "yes"
      },
      "geometry": {
        "type": "Polygon",
        "coordinates": [
          [
            [
              75.6969101,
              31.2523684
            ],
            [
              75.6969224,
              31.2522871
            ],
            [
              75.6970413,
              31.2522968
            ],
            [
              75.6970262,
              31.2523747
            ],
            [
              75.6969101,
              31.2523684
            ]
          ]
        ]
      },
      "id": "way/1300700345"
    },
    {
      "type": "Feature",
      "properties": {
        "@id": "way/1300700346",
        "building": "yes"
      },
      "geometry": {
        "type": "Polygon",
        "coordinates": [
          [
            [
              75.6967919,
              31.2525196
            ],
            [
              75.6968063,
              31.2524592
            ],
            [
              75.6969878,
              31.2524794
            ],
            [
              75.6969782,
              31.2525455
            ],
            [
              75.6967919,
              31.2525196
            ]
          ]
        ]
      },
      "id": "way/1300700346"
    },
    {
      "type": "Feature",
      "properties": {
        "@id": "way/1300700347",
        "building": "yes"
      },
      "geometry": {
        "type": "Polygon",
        "coordinates": [
          [
            [
              75.6967899,
              31.2526166
            ],
            [
              75.6968007,
              31.2525353
            ],
            [
              75.6969667,
              31.2525529
            ],
            [
              75.6969552,
              31.2526282
            ],
            [
              75.6967899,
              31.2526166
            ]
          ]
        ]
      },
      "id": "way/1300700347"
    },
    {
      "type": "Feature",
      "properties": {
        "@id": "way/1300700348",
        "building": "yes"
      },
      "geometry": {
        "type": "Polygon",
        "coordinates": [
          [
            [
              75.6970375,
              31.2523659
            ],
            [
              75.6970444,
              31.2523037
            ],
            [
              75.6971422,
              31.2523092
            ],
            [
              75.6971351,
              31.2523732
            ],
            [
              75.6970375,
              31.2523659
            ]
          ]
        ]
      },
      "id": "way/1300700348"
    },
    {
      "type": "Feature",
      "properties": {
        "@id": "way/1300700349",
        "building": "yes"
      },
      "geometry": {
        "type": "Polygon",
        "coordinates": [
          [
            [
              75.6970226,
              31.2524428
            ],
            [
              75.6970347,
              31.2523724
            ],
            [
              75.6971341,
              31.2523784
            ],
            [
              75.6971232,
              31.2524552
            ],
            [
              75.6970226,
              31.2524428
            ]
          ]
        ]
      },
      "id": "way/1300700349"
    },
    {
      "type": "Feature",
      "properties": {
        "@id": "way/1300700350",
        "building": "yes",
        "name": "sharma pg",
        "tourism": "apartment"
      },
      "geometry": {
        "type": "Polygon",
        "coordinates": [
          [
            [
              75.6967509,
              31.2528008
            ],
            [
              75.6967591,
              31.2526883
            ],
            [
              75.6969633,
              31.2527056
            ],
            [
              75.696957,
              31.2528217
            ],
            [
              75.6967509,
              31.2528008
            ]
          ]
        ]
      },
      "id": "way/1300700350"
    },
    {
      "type": "Feature",
      "properties": {
        "@id": "way/1300700351",
        "building": "yes"
      },
      "geometry": {
        "type": "Polygon",
        "coordinates": [
          [
            [
              75.6964595,
              31.2523422
            ],
            [
              75.696473,
              31.2522773
            ],
            [
              75.6967277,
              31.2522979
            ],
            [
              75.6967197,
              31.2523704
            ],
            [
              75.6964595,
              31.2523422
            ]
          ]
        ]
      },
      "id": "way/1300700351"
    },
    {
      "type": "Feature",
      "properties": {
        "@id": "way/1300700352",
        "building": "yes"
      },
      "geometry": {
        "type": "Polygon",
        "coordinates": [
          [
            [
              75.69646,
              31.2524332
            ],
            [
              75.6964629,
              31.2523581
            ],
            [
              75.696715,
              31.2523799
            ],
            [
              75.6967065,
              31.2524557
            ],
            [
              75.69646,
              31.2524332
            ]
          ]
        ]
      },
      "id": "way/1300700352"
    },
    {
      "type": "Feature",
      "properties": {
        "@id": "way/1300700353",
        "building": "yes"
      },
      "geometry": {
        "type": "Polygon",
        "coordinates": [
          [
            [
              75.6972213,
              31.2514542
            ],
            [
              75.697153,
              31.2514528
            ],
            [
              75.6971584,
              31.2513629
            ],
            [
              75.697239,
              31.251361
            ],
            [
              75.6972213,
              31.2514542
            ]
          ]
        ]
      },
      "id": "way/1300700353"
    },
    {
      "type": "Feature",
      "properties": {
        "@id": "way/1300700354",
        "building": "yes"
      },
      "geometry": {
        "type": "Polygon",
        "coordinates": [
          [
            [
              75.6970811,
              31.2514483
            ],
            [
              75.6970867,
              31.2513665
            ],
            [
              75.6971479,
              31.2513641
            ],
            [
              75.6971473,
              31.2513969
            ],
            [
              75.6971463,
              31.2514521
            ],
            [
              75.6970811,
              31.2514483
            ]
          ]
        ]
      },
      "id": "way/1300700354"
    },
    {
      "type": "Feature",
      "properties": {
        "@id": "way/1300700355",
        "building": "yes"
      },
      "geometry": {
        "type": "Polygon",
        "coordinates": [
          [
            [
              75.6970138,
              31.2514417
            ],
            [
              75.6970202,
              31.2513655
            ],
            [
              75.6970867,
              31.2513665
            ],
            [
              75.6970811,
              31.2514483
            ],
            [
              75.6970138,
              31.2514417
            ]
          ]
        ]
      },
      "id": "way/1300700355"
    },
    {
      "type": "Feature",
      "properties": {
        "@id": "way/1300700356",
        "building": "yes"
      },
      "geometry": {
        "type": "Polygon",
        "coordinates": [
          [
            [
              75.6965048,
              31.2511033
            ],
            [
              75.6965116,
              31.2510436
            ],
            [
              75.6966147,
              31.2510555
            ],
            [
              75.6966097,
              31.2511134
            ],
            [
              75.6965048,
              31.2511033
            ]
          ]
        ]
      },
      "id": "way/1300700356"
    },
    {
      "type": "Feature",
      "properties": {
        "@id": "way/1300700357",
        "building": "yes"
      },
      "geometry": {
        "type": "Polygon",
        "coordinates": [
          [
            [
              75.696116,
              31.2510775
            ],
            [
              75.6961217,
              31.2510287
            ],
            [
              75.6962296,
              31.2510398
            ],
            [
              75.6962239,
              31.2510879
            ],
            [
              75.696116,
              31.2510775
            ]
          ]
        ]
      },
      "id": "way/1300700357"
    },
    {
      "type": "Feature",
      "properties": {
        "@id": "way/1300700358",
        "building": "yes"
      },
      "geometry": {
        "type": "Polygon",
        "coordinates": [
          [
            [
              75.6962296,
              31.2510398
            ],
            [
              75.6961217,
              31.2510287
            ],
            [
              75.6961295,
              31.250969
            ],
            [
              75.6962386,
              31.2509807
            ],
            [
              75.6962296,
              31.2510398
            ]
          ]
        ]
      },
      "id": "way/1300700358"
    },
    {
      "type": "Feature",
      "properties": {
        "@id": "way/1300700359",
        "building": "yes"
      },
      "geometry": {
        "type": "Polygon",
        "coordinates": [
          [
            [
              75.6961295,
              31.250969
            ],
            [
              75.696138,
              31.2509113
            ],
            [
              75.696248,
              31.2509206
            ],
            [
              75.6962386,
              31.2509807
            ],
            [
              75.6961295,
              31.250969
            ]
          ]
        ]
      },
      "id": "way/1300700359"
    },
    {
      "type": "Feature",
      "properties": {
        "@id": "way/1300700360",
        "building": "yes"
      },
      "geometry": {
        "type": "Polygon",
        "coordinates": [
          [
            [
              75.696138,
              31.2509113
            ],
            [
              75.6961467,
              31.2508623
            ],
            [
              75.6962551,
              31.2508694
            ],
            [
              75.696248,
              31.2509206
            ],
            [
              75.696138,
              31.2509113
            ]
          ]
        ]
      },
      "id": "way/1300700360"
    },
    {
      "type": "Feature",
      "properties": {
        "@id": "way/1300700361",
        "building": "yes"
      },
      "geometry": {
        "type": "Polygon",
        "coordinates": [
          [
            [
              75.6962551,
              31.2508694
            ],
            [
              75.6961467,
              31.2508623
            ],
            [
              75.6961569,
              31.2508125
            ],
            [
              75.6962632,
              31.2508174
            ],
            [
              75.6962551,
              31.2508694
            ]
          ]
        ]
      },
      "id": "way/1300700361"
    },
    {
      "type": "Feature",
      "properties": {
        "@id": "way/1300700362",
        "building": "yes"
      },
      "geometry": {
        "type": "Polygon",
        "coordinates": [
          [
            [
              75.6962703,
              31.2509381
            ],
            [
              75.6962823,
              31.2508774
            ],
            [
              75.6963987,
              31.2508933
            ],
            [
              75.6963903,
              31.2509544
            ],
            [
              75.6962703,
              31.2509381
            ]
          ]
        ]
      },
      "id": "way/1300700362"
    },
    {
      "type": "Feature",
      "properties": {
        "@id": "way/1300700363",
        "building": "yes"
      },
      "geometry": {
        "type": "Polygon",
        "coordinates": [
          [
            [
              75.6963987,
              31.2508933
            ],
            [
              75.6962823,
              31.2508774
            ],
            [
              75.6962986,
              31.2507845
            ],
            [
              75.6964134,
              31.2507968
            ],
            [
              75.6963987,
              31.2508933
            ]
          ]
        ]
      },
      "id": "way/1300700363"
    },
    {
      "type": "Feature",
      "properties": {
        "@id": "way/1300700364",
        "building": "yes"
      },
      "geometry": {
        "type": "Polygon",
        "coordinates": [
          [
            [
              75.6964134,
              31.2507968
            ],
            [
              75.6962986,
              31.2507845
            ],
            [
              75.6963067,
              31.2507245
            ],
            [
              75.6964199,
              31.2507328
            ],
            [
              75.6964134,
              31.2507968
            ]
          ]
        ]
      },
      "id": "way/1300700364"
    },
    {
      "type": "Feature",
      "properties": {
        "@id": "way/1300700365",
        "building": "yes"
      },
      "geometry": {
        "type": "Polygon",
        "coordinates": [
          [
            [
              75.6964199,
              31.2507328
            ],
            [
              75.6963067,
              31.2507245
            ],
            [
              75.6963173,
              31.2506276
            ],
            [
              75.6964307,
              31.2506342
            ],
            [
              75.6964199,
              31.2507328
            ]
          ]
        ]
      },
      "id": "way/1300700365"
    },
    {
      "type": "Feature",
      "properties": {
        "@id": "way/1300700366",
        "building": "yes"
      },
      "geometry": {
        "type": "Polygon",
        "coordinates": [
          [
            [
              75.6953909,
              31.2517025
            ],
            [
              75.6954014,
              31.2516201
            ],
            [
              75.6956203,
              31.2516484
            ],
            [
              75.6956097,
              31.2517227
            ],
            [
              75.6953909,
              31.2517025
            ]
          ]
        ]
      },
      "id": "way/1300700366"
    },
    {
      "type": "Feature",
      "properties": {
        "@id": "way/1300700367",
        "building": "yes"
      },
      "geometry": {
        "type": "Polygon",
        "coordinates": [
          [
            [
              75.6951627,
              31.2516756
            ],
            [
              75.6951714,
              31.2516082
            ],
            [
              75.6952823,
              31.2516205
            ],
            [
              75.6952776,
              31.2516851
            ],
            [
              75.6951627,
              31.2516756
            ]
          ]
        ]
      },
      "id": "way/1300700367"
    },
    {
      "type": "Feature",
      "properties": {
        "@id": "way/1300700368",
        "building": "yes"
      },
      "geometry": {
        "type": "Polygon",
        "coordinates": [
          [
            [
              75.6954306,
              31.2514422
            ],
            [
              75.6954401,
              31.2513311
            ],
            [
              75.6955069,
              31.2513322
            ],
            [
              75.6954938,
              31.2514423
            ],
            [
              75.6954306,
              31.2514422
            ]
          ]
        ]
      },
      "id": "way/1300700368"
    },
    {
      "type": "Feature",
      "properties": {
        "@id": "way/1300700370",
        "building": "yes"
      },
      "geometry": {
        "type": "Polygon",
        "coordinates": [
          [
            [
              75.695282,
              31.2516947
            ],
            [
              75.695287,
              31.2516127
            ],
            [
              75.6953946,
              31.2516235
            ],
            [
              75.695383,
              31.2517044
            ],
            [
              75.695282,
              31.2516947
            ]
          ]
        ]
      },
      "id": "way/1300700370"
    },
    {
      "type": "Feature",
      "properties": {
        "@id": "way/1300700371",
        "building": "yes"
      },
      "geometry": {
        "type": "Polygon",
        "coordinates": [
          [
            [
              75.695266,
              31.2511205
            ],
            [
              75.6952783,
              31.2510171
            ],
            [
              75.6953902,
              31.251035
            ],
            [
              75.6953767,
              31.2511294
            ],
            [
              75.695266,
              31.2511205
            ]
          ]
        ]
      },
      "id": "way/1300700371"
    },
    {
      "type": "Feature",
      "properties": {
        "@id": "way/1300700372",
        "building": "yes"
      },
      "geometry": {
        "type": "Polygon",
        "coordinates": [
          [
            [
              75.6952572,
              31.2512357
            ],
            [
              75.6952565,
              31.25117
            ],
            [
              75.6953724,
              31.2511767
            ],
            [
              75.6953631,
              31.2512417
            ],
            [
              75.6952572,
              31.2512357
            ]
          ]
        ]
      },
      "id": "way/1300700372"
    },
    {
      "type": "Feature",
      "properties": {
        "@id": "way/1300700373",
        "building": "yes"
      },
      "geometry": {
        "type": "Polygon",
        "coordinates": [
          [
            [
              75.6952444,
              31.2513385
            ],
            [
              75.6952554,
              31.2512462
            ],
            [
              75.6953635,
              31.2512538
            ],
            [
              75.6953517,
              31.2513508
            ],
            [
              75.6952444,
              31.2513385
            ]
          ]
        ]
      },
      "id": "way/1300700373"
    },
    {
      "type": "Feature",
      "properties": {
        "@id": "way/1300700374",
        "building": "yes"
      },
      "geometry": {
        "type": "Polygon",
        "coordinates": [
          [
            [
              75.6954835,
              31.2511308
            ],
            [
              75.6954929,
              31.2510752
            ],
            [
              75.6955981,
              31.2510765
            ],
            [
              75.6955907,
              31.2511314
            ],
            [
              75.6954835,
              31.2511308
            ]
          ]
        ]
      },
      "id": "way/1300700374"
    },
    {
      "type": "Feature",
      "properties": {
        "@id": "way/1300700375",
        "building": "yes"
      },
      "geometry": {
        "type": "Polygon",
        "coordinates": [
          [
            [
              75.6954919,
              31.251067
            ],
            [
              75.6955009,
              31.2509771
            ],
            [
              75.6956089,
              31.250994
            ],
            [
              75.6955974,
              31.2510695
            ],
            [
              75.6954919,
              31.251067
            ]
          ]
        ]
      },
      "id": "way/1300700375"
    },
    {
      "type": "Feature",
      "properties": {
        "@id": "way/1300700376",
        "building": "yes"
      },
      "geometry": {
        "type": "Polygon",
        "coordinates": [
          [
            [
              75.6956066,
              31.2509871
            ],
            [
              75.6955024,
              31.2509678
            ],
            [
              75.6955158,
              31.2508755
            ],
            [
              75.6956286,
              31.250882
            ],
            [
              75.6956066,
              31.2509871
            ]
          ]
        ]
      },
      "id": "way/1300700376"
    },
    {
      "type": "Feature",
      "properties": {
        "@id": "way/1300700377",
        "building": "yes"
      },
      "geometry": {
        "type": "Polygon",
        "coordinates": [
          [
            [
              75.6955016,
              31.2508474
            ],
            [
              75.6953639,
              31.2508293
            ],
            [
              75.6953764,
              31.2507441
            ],
            [
              75.6955149,
              31.2507559
            ],
            [
              75.6955016,
              31.2508474
            ]
          ]
        ]
      },
      "id": "way/1300700377"
    },
    {
      "type": "Feature",
      "properties": {
        "@id": "way/1300759653",
        "building": "yes",
        "name": "green view pg",
        "tourism": "apartment"
      },
      "geometry": {
        "type": "Polygon",
        "coordinates": [
          [
            [
              75.6974545,
              31.2543806
            ],
            [
              75.6974577,
              31.2543006
            ],
            [
              75.6975177,
              31.2542996
            ],
            [
              75.6975126,
              31.2543816
            ],
            [
              75.6974545,
              31.2543806
            ]
          ]
        ]
      },
      "id": "way/1300759653"
    },
    {
      "type": "Feature",
      "properties": {
        "@id": "way/1300759654",
        "amenity": "restaurant",
        "building": "yes",
        "name": "govinda kitchen"
      },
      "geometry": {
        "type": "Polygon",
        "coordinates": [
          [
            [
              75.6973527,
              31.254602
            ],
            [
              75.6973638,
              31.2545289
            ],
            [
              75.6974781,
              31.2545397
            ],
            [
              75.6974726,
              31.2546089
            ],
            [
              75.6973527,
              31.254602
            ]
          ]
        ]
      },
      "id": "way/1300759654"
    },
    {
      "type": "Feature",
      "properties": {
        "@id": "way/1300759655",
        "amenity": "restaurant",
        "building": "yes",
        "name": "the fat chef"
      },
      "geometry": {
        "type": "Polygon",
        "coordinates": [
          [
            [
              75.697347,
              31.2546383
            ],
            [
              75.6973509,
              31.2546074
            ],
            [
              75.6974712,
              31.2546158
            ],
            [
              75.6974695,
              31.2546441
            ],
            [
              75.697347,
              31.2546383
            ]
          ]
        ]
      },
      "id": "way/1300759655"
    },
    {
      "type": "Feature",
      "properties": {
        "@id": "way/1300759656",
        "amenity": "restaurant",
        "building": "yes"
      },
      "geometry": {
        "type": "Polygon",
        "coordinates": [
          [
            [
              75.6970774,
              31.2545734
            ],
            [
              75.6970843,
              31.2544998
            ],
            [
              75.6972656,
              31.2545168
            ],
            [
              75.6972505,
              31.2545937
            ],
            [
              75.6970774,
              31.2545734
            ]
          ]
        ]
      },
      "id": "way/1300759656"
    },
    {
      "type": "Feature",
      "properties": {
        "@id": "way/1300759657",
        "building": "yes",
        "tourism": "apartment"
      },
      "geometry": {
        "type": "Polygon",
        "coordinates": [
          [
            [
              75.6967957,
              31.2541903
            ],
            [
              75.6968144,
              31.2540834
            ],
            [
              75.6969577,
              31.2540944
            ],
            [
              75.6969441,
              31.2542037
            ],
            [
              75.6967957,
              31.2541903
            ]
          ]
        ]
      },
      "id": "way/1300759657"
    },
    {
      "type": "Feature",
      "properties": {
        "@id": "way/1300759658",
        "building": "yes",
        "tourism": "apartment"
      },
      "geometry": {
        "type": "Polygon",
        "coordinates": [
          [
            [
              75.6970145,
              31.2542174
            ],
            [
              75.6970255,
              31.2541477
            ],
            [
              75.6971325,
              31.2541637
            ],
            [
              75.6971247,
              31.2542291
            ],
            [
              75.6970145,
              31.2542174
            ]
          ]
        ]
      },
      "id": "way/1300759658"
    },
    {
      "type": "Feature",
      "properties": {
        "@id": "way/1300759659",
        "building": "yes",
        "tourism": "apartment"
      },
      "geometry": {
        "type": "Polygon",
        "coordinates": [
          [
            [
              75.6967279,
              31.2543026
            ],
            [
              75.6967451,
              31.2542048
            ],
            [
              75.6968237,
              31.2542122
            ],
            [
              75.6968085,
              31.2543116
            ],
            [
              75.6967279,
              31.2543026
            ]
          ]
        ]
      },
      "id": "way/1300759659"
    },
    {
      "type": "Feature",
      "properties": {
        "@id": "way/1300759660",
        "building": "yes",
        "tourism": "apartment"
      },
      "geometry": {
        "type": "Polygon",
        "coordinates": [
          [
            [
              75.6964813,
              31.2541549
            ],
            [
              75.6964858,
              31.2541033
            ],
            [
              75.6966158,
              31.2541139
            ],
            [
              75.6966157,
              31.2541648
            ],
            [
              75.6964813,
              31.2541549
            ]
          ]
        ]
      },
      "id": "way/1300759660"
    },
    {
      "type": "Feature",
      "properties": {
        "@id": "way/1300759661",
        "building": "yes",
        "tourism": "apartment"
      },
      "geometry": {
        "type": "Polygon",
        "coordinates": [
          [
            [
              75.6965634,
              31.2540653
            ],
            [
              75.6965662,
              31.2540183
            ],
            [
              75.6966471,
              31.2540275
            ],
            [
              75.6966404,
              31.2540738
            ],
            [
              75.6965634,
              31.2540653
            ]
          ]
        ]
      },
      "id": "way/1300759661"
    },
    {
      "type": "Feature",
      "properties": {
        "@id": "way/1300759662",
        "building": "yes",
        "tourism": "apartment"
      },
      "geometry": {
        "type": "Polygon",
        "coordinates": [
          [
            [
              75.6962316,
              31.2541163
            ],
            [
              75.6962536,
              31.2539552
            ],
            [
              75.6963182,
              31.2539617
            ],
            [
              75.6962984,
              31.2541287
            ],
            [
              75.6962316,
              31.2541163
            ]
          ]
        ]
      },
      "id": "way/1300759662"
    },
    {
      "type": "Feature",
      "properties": {
        "@id": "way/1300759665",
        "building": "yes",
        "tourism": "apartment"
      },
      "geometry": {
        "type": "Polygon",
        "coordinates": [
          [
            [
              75.6927044,
              31.2526763
            ],
            [
              75.6927155,
              31.2525502
            ],
            [
              75.6928125,
              31.2525548
            ],
            [
              75.6928037,
              31.2526866
            ],
            [
              75.6927044,
              31.2526763
            ]
          ]
        ]
      },
      "id": "way/1300759665"
    },
    {
      "type": "Feature",
      "properties": {
        "@id": "way/1300759666",
        "building": "yes",
        "tourism": "apartment"
      },
      "geometry": {
        "type": "Polygon",
        "coordinates": [
          [
            [
              75.6928888,
              31.2527459
            ],
            [
              75.6929125,
              31.2525471
            ],
            [
              75.6930052,
              31.2525465
            ],
            [
              75.6930014,
              31.2527579
            ],
            [
              75.6928888,
              31.2527459
            ]
          ]
        ]
      },
      "id": "way/1300759666"
    },
    {
      "type": "Feature",
      "properties": {
        "@id": "way/1300759667",
        "building": "yes",
        "tourism": "apartment"
      },
      "geometry": {
        "type": "Polygon",
        "coordinates": [
          [
            [
              75.692418,
              31.2526464
            ],
            [
              75.6924303,
              31.2525303
            ],
            [
              75.6925268,
              31.2525303
            ],
            [
              75.6925207,
              31.2526568
            ],
            [
              75.692418,
              31.2526464
            ]
          ]
        ]
      },
      "id": "way/1300759667"
    },
    {
      "type": "Feature",
      "properties": {
        "@id": "way/1300759668",
        "building": "yes",
        "tourism": "apartment"
      },
      "geometry": {
        "type": "Polygon",
        "coordinates": [
          [
            [
              75.6920378,
              31.2526167
            ],
            [
              75.6920456,
              31.2524886
            ],
            [
              75.6921339,
              31.2524926
            ],
            [
              75.6921228,
              31.2526235
            ],
            [
              75.6920378,
              31.2526167
            ]
          ]
        ]
      },
      "id": "way/1300759668"
    },
    {
      "type": "Feature",
      "properties": {
        "@id": "way/1300759669",
        "building": "yes",
        "tourism": "apartment"
      },
      "geometry": {
        "type": "Polygon",
        "coordinates": [
          [
            [
              75.6920521,
              31.2523611
            ],
            [
              75.6920745,
              31.2522089
            ],
            [
              75.692258,
              31.2522133
            ],
            [
              75.6922361,
              31.2523787
            ],
            [
              75.6920521,
              31.2523611
            ]
          ]
        ]
      },
      "id": "way/1300759669"
    },
    {
      "type": "Feature",
      "properties": {
        "@id": "way/1300759670",
        "building": "yes",
        "tourism": "apartment"
      },
      "geometry": {
        "type": "Polygon",
        "coordinates": [
          [
            [
              75.6927545,
              31.2523515
            ],
            [
              75.6927696,
              31.2522436
            ],
            [
              75.6928863,
              31.2522627
            ],
            [
              75.6928727,
              31.252408
            ],
            [
              75.6927373,
              31.2523955
            ],
            [
              75.6927545,
              31.2523515
            ]
          ]
        ]
      },
      "id": "way/1300759670"
    },
    {
      "type": "Feature",
      "properties": {
        "@id": "way/1300759671",
        "building": "yes",
        "tourism": "apartment"
      },
      "geometry": {
        "type": "Polygon",
        "coordinates": [
          [
            [
              75.6920222,
              31.2528169
            ],
            [
              75.6920399,
              31.252687
            ],
            [
              75.6921666,
              31.252686
            ],
            [
              75.6921511,
              31.2528461
            ],
            [
              75.6920222,
              31.2528169
            ]
          ]
        ]
      },
      "id": "way/1300759671"
    },
    {
      "type": "Feature",
      "properties": {
        "@id": "way/1300759672",
        "building": "yes"
      },
      "geometry": {
        "type": "Polygon",
        "coordinates": [
          [
            [
              75.6958775,
              31.251106
            ],
            [
              75.6958857,
              31.2510164
            ],
            [
              75.6960018,
              31.2510209
            ],
            [
              75.6959935,
              31.2511097
            ],
            [
              75.6958775,
              31.251106
            ]
          ]
        ]
      },
      "id": "way/1300759672"
    },
    {
      "type": "Feature",
      "properties": {
        "@id": "way/1300759673",
        "building": "yes"
      },
      "geometry": {
        "type": "Polygon",
        "coordinates": [
          [
            [
              75.6958838,
              31.2510064
            ],
            [
              75.6958934,
              31.2509165
            ],
            [
              75.6960096,
              31.2509246
            ],
            [
              75.6960043,
              31.2510096
            ],
            [
              75.6958838,
              31.2510064
            ]
          ]
        ]
      },
      "id": "way/1300759673"
    },
    {
      "type": "Feature",
      "properties": {
        "@id": "way/1300759674",
        "building": "yes"
      },
      "geometry": {
        "type": "Polygon",
        "coordinates": [
          [
            [
              75.6957517,
              31.2509137
            ],
            [
              75.6957775,
              31.2506968
            ],
            [
              75.6959088,
              31.2506969
            ],
            [
              75.6958767,
              31.250923
            ],
            [
              75.695812,
              31.2509166
            ],
            [
              75.6957517,
              31.2509137
            ]
          ]
        ]
      },
      "id": "way/1300759674"
    },
    {
      "type": "Feature",
      "properties": {
        "@id": "way/1300759675",
        "building": "yes"
      },
      "geometry": {
        "type": "Polygon",
        "coordinates": [
          [
            [
              75.6959058,
              31.2508634
            ],
            [
              75.6959171,
              31.250771
            ],
            [
              75.6960282,
              31.2507827
            ],
            [
              75.6960156,
              31.2508731
            ],
            [
              75.6959058,
              31.2508634
            ]
          ]
        ]
      },
      "id": "way/1300759675"
    },
    {
      "type": "Feature",
      "properties": {
        "@id": "way/1300759676",
        "building": "yes"
      },
      "geometry": {
        "type": "Polygon",
        "coordinates": [
          [
            [
              75.6959177,
              31.2507584
            ],
            [
              75.695921,
              31.2507185
            ],
            [
              75.6960339,
              31.2507222
            ],
            [
              75.6960303,
              31.250772
            ],
            [
              75.6959177,
              31.2507584
            ]
          ]
        ]
      },
      "id": "way/1300759676"
    },
    {
      "type": "Feature",
      "properties": {
        "@id": "way/1300759677",
        "building": "yes"
      },
      "geometry": {
        "type": "Polygon",
        "coordinates": [
          [
            [
              75.6959258,
              31.2507055
            ],
            [
              75.6959287,
              31.2505729
            ],
            [
              75.6960445,
              31.2505732
            ],
            [
              75.6960355,
              31.2507141
            ],
            [
              75.6959258,
              31.2507055
            ]
          ]
        ]
      },
      "id": "way/1300759677"
    },
    {
      "type": "Feature",
      "properties": {
        "@id": "way/1300759679",
        "building": "yes"
      },
      "geometry": {
        "type": "Polygon",
        "coordinates": [
          [
            [
              75.6971267,
              31.2528535
            ],
            [
              75.6971615,
              31.2526902
            ],
            [
              75.6973873,
              31.2527228
            ],
            [
              75.6973564,
              31.2528794
            ],
            [
              75.6971267,
              31.2528535
            ]
          ]
        ]
      },
      "id": "way/1300759679"
    },
    {
      "type": "Feature",
      "properties": {
        "@id": "way/1300759680",
        "building": "yes"
      },
      "geometry": {
        "type": "Polygon",
        "coordinates": [
          [
            [
              75.6967072,
              31.2530916
            ],
            [
              75.6967185,
              31.2530146
            ],
            [
              75.6969349,
              31.2530314
            ],
            [
              75.6969284,
              31.2531136
            ],
            [
              75.6967072,
              31.2530916
            ]
          ]
        ]
      },
      "id": "way/1300759680"
    },
    {
      "type": "Feature",
      "properties": {
        "@id": "way/1300759681",
        "building": "yes"
      },
      "geometry": {
        "type": "Polygon",
        "coordinates": [
          [
            [
              75.6972444,
              31.2530348
            ],
            [
              75.6972517,
              31.2529408
            ],
            [
              75.6974904,
              31.2529745
            ],
            [
              75.6974802,
              31.2530565
            ],
            [
              75.6972444,
              31.2530348
            ]
          ]
        ]
      },
      "id": "way/1300759681"
    },
    {
      "type": "Feature",
      "properties": {
        "@id": "way/1300759682",
        "building": "yes"
      },
      "geometry": {
        "type": "Polygon",
        "coordinates": [
          [
            [
              75.6972568,
              31.2531435
            ],
            [
              75.697265,
              31.2530644
            ],
            [
              75.697445,
              31.2530855
            ],
            [
              75.6974398,
              31.2531556
            ],
            [
              75.6972568,
              31.2531435
            ]
          ]
        ]
      },
      "id": "way/1300759682"
    },
    {
      "type": "Feature",
      "properties": {
        "@id": "way/1300759683",
        "building": "yes",
        "name": "DPS Apartment",
        "tourism": "apartment"
      },
      "geometry": {
        "type": "Polygon",
        "coordinates": [
          [
            [
              75.6968824,
              31.2534371
            ],
            [
              75.6969227,
              31.2531844
            ],
            [
              75.6970096,
              31.253191
            ],
            [
              75.6969667,
              31.2534441
            ],
            [
              75.6968824,
              31.2534371
            ]
          ]
        ]
      },
      "id": "way/1300759683"
    },
    {
      "type": "Feature",
      "properties": {
        "@id": "way/1300759684",
        "building": "yes"
      },
      "geometry": {
        "type": "Polygon",
        "coordinates": [
          [
            [
              75.6970641,
              31.2534527
            ],
            [
              75.6969667,
              31.2534441
            ],
            [
              75.6970096,
              31.253191
            ],
            [
              75.6971083,
              31.2532047
            ],
            [
              75.6970641,
              31.2534527
            ]
          ]
        ]
      },
      "id": "way/1300759684"
    },
    {
      "type": "Feature",
      "properties": {
        "@id": "way/1300759685",
        "building": "yes"
      },
      "geometry": {
        "type": "Polygon",
        "coordinates": [
          [
            [
              75.6971498,
              31.2535109
            ],
            [
              75.6971679,
              31.2534076
            ],
            [
              75.6973108,
              31.2534316
            ],
            [
              75.6972968,
              31.2535312
            ],
            [
              75.6971498,
              31.2535109
            ]
          ]
        ]
      },
      "id": "way/1300759685"
    },
    {
      "type": "Feature",
      "properties": {
        "@id": "way/1300759686",
        "building": "yes"
      },
      "geometry": {
        "type": "Polygon",
        "coordinates": [
          [
            [
              75.6924389,
              31.2553335
            ],
            [
              75.692456,
              31.2551802
            ],
            [
              75.6926038,
              31.2551852
            ],
            [
              75.6925886,
              31.2553401
            ],
            [
              75.6924389,
              31.2553335
            ]
          ]
        ]
      },
      "id": "way/1300759686"
    },
    {
      "type": "Feature",
      "properties": {
        "@id": "way/1300759687",
        "building": "yes"
      },
      "geometry": {
        "type": "Polygon",
        "coordinates": [
          [
            [
              75.6926922,
              31.2552636
            ],
            [
              75.6927036,
              31.2551686
            ],
            [
              75.6928641,
              31.2551756
            ],
            [
              75.692859,
              31.2552825
            ],
            [
              75.6926922,
              31.2552636
            ]
          ]
        ]
      },
      "id": "way/1300759687"
    },
    {
      "type": "Feature",
      "properties": {
        "@id": "way/1300759688",
        "building": "yes"
      },
      "geometry": {
        "type": "Polygon",
        "coordinates": [
          [
            [
              75.6929559,
              31.2554091
            ],
            [
              75.6929716,
              31.2553041
            ],
            [
              75.6931601,
              31.2553278
            ],
            [
              75.6931582,
              31.2554326
            ],
            [
              75.6929559,
              31.2554091
            ]
          ]
        ]
      },
      "id": "way/1300759688"
    },
    {
      "type": "Feature",
      "properties": {
        "@id": "way/1300759689",
        "building": "yes"
      },
      "geometry": {
        "type": "Polygon",
        "coordinates": [
          [
            [
              75.6929507,
              31.2552864
            ],
            [
              75.6929584,
              31.2551838
            ],
            [
              75.6930546,
              31.2551885
            ],
            [
              75.6930436,
              31.2552962
            ],
            [
              75.6929507,
              31.2552864
            ]
          ]
        ]
      },
      "id": "way/1300759689"
    },
    {
      "type": "Feature",
      "properties": {
        "@id": "way/1300759690",
        "building": "yes",
        "tourism": "apartment"
      },
      "geometry": {
        "type": "Polygon",
        "coordinates": [
          [
            [
              75.6939289,
              31.2562742
            ],
            [
              75.6939482,
              31.2561057
            ],
            [
              75.69428,
              31.2561392
            ],
            [
              75.6942568,
              31.256298
            ],
            [
              75.6939289,
              31.2562742
            ]
          ]
        ]
      },
      "id": "way/1300759690"
    },
    {
      "type": "Feature",
      "properties": {
        "@id": "way/1300759691",
        "building": "yes"
      },
      "geometry": {
        "type": "Polygon",
        "coordinates": [
          [
            [
              75.694424,
              31.2559106
            ],
            [
              75.6944396,
              31.2557673
            ],
            [
              75.6947656,
              31.2557913
            ],
            [
              75.6947548,
              31.2559453
            ],
            [
              75.694424,
              31.2559106
            ]
          ]
        ]
      },
      "id": "way/1300759691"
    },
    {
      "type": "Feature",
      "properties": {
        "@id": "way/1300759692",
        "building": "yes",
        "tourism": "apartment"
      },
      "geometry": {
        "type": "Polygon",
        "coordinates": [
          [
            [
              75.6943767,
              31.2565189
            ],
            [
              75.6943922,
              31.2563511
            ],
            [
              75.6946978,
              31.2563617
            ],
            [
              75.694678,
              31.2565372
            ],
            [
              75.6943767,
              31.2565189
            ]
          ]
        ]
      },
      "id": "way/1300759692"
    },
    {
      "type": "Feature",
      "properties": {
        "@id": "way/1300759693",
        "building": "yes"
      },
      "geometry": {
        "type": "Polygon",
        "coordinates": [
          [
            [
              75.6952507,
              31.2558889
            ],
            [
              75.6952663,
              31.2557921
            ],
            [
              75.6955052,
              31.2557962
            ],
            [
              75.6954918,
              31.2559152
            ],
            [
              75.6952507,
              31.2558889
            ]
          ]
        ]
      },
      "id": "way/1300759693"
    },
    {
      "type": "Feature",
      "properties": {
        "@id": "way/1300759694",
        "building": "yes"
      },
      "geometry": {
        "type": "Polygon",
        "coordinates": [
          [
            [
              75.6952358,
              31.2556984
            ],
            [
              75.6952463,
              31.2555948
            ],
            [
              75.6955266,
              31.2556199
            ],
            [
              75.6955185,
              31.2557236
            ],
            [
              75.6952358,
              31.2556984
            ]
          ]
        ]
      },
      "id": "way/1300759694"
    },
    {
      "type": "Feature",
      "properties": {
        "@id": "way/1300759695",
        "building": "yes"
      },
      "geometry": {
        "type": "Polygon",
        "coordinates": [
          [
            [
              75.6946462,
              31.2556148
            ],
            [
              75.6946766,
              31.2555004
            ],
            [
              75.6948348,
              31.2555278
            ],
            [
              75.6948198,
              31.2556296
            ],
            [
              75.6946462,
              31.2556148
            ]
          ]
        ]
      },
      "id": "way/1300759695"
    },
    {
      "type": "Feature",
      "properties": {
        "@id": "way/1300759696",
        "building": "yes"
      },
      "geometry": {
        "type": "Polygon",
        "coordinates": [
          [
            [
              75.6944658,
              31.2555893
            ],
            [
              75.6944829,
              31.2555026
            ],
            [
              75.6946009,
              31.2555107
            ],
            [
              75.6945932,
              31.2555971
            ],
            [
              75.6944658,
              31.2555893
            ]
          ]
        ]
      },
      "id": "way/1300759696"
    },
    {
      "type": "Feature",
      "properties": {
        "@id": "way/1300759697",
        "building": "yes"
      },
      "geometry": {
        "type": "Polygon",
        "coordinates": [
          [
            [
              75.6944461,
              31.2557504
            ],
            [
              75.6944676,
              31.2556476
            ],
            [
              75.6946293,
              31.2556726
            ],
            [
              75.6946235,
              31.2557635
            ],
            [
              75.6944461,
              31.2557504
            ]
          ]
        ]
      },
      "id": "way/1300759697"
    },
    {
      "type": "Feature",
      "properties": {
        "@id": "way/1300759698",
        "building": "yes"
      },
      "geometry": {
        "type": "Polygon",
        "coordinates": [
          [
            [
              75.6953221,
              31.255106
            ],
            [
              75.6953569,
              31.2548282
            ],
            [
              75.6954619,
              31.2548442
            ],
            [
              75.6954149,
              31.2551136
            ],
            [
              75.6953221,
              31.255106
            ]
          ]
        ]
      },
      "id": "way/1300759698"
    },
    {
      "type": "Feature",
      "properties": {
        "@id": "way/1300759699",
        "building": "yes"
      },
      "geometry": {
        "type": "Polygon",
        "coordinates": [
          [
            [
              75.6960208,
              31.2550947
            ],
            [
              75.69603,
              31.2549914
            ],
            [
              75.6963952,
              31.2550132
            ],
            [
              75.6963819,
              31.2551366
            ],
            [
              75.6960208,
              31.2550947
            ]
          ]
        ]
      },
      "id": "way/1300759699"
    },
    {
      "type": "Feature",
      "properties": {
        "@id": "way/1300759700",
        "building": "yes",
        "tourism": "apartment"
      },
      "geometry": {
        "type": "Polygon",
        "coordinates": [
          [
            [
              75.6946137,
              31.2541196
            ],
            [
              75.6946435,
              31.2539441
            ],
            [
              75.6947667,
              31.2539539
            ],
            [
              75.6948189,
              31.2539581
            ],
            [
              75.6947917,
              31.2541379
            ],
            [
              75.6946137,
              31.2541196
            ]
          ]
        ]
      },
      "id": "way/1300759700"
    },
    {
      "type": "Feature",
      "properties": {
        "@id": "way/1300759701",
        "building": "yes"
      },
      "geometry": {
        "type": "Polygon",
        "coordinates": [
          [
            [
              75.6944438,
              31.2540891
            ],
            [
              75.694469,
              31.2539877
            ],
            [
              75.6946,
              31.2540061
            ],
            [
              75.6945832,
              31.2541086
            ],
            [
              75.6944438,
              31.2540891
            ]
          ]
        ]
      },
      "id": "way/1300759701"
    },
    {
      "type": "Feature",
      "properties": {
        "@id": "way/1300759702",
        "building": "yes"
      },
      "geometry": {
        "type": "Polygon",
        "coordinates": [
          [
            [
              75.6945627,
              31.2542267
            ],
            [
              75.6945792,
              31.2541305
            ],
            [
              75.6947265,
              31.2541508
            ],
            [
              75.6947129,
              31.2542451
            ],
            [
              75.6945627,
              31.2542267
            ]
          ]
        ]
      },
      "id": "way/1300759702"
    },
    {
      "type": "Feature",
      "properties": {
        "@id": "way/1300759704",
        "air_conditioning": "yes",
        "building": "yes",
        "internet_access:fee": "yes",
        "name": "Red Apple Living",
        "tourism": "apartment"
      },
      "geometry": {
        "type": "Polygon",
        "coordinates": [
          [
            [
              75.6954891,
              31.253778
            ],
            [
              75.6954988,
              31.2537101
            ],
            [
              75.6957311,
              31.2537218
            ],
            [
              75.6957149,
              31.2538057
            ],
            [
              75.6954891,
              31.253778
            ]
          ]
        ]
      },
      "id": "way/1300759704"
    },
    {
      "type": "Feature",
      "properties": {
        "@id": "way/1300759705",
        "building": "yes"
      },
      "geometry": {
        "type": "Polygon",
        "coordinates": [
          [
            [
              75.694637,
              31.253766
            ],
            [
              75.6946464,
              31.2536845
            ],
            [
              75.6948624,
              31.2537075
            ],
            [
              75.6948482,
              31.253787
            ],
            [
              75.694637,
              31.253766
            ]
          ]
        ]
      },
      "id": "way/1300759705"
    },
    {
      "type": "Feature",
      "properties": {
        "@id": "way/1300759706",
        "building": "yes"
      },
      "geometry": {
        "type": "Polygon",
        "coordinates": [
          [
            [
              75.6946592,
              31.2538698
            ],
            [
              75.6946653,
              31.2537917
            ],
            [
              75.6948305,
              31.253802
            ],
            [
              75.6948317,
              31.2538794
            ],
            [
              75.6946592,
              31.2538698
            ]
          ]
        ]
      },
      "id": "way/1300759706"
    },
    {
      "type": "Feature",
      "properties": {
        "@id": "way/1300759707",
        "building": "yes"
      },
      "geometry": {
        "type": "Polygon",
        "coordinates": [
          [
            [
              75.6945204,
              31.2536146
            ],
            [
              75.694536,
              31.2534517
            ],
            [
              75.694661,
              31.2534663
            ],
            [
              75.6946565,
              31.2536231
            ],
            [
              75.6945204,
              31.2536146
            ]
          ]
        ]
      },
      "id": "way/1300759707"
    },
    {
      "type": "Feature",
      "properties": {
        "@id": "way/1300759708",
        "building": "yes"
      },
      "geometry": {
        "type": "Polygon",
        "coordinates": [
          [
            [
              75.6951333,
              31.2541649
            ],
            [
              75.6951444,
              31.2540931
            ],
            [
              75.695346,
              31.2541098
            ],
            [
              75.695346,
              31.2541885
            ],
            [
              75.6951333,
              31.2541649
            ]
          ]
        ]
      },
      "id": "way/1300759708"
    },
    {
      "type": "Feature",
      "properties": {
        "@id": "way/1300759709",
        "building": "yes"
      },
      "geometry": {
        "type": "Polygon",
        "coordinates": [
          [
            [
              75.6949164,
              31.2542868
            ],
            [
              75.6949422,
              31.2541597
            ],
            [
              75.6950051,
              31.2541659
            ],
            [
              75.6949853,
              31.2542954
            ],
            [
              75.6949164,
              31.2542868
            ]
          ]
        ]
      },
      "id": "way/1300759709"
    },
    {
      "type": "Feature",
      "properties": {
        "@id": "way/1300759710",
        "building": "yes"
      },
      "geometry": {
        "type": "Polygon",
        "coordinates": [
          [
            [
              75.6950419,
              31.2542897
            ],
            [
              75.6950591,
              31.2541757
            ],
            [
              75.6951252,
              31.2541817
            ],
            [
              75.6951037,
              31.2542949
            ],
            [
              75.6950419,
              31.2542897
            ]
          ]
        ]
      },
      "id": "way/1300759710"
    },
    {
      "type": "Feature",
      "properties": {
        "@id": "way/1300759711",
        "building": "yes"
      },
      "geometry": {
        "type": "Polygon",
        "coordinates": [
          [
            [
              75.6951682,
              31.2542949
            ],
            [
              75.6951882,
              31.2541859
            ],
            [
              75.6952383,
              31.2541947
            ],
            [
              75.6952228,
              31.2543058
            ],
            [
              75.6951682,
              31.2542949
            ]
          ]
        ]
      },
      "id": "way/1300759711"
    },
    {
      "type": "Feature",
      "properties": {
        "@id": "way/1300759712",
        "building": "yes"
      },
      "geometry": {
        "type": "Polygon",
        "coordinates": [
          [
            [
              75.6954028,
              31.2545392
            ],
            [
              75.6954164,
              31.2544624
            ],
            [
              75.6956013,
              31.2544802
            ],
            [
              75.6955964,
              31.2545684
            ],
            [
              75.6954028,
              31.2545392
            ]
          ]
        ]
      },
      "id": "way/1300759712"
    },
    {
      "type": "Feature",
      "properties": {
        "@id": "way/1300759713",
        "building": "yes"
      },
      "geometry": {
        "type": "Polygon",
        "coordinates": [
          [
            [
              75.6952104,
              31.2545387
            ],
            [
              75.6952251,
              31.254448
            ],
            [
              75.6953544,
              31.254455
            ],
            [
              75.6953412,
              31.2545538
            ],
            [
              75.6952104,
              31.2545387
            ]
          ]
        ]
      },
      "id": "way/1300759713"
    },
    {
      "type": "Feature",
      "properties": {
        "@id": "way/1300759714",
        "building": "yes"
      },
      "geometry": {
        "type": "Polygon",
        "coordinates": [
          [
            [
              75.6949998,
              31.2533187
            ],
            [
              75.6950253,
              31.2531861
            ],
            [
              75.6951474,
              31.2531935
            ],
            [
              75.6951197,
              31.2533327
            ],
            [
              75.6949998,
              31.2533187
            ]
          ]
        ]
      },
      "id": "way/1300759714"
    },
    {
      "type": "Feature",
      "properties": {
        "@id": "way/1300759715",
        "building": "yes"
      },
      "geometry": {
        "type": "Polygon",
        "coordinates": [
          [
            [
              75.6949777,
              31.2530625
            ],
            [
              75.6949989,
              31.2529299
            ],
            [
              75.6950785,
              31.2529367
            ],
            [
              75.6950619,
              31.2530677
            ],
            [
              75.6949777,
              31.2530625
            ]
          ]
        ]
      },
      "id": "way/1300759715"
    },
    {
      "type": "Feature",
      "properties": {
        "@id": "way/1300759716",
        "building": "yes"
      },
      "geometry": {
        "type": "Polygon",
        "coordinates": [
          [
            [
              75.6953663,
              31.2531183
            ],
            [
              75.695383,
              31.2530351
            ],
            [
              75.6955178,
              31.2530595
            ],
            [
              75.6955041,
              31.2531456
            ],
            [
              75.6953663,
              31.2531183
            ]
          ]
        ]
      },
      "id": "way/1300759716"
    },
    {
      "type": "Feature",
      "properties": {
        "@id": "way/1300759717",
        "building": "yes"
      },
      "geometry": {
        "type": "Polygon",
        "coordinates": [
          [
            [
              75.6953265,
              31.2533425
            ],
            [
              75.6953366,
              31.2532341
            ],
            [
              75.6955023,
              31.2532388
            ],
            [
              75.6954843,
              31.2533576
            ],
            [
              75.6953265,
              31.2533425
            ]
          ]
        ]
      },
      "id": "way/1300759717"
    },
    {
      "type": "Feature",
      "properties": {
        "@id": "way/1300762502",
        "building": "yes",
        "tourism": "apartment"
      },
      "geometry": {
        "type": "Polygon",
        "coordinates": [
          [
            [
              75.6977119,
              31.2537903
            ],
            [
              75.6977272,
              31.253661
            ],
            [
              75.6979037,
              31.2536819
            ],
            [
              75.6978898,
              31.2538166
            ],
            [
              75.6977119,
              31.2537903
            ]
          ]
        ]
      },
      "id": "way/1300762502"
    },
    {
      "type": "Feature",
      "properties": {
        "@id": "way/1300762503",
        "building": "yes",
        "tourism": "apartment"
      },
      "geometry": {
        "type": "Polygon",
        "coordinates": [
          [
            [
              75.6974015,
              31.2537797
            ],
            [
              75.6974297,
              31.2536347
            ],
            [
              75.697511,
              31.2536383
            ],
            [
              75.6975062,
              31.2537309
            ],
            [
              75.6974585,
              31.2537287
            ],
            [
              75.6974499,
              31.2537931
            ],
            [
              75.6974015,
              31.2537797
            ]
          ]
        ]
      },
      "id": "way/1300762503"
    },
    {
      "type": "Feature",
      "properties": {
        "@id": "way/1300762504",
        "building": "yes"
      },
      "geometry": {
        "type": "Polygon",
        "coordinates": [
          [
            [
              75.6947843,
              31.2527727
            ],
            [
              75.6946757,
              31.2527621
            ],
            [
              75.6946827,
              31.2527101
            ],
            [
              75.6947921,
              31.2527228
            ],
            [
              75.6947843,
              31.2527727
            ]
          ]
        ]
      },
      "id": "way/1300762504"
    },
    {
      "type": "Feature",
      "properties": {
        "@id": "way/1300762505",
        "building": "yes"
      },
      "geometry": {
        "type": "Polygon",
        "coordinates": [
          [
            [
              75.6948786,
              31.2526847
            ],
            [
              75.6948893,
              31.2526023
            ],
            [
              75.694982,
              31.2526107
            ],
            [
              75.6949813,
              31.2526933
            ],
            [
              75.6948786,
              31.2526847
            ]
          ]
        ]
      },
      "id": "way/1300762505"
    },
    {
      "type": "Feature",
      "properties": {
        "@id": "way/1300762506",
        "building": "yes"
      },
      "geometry": {
        "type": "Polygon",
        "coordinates": [
          [
            [
              75.6949945,
              31.2526144
            ],
            [
              75.6950071,
              31.2524076
            ],
            [
              75.6951059,
              31.2524163
            ],
            [
              75.695094,
              31.2526251
            ],
            [
              75.6949945,
              31.2526144
            ]
          ]
        ]
      },
      "id": "way/1300762506"
    },
    {
      "type": "Feature",
      "properties": {
        "@id": "way/1300762507",
        "building": "yes"
      },
      "geometry": {
        "type": "Polygon",
        "coordinates": [
          [
            [
              75.6952227,
              31.25082
            ],
            [
              75.6952352,
              31.2507333
            ],
            [
              75.6953055,
              31.2507406
            ],
            [
              75.6952952,
              31.2508225
            ],
            [
              75.6952227,
              31.25082
            ]
          ]
        ]
      },
      "id": "way/1300762507"
    },
    {
      "type": "Feature",
      "properties": {
        "@id": "way/1300762508",
        "building": "yes"
      },
      "geometry": {
        "type": "Polygon",
        "coordinates": [
          [
            [
              75.6955343,
              31.250729
            ],
            [
              75.6955378,
              31.2506797
            ],
            [
              75.6956521,
              31.2506846
            ],
            [
              75.6956408,
              31.2507373
            ],
            [
              75.6955343,
              31.250729
            ]
          ]
        ]
      },
      "id": "way/1300762508"
    },
    {
      "type": "Feature",
      "properties": {
        "@id": "way/1300762509",
        "building": "yes"
      },
      "geometry": {
        "type": "Polygon",
        "coordinates": [
          [
            [
              75.6949353,
              31.2508549
            ],
            [
              75.6949443,
              31.250808
            ],
            [
              75.6950583,
              31.2508133
            ],
            [
              75.6950526,
              31.2508602
            ],
            [
              75.6949353,
              31.2508549
            ]
          ]
        ]
      },
      "id": "way/1300762509"
    },
    {
      "type": "Feature",
      "properties": {
        "@id": "way/1300762510",
        "building": "yes"
      },
      "geometry": {
        "type": "Polygon",
        "coordinates": [
          [
            [
              75.6955974,
              31.2502323
            ],
            [
              75.6956081,
              31.2501497
            ],
            [
              75.6957166,
              31.2501572
            ],
            [
              75.6957077,
              31.2502432
            ],
            [
              75.6955974,
              31.2502323
            ]
          ]
        ]
      },
      "id": "way/1300762510"
    },
    {
      "type": "Feature",
      "properties": {
        "@id": "way/1300762511",
        "building": "yes"
      },
      "geometry": {
        "type": "Polygon",
        "coordinates": [
          [
            [
              75.6955919,
              31.2502866
            ],
            [
              75.695597,
              31.2502414
            ],
            [
              75.6957024,
              31.2502535
            ],
            [
              75.6956987,
              31.2502949
            ],
            [
              75.6955919,
              31.2502866
            ]
          ]
        ]
      },
      "id": "way/1300762511"
    },
    {
      "type": "Feature",
      "properties": {
        "@id": "way/1300762512",
        "building": "yes"
      },
      "geometry": {
        "type": "Polygon",
        "coordinates": [
          [
            [
              75.6955713,
              31.2504344
            ],
            [
              75.695591,
              31.2503014
            ],
            [
              75.6956972,
              31.2503131
            ],
            [
              75.6956863,
              31.2504443
            ],
            [
              75.6955713,
              31.2504344
            ]
          ]
        ]
      },
      "id": "way/1300762512"
    },
    {
      "type": "Feature",
      "properties": {
        "@id": "way/1300762513",
        "building": "yes"
      },
      "geometry": {
        "type": "Polygon",
        "coordinates": [
          [
            [
              75.6955378,
              31.2506797
            ],
            [
              75.6955488,
              31.2505973
            ],
            [
              75.6956597,
              31.250608
            ],
            [
              75.6956521,
              31.2506846
            ],
            [
              75.6955378,
              31.2506797
            ]
          ]
        ]
      },
      "id": "way/1300762513"
    },
    {
      "type": "Feature",
      "properties": {
        "@id": "way/1300762514",
        "building": "yes"
      },
      "geometry": {
        "type": "Polygon",
        "coordinates": [
          [
            [
              75.6955544,
              31.2505851
            ],
            [
              75.6955684,
              31.2504816
            ],
            [
              75.6956756,
              31.2504954
            ],
            [
              75.6956594,
              31.2505952
            ],
            [
              75.6955544,
              31.2505851
            ]
          ]
        ]
      },
      "id": "way/1300762514"
    },
    {
      "type": "Feature",
      "properties": {
        "@id": "way/1300762515",
        "building": "yes"
      },
      "geometry": {
        "type": "Polygon",
        "coordinates": [
          [
            [
              75.6958349,
              31.2501602
            ],
            [
              75.6958489,
              31.2500689
            ],
            [
              75.6959508,
              31.2500732
            ],
            [
              75.6959311,
              31.250173
            ],
            [
              75.6958349,
              31.2501602
            ]
          ]
        ]
      },
      "id": "way/1300762515"
    },
    {
      "type": "Feature",
      "properties": {
        "@id": "way/1300762516",
        "building": "yes"
      },
      "geometry": {
        "type": "Polygon",
        "coordinates": [
          [
            [
              75.6956731,
              31.2499628
            ],
            [
              75.6956884,
              31.2498743
            ],
            [
              75.6958038,
              31.2498847
            ],
            [
              75.6957996,
              31.2499663
            ],
            [
              75.6956731,
              31.2499628
            ]
          ]
        ]
      },
      "id": "way/1300762516"
    },
    {
      "type": "Feature",
      "properties": {
        "@id": "way/1300762517",
        "building": "yes"
      },
      "geometry": {
        "type": "Polygon",
        "coordinates": [
          [
            [
              75.6959427,
              31.2501711
            ],
            [
              75.6959551,
              31.2500752
            ],
            [
              75.6960083,
              31.250082
            ],
            [
              75.6959952,
              31.2501798
            ],
            [
              75.6959427,
              31.2501711
            ]
          ]
        ]
      },
      "id": "way/1300762517"
    },
    {
      "type": "Feature",
      "properties": {
        "@id": "way/1300762518",
        "building": "yes"
      },
      "geometry": {
        "type": "Polygon",
        "coordinates": [
          [
            [
              75.6960052,
              31.2501662
            ],
            [
              75.6960128,
              31.2500855
            ],
            [
              75.696064,
              31.2500872
            ],
            [
              75.6960548,
              31.2501688
            ],
            [
              75.6960052,
              31.2501662
            ]
          ]
        ]
      },
      "id": "way/1300762518"
    },
    {
      "type": "Feature",
      "properties": {
        "@id": "way/1300762519",
        "building": "yes"
      },
      "geometry": {
        "type": "Polygon",
        "coordinates": [
          [
            [
              75.6960555,
              31.2501838
            ],
            [
              75.6960707,
              31.2500808
            ],
            [
              75.6961182,
              31.2500855
            ],
            [
              75.6961033,
              31.2501859
            ],
            [
              75.6960555,
              31.2501838
            ]
          ]
        ]
      },
      "id": "way/1300762519"
    },
    {
      "type": "Feature",
      "properties": {
        "@id": "way/1300762520",
        "building": "yes"
      },
      "geometry": {
        "type": "Polygon",
        "coordinates": [
          [
            [
              75.696083,
              31.2499909
            ],
            [
              75.6960926,
              31.2499075
            ],
            [
              75.6962055,
              31.2499178
            ],
            [
              75.6961943,
              31.250004
            ],
            [
              75.696083,
              31.2499909
            ]
          ]
        ]
      },
      "id": "way/1300762520"
    },
    {
      "type": "Feature",
      "properties": {
        "@id": "way/1300762521",
        "building": "yes"
      },
      "geometry": {
        "type": "Polygon",
        "coordinates": [
          [
            [
              75.696007,
              31.2499802
            ],
            [
              75.6960162,
              31.2498969
            ],
            [
              75.6960832,
              31.2499072
            ],
            [
              75.6960759,
              31.249988
            ],
            [
              75.696007,
              31.2499802
            ]
          ]
        ]
      },
      "id": "way/1300762521"
    },
    {
      "type": "Feature",
      "properties": {
        "@id": "way/1300762522",
        "building": "yes"
      },
      "geometry": {
        "type": "Polygon",
        "coordinates": [
          [
            [
              75.6959049,
              31.2499763
            ],
            [
              75.6959148,
              31.2498919
            ],
            [
              75.6960046,
              31.2498977
            ],
            [
              75.6959963,
              31.2499787
            ],
            [
              75.6959049,
              31.2499763
            ]
          ]
        ]
      },
      "id": "way/1300762522"
    },
    {
      "type": "Feature",
      "properties": {
        "@id": "way/1300762523",
        "building": "yes"
      },
      "geometry": {
        "type": "Polygon",
        "coordinates": [
          [
            [
              75.695992,
              31.24975
            ],
            [
              75.6960054,
              31.2496758
            ],
            [
              75.6961164,
              31.2496831
            ],
            [
              75.696101,
              31.2497635
            ],
            [
              75.695992,
              31.24975
            ]
          ]
        ]
      },
      "id": "way/1300762523"
    },
    {
      "type": "Feature",
      "properties": {
        "@id": "way/1300762524",
        "building": "yes"
      },
      "geometry": {
        "type": "Polygon",
        "coordinates": [
          [
            [
              75.6963355,
              31.2501313
            ],
            [
              75.6963481,
              31.2500459
            ],
            [
              75.6964386,
              31.2500611
            ],
            [
              75.6964397,
              31.2501424
            ],
            [
              75.6963355,
              31.2501313
            ]
          ]
        ]
      },
      "id": "way/1300762524"
    },
    {
      "type": "Feature",
      "properties": {
        "@id": "way/1300762525",
        "building": "yes"
      },
      "geometry": {
        "type": "Polygon",
        "coordinates": [
          [
            [
              75.696386,
              31.250213
            ],
            [
              75.6963873,
              31.2501813
            ],
            [
              75.6964836,
              31.2501858
            ],
            [
              75.696482,
              31.2502185
            ],
            [
              75.696386,
              31.250213
            ]
          ]
        ]
      },
      "id": "way/1300762525"
    },
    {
      "type": "Feature",
      "properties": {
        "@id": "way/1300762526",
        "building": "yes"
      },
      "geometry": {
        "type": "Polygon",
        "coordinates": [
          [
            [
              75.6960737,
              31.2513608
            ],
            [
              75.6960855,
              31.2512759
            ],
            [
              75.6961588,
              31.2512779
            ],
            [
              75.6961488,
              31.2513691
            ],
            [
              75.6960737,
              31.2513608
            ]
          ]
        ]
      },
      "id": "way/1300762526"
    },
    {
      "type": "Feature",
      "properties": {
        "@id": "way/1300762527",
        "building": "yes"
      },
      "geometry": {
        "type": "Polygon",
        "coordinates": [
          [
            [
              75.6959424,
              31.2513477
            ],
            [
              75.6959484,
              31.2512876
            ],
            [
              75.6960124,
              31.2512968
            ],
            [
              75.6960049,
              31.2513539
            ],
            [
              75.6959424,
              31.2513477
            ]
          ]
        ]
      },
      "id": "way/1300762527"
    },
    {
      "type": "Feature",
      "properties": {
        "@id": "way/1300762528",
        "building": "yes"
      },
      "geometry": {
        "type": "Polygon",
        "coordinates": [
          [
            [
              75.6950976,
              31.2513748
            ],
            [
              75.6951126,
              31.2512661
            ],
            [
              75.695223,
              31.2512747
            ],
            [
              75.6952046,
              31.2513903
            ],
            [
              75.6950976,
              31.2513748
            ]
          ]
        ]
      },
      "id": "way/1300762528"
    },
    {
      "type": "Feature",
      "properties": {
        "@id": "way/1300762529",
        "building": "yes"
      },
      "geometry": {
        "type": "Polygon",
        "coordinates": [
          [
            [
              75.6951178,
              31.2512141
            ],
            [
              75.6951304,
              31.251108
            ],
            [
              75.6952328,
              31.2511217
            ],
            [
              75.6952246,
              31.2512197
            ],
            [
              75.6951178,
              31.2512141
            ]
          ]
        ]
      },
      "id": "way/1300762529"
    },
    {
      "type": "Feature",
      "properties": {
        "@id": "way/1300762530",
        "building": "yes"
      },
      "geometry": {
        "type": "Polygon",
        "coordinates": [
          [
            [
              75.6949178,
              31.2510027
            ],
            [
              75.694923,
              31.2509611
            ],
            [
              75.6950308,
              31.2509667
            ],
            [
              75.6950308,
              31.2510178
            ],
            [
              75.6949178,
              31.2510027
            ]
          ]
        ]
      },
      "id": "way/1300762530"
    },
    {
      "type": "Feature",
      "properties": {
        "@id": "way/1300762531",
        "building": "yes"
      },
      "geometry": {
        "type": "Polygon",
        "coordinates": [
          [
            [
              75.6948987,
              31.2511158
            ],
            [
              75.6949025,
              31.2510585
            ],
            [
              75.6950181,
              31.2510621
            ],
            [
              75.6950164,
              31.2511218
            ],
            [
              75.6948987,
              31.2511158
            ]
          ]
        ]
      },
      "id": "way/1300762531"
    },
    {
      "type": "Feature",
      "properties": {
        "@id": "way/1300762532",
        "building": "yes"
      },
      "geometry": {
        "type": "Polygon",
        "coordinates": [
          [
            [
              75.6946348,
              31.250625
            ],
            [
              75.6946478,
              31.2505011
            ],
            [
              75.6947653,
              31.2505126
            ],
            [
              75.6947497,
              31.2506329
            ],
            [
              75.6946348,
              31.250625
            ]
          ]
        ]
      },
      "id": "way/1300762532"
    },
    {
      "type": "Feature",
      "properties": {
        "@id": "way/1300762533",
        "building": "yes"
      },
      "geometry": {
        "type": "Polygon",
        "coordinates": [
          [
            [
              75.6944459,
              31.2502798
            ],
            [
              75.694461,
              31.2501762
            ],
            [
              75.6946235,
              31.2501876
            ],
            [
              75.6946139,
              31.2502964
            ],
            [
              75.6944459,
              31.2502798
            ]
          ]
        ]
      },
      "id": "way/1300762533"
    },
    {
      "type": "Feature",
      "properties": {
        "@id": "way/1300762535",
        "building": "yes"
      },
      "geometry": {
        "type": "Polygon",
        "coordinates": [
          [
            [
              75.6949537,
              31.2507541
            ],
            [
              75.6949595,
              31.2507054
            ],
            [
              75.6950693,
              31.2507096
            ],
            [
              75.6950614,
              31.2507675
            ],
            [
              75.6949537,
              31.2507541
            ]
          ]
        ]
      },
      "id": "way/1300762535"
    },
    {
      "type": "Feature",
      "properties": {
        "@id": "way/1300762537",
        "building": "yes"
      },
      "geometry": {
        "type": "Polygon",
        "coordinates": [
          [
            [
              75.6951365,
              31.2510683
            ],
            [
              75.6951406,
              31.2510063
            ],
            [
              75.6952146,
              31.2510084
            ],
            [
              75.6952114,
              31.2510289
            ],
            [
              75.695204,
              31.2510768
            ],
            [
              75.6951365,
              31.2510683
            ]
          ]
        ]
      },
      "id": "way/1300762537"
    },
    {
      "type": "Feature",
      "properties": {
        "@id": "way/1300762538",
        "building": "yes"
      },
      "geometry": {
        "type": "Polygon",
        "coordinates": [
          [
            [
              75.6952565,
              31.2518707
            ],
            [
              75.6952763,
              31.2517574
            ],
            [
              75.6953784,
              31.2517618
            ],
            [
              75.6953677,
              31.2518884
            ],
            [
              75.6952565,
              31.2518707
            ]
          ]
        ]
      },
      "id": "way/1300762538"
    },
    {
      "type": "Feature",
      "properties": {
        "@id": "way/1300762539",
        "building": "yes"
      },
      "geometry": {
        "type": "Polygon",
        "coordinates": [
          [
            [
              75.6950409,
              31.2521019
            ],
            [
              75.6950467,
              31.2520507
            ],
            [
              75.6951426,
              31.2520552
            ],
            [
              75.6951336,
              31.2521072
            ],
            [
              75.6950409,
              31.2521019
            ]
          ]
        ]
      },
      "id": "way/1300762539"
    },
    {
      "type": "Feature",
      "properties": {
        "@id": "way/1300762540",
        "building": "yes"
      },
      "geometry": {
        "type": "Polygon",
        "coordinates": [
          [
            [
              75.6947558,
              31.2522322
            ],
            [
              75.6947724,
              31.2521281
            ],
            [
              75.6948593,
              31.2521367
            ],
            [
              75.6948565,
              31.2522459
            ],
            [
              75.6947558,
              31.2522322
            ]
          ]
        ]
      },
      "id": "way/1300762540"
    },
    {
      "type": "Feature",
      "properties": {
        "@id": "way/1300762541",
        "building": "yes"
      },
      "geometry": {
        "type": "Polygon",
        "coordinates": [
          [
            [
              75.6961073,
              31.2532938
            ],
            [
              75.6961353,
              31.2531952
            ],
            [
              75.6963573,
              31.2532158
            ],
            [
              75.6963425,
              31.2533158
            ],
            [
              75.6961073,
              31.2532938
            ]
          ]
        ]
      },
      "id": "way/1300762541"
    },
    {
      "type": "Feature",
      "properties": {
        "@id": "way/1300762542",
        "building": "yes"
      },
      "geometry": {
        "type": "Polygon",
        "coordinates": [
          [
            [
              75.6955921,
              31.2534434
            ],
            [
              75.695602,
              31.2533491
            ],
            [
              75.6957382,
              31.2533555
            ],
            [
              75.6957283,
              31.2534545
            ],
            [
              75.6955921,
              31.2534434
            ]
          ]
        ]
      },
      "id": "way/1300762542"
    },
    {
      "type": "Feature",
      "properties": {
        "@id": "way/1300762543",
        "building": "yes"
      },
      "geometry": {
        "type": "Polygon",
        "coordinates": [
          [
            [
              75.6956269,
              31.2531604
            ],
            [
              75.6956341,
              31.2530624
            ],
            [
              75.695795,
              31.2530722
            ],
            [
              75.6957881,
              31.2531698
            ],
            [
              75.6956269,
              31.2531604
            ]
          ]
        ]
      },
      "id": "way/1300762543"
    },
    {
      "type": "Feature",
      "properties": {
        "@id": "way/1300762544",
        "building": "yes"
      },
      "geometry": {
        "type": "Polygon",
        "coordinates": [
          [
            [
              75.6956161,
              31.2532442
            ],
            [
              75.6956266,
              31.2531788
            ],
            [
              75.6957717,
              31.2531846
            ],
            [
              75.6957768,
              31.2532545
            ],
            [
              75.6956161,
              31.2532442
            ]
          ]
        ]
      },
      "id": "way/1300762544"
    },
    {
      "type": "Feature",
      "properties": {
        "@id": "way/1300762545",
        "building": "yes"
      },
      "geometry": {
        "type": "Polygon",
        "coordinates": [
          [
            [
              75.6955921,
              31.2533242
            ],
            [
              75.6955987,
              31.2532514
            ],
            [
              75.6957671,
              31.2532713
            ],
            [
              75.695761,
              31.2533412
            ],
            [
              75.6955921,
              31.2533242
            ]
          ]
        ]
      },
      "id": "way/1300762545"
    },
    {
      "type": "Feature",
      "properties": {
        "@id": "way/1300762546",
        "building": "yes"
      },
      "geometry": {
        "type": "Polygon",
        "coordinates": [
          [
            [
              75.6956564,
              31.2529825
            ],
            [
              75.6956609,
              31.2529367
            ],
            [
              75.69581,
              31.2529452
            ],
            [
              75.6958047,
              31.2529948
            ],
            [
              75.6956564,
              31.2529825
            ]
          ]
        ]
      },
      "id": "way/1300762546"
    },
    {
      "type": "Feature",
      "properties": {
        "@id": "way/1300762547",
        "building": "yes"
      },
      "geometry": {
        "type": "Polygon",
        "coordinates": [
          [
            [
              75.6958235,
              31.2532957
            ],
            [
              75.6958297,
              31.2532394
            ],
            [
              75.6960112,
              31.2532561
            ],
            [
              75.6960074,
              31.2533102
            ],
            [
              75.6958235,
              31.2532957
            ]
          ]
        ]
      },
      "id": "way/1300762547"
    },
    {
      "type": "Feature",
      "properties": {
        "@id": "way/1300762548",
        "building": "yes"
      },
      "geometry": {
        "type": "Polygon",
        "coordinates": [
          [
            [
              75.6957983,
              31.2532101
            ],
            [
              75.6958109,
              31.2531331
            ],
            [
              75.6960104,
              31.2531727
            ],
            [
              75.6960019,
              31.2532417
            ],
            [
              75.6957983,
              31.2532101
            ]
          ]
        ]
      },
      "id": "way/1300762548"
    },
    {
      "type": "Feature",
      "properties": {
        "@id": "way/1300762549",
        "building": "yes"
      },
      "geometry": {
        "type": "Polygon",
        "coordinates": [
          [
            [
              75.6958012,
              31.2531064
            ],
            [
              75.6958171,
              31.2529759
            ],
            [
              75.6960005,
              31.2529898
            ],
            [
              75.6959773,
              31.2531289
            ],
            [
              75.6958012,
              31.2531064
            ]
          ]
        ]
      },
      "id": "way/1300762549"
    },
    {
      "type": "Feature",
      "properties": {
        "@id": "way/1300762550",
        "building": "yes"
      },
      "geometry": {
        "type": "Polygon",
        "coordinates": [
          [
            [
              75.6959857,
              31.2531578
            ],
            [
              75.6960116,
              31.2529872
            ],
            [
              75.6961007,
              31.2529977
            ],
            [
              75.6960787,
              31.2531633
            ],
            [
              75.6959857,
              31.2531578
            ]
          ]
        ]
      },
      "id": "way/1300762550"
    },
    {
      "type": "Feature",
      "properties": {
        "@id": "way/1300762551",
        "building": "yes"
      },
      "geometry": {
        "type": "Polygon",
        "coordinates": [
          [
            [
              75.6960903,
              31.2531622
            ],
            [
              75.6961113,
              31.2530005
            ],
            [
              75.6961985,
              31.2530079
            ],
            [
              75.6961765,
              31.2531727
            ],
            [
              75.6960903,
              31.2531622
            ]
          ]
        ]
      },
      "id": "way/1300762551"
    },
    {
      "type": "Feature",
      "properties": {
        "@id": "way/1300762552",
        "building": "yes"
      },
      "geometry": {
        "type": "Polygon",
        "coordinates": [
          [
            [
              75.6961863,
              31.2531691
            ],
            [
              75.6962078,
              31.2530161
            ],
            [
              75.6962896,
              31.2530298
            ],
            [
              75.6962754,
              31.2531795
            ],
            [
              75.6961863,
              31.2531691
            ]
          ]
        ]
      },
      "id": "way/1300762552"
    },
    {
      "type": "Feature",
      "properties": {
        "@id": "way/1300762553",
        "building": "yes"
      },
      "geometry": {
        "type": "Polygon",
        "coordinates": [
          [
            [
              75.6957885,
              31.2528437
            ],
            [
              75.6958101,
              31.2526931
            ],
            [
              75.6960028,
              31.2527134
            ],
            [
              75.6959702,
              31.2528695
            ],
            [
              75.6957885,
              31.2528437
            ]
          ]
        ]
      },
      "id": "way/1300762553"
    },
    {
      "type": "Feature",
      "properties": {
        "@id": "way/1300762554",
        "building": "yes"
      },
      "geometry": {
        "type": "Polygon",
        "coordinates": [
          [
            [
              75.6959841,
              31.2528671
            ],
            [
              75.696011,
              31.252725
            ],
            [
              75.6961917,
              31.2527327
            ],
            [
              75.6961688,
              31.2528963
            ],
            [
              75.6959841,
              31.2528671
            ]
          ]
        ]
      },
      "id": "way/1300762554"
    },
    {
      "type": "Feature",
      "properties": {
        "@id": "way/1300762555",
        "building": "yes"
      },
      "geometry": {
        "type": "Polygon",
        "coordinates": [
          [
            [
              75.6955875,
              31.2527417
            ],
            [
              75.6956024,
              31.2526319
            ],
            [
              75.6956779,
              31.2526388
            ],
            [
              75.695664,
              31.2527444
            ],
            [
              75.6955875,
              31.2527417
            ]
          ]
        ]
      },
      "id": "way/1300762555"
    },
    {
      "type": "Feature",
      "properties": {
        "@id": "way/1300762556",
        "building": "yes"
      },
      "geometry": {
        "type": "Polygon",
        "coordinates": [
          [
            [
              75.6966307,
              31.2481656
            ],
            [
              75.696642,
              31.2480605
            ],
            [
              75.6968556,
              31.2480708
            ],
            [
              75.696848,
              31.2481814
            ],
            [
              75.6966307,
              31.2481656
            ]
          ]
        ]
      },
      "id": "way/1300762556"
    },
    {
      "type": "Feature",
      "properties": {
        "@id": "way/1300762557",
        "building": "yes"
      },
      "geometry": {
        "type": "Polygon",
        "coordinates": [
          [
            [
              75.6965952,
              31.2484831
            ],
            [
              75.6966101,
              31.2483675
            ],
            [
              75.6967354,
              31.2483765
            ],
            [
              75.6967232,
              31.2484929
            ],
            [
              75.6965952,
              31.2484831
            ]
          ]
        ]
      },
      "id": "way/1300762557"
    },
    {
      "type": "Feature",
      "properties": {
        "@id": "way/1300762558",
        "building": "yes"
      },
      "geometry": {
        "type": "Polygon",
        "coordinates": [
          [
            [
              75.696451,
              31.2481932
            ],
            [
              75.6964582,
              31.2481457
            ],
            [
              75.6965942,
              31.2481591
            ],
            [
              75.6965848,
              31.2482092
            ],
            [
              75.696451,
              31.2481932
            ]
          ]
        ]
      },
      "id": "way/1300762558"
    },
    {
      "type": "Feature",
      "properties": {
        "@id": "way/1300762559",
        "building": "yes"
      },
      "geometry": {
        "type": "Polygon",
        "coordinates": [
          [
            [
              75.6964276,
              31.2483806
            ],
            [
              75.6964361,
              31.2482794
            ],
            [
              75.6965678,
              31.2482981
            ],
            [
              75.6965538,
              31.248397
            ],
            [
              75.6964276,
              31.2483806
            ]
          ]
        ]
      },
      "id": "way/1300762559"
    },
    {
      "type": "Feature",
      "properties": {
        "@id": "way/1300762560",
        "building": "yes"
      },
      "geometry": {
        "type": "Polygon",
        "coordinates": [
          [
            [
              75.6964153,
              31.2484503
            ],
            [
              75.6964212,
              31.248397
            ],
            [
              75.6965469,
              31.2484082
            ],
            [
              75.6965377,
              31.2484647
            ],
            [
              75.6964153,
              31.2484503
            ]
          ]
        ]
      },
      "id": "way/1300762560"
    },
    {
      "type": "Feature",
      "properties": {
        "@id": "way/1300762561",
        "building": "yes"
      },
      "geometry": {
        "type": "Polygon",
        "coordinates": [
          [
            [
              75.6979429,
              31.2481625
            ],
            [
              75.6979506,
              31.2480885
            ],
            [
              75.6981924,
              31.2481119
            ],
            [
              75.6981805,
              31.2481889
            ],
            [
              75.6979429,
              31.2481625
            ]
          ]
        ]
      },
      "id": "way/1300762561"
    },
    {
      "type": "Feature",
      "properties": {
        "@id": "way/1300762562",
        "building": "yes"
      },
      "geometry": {
        "type": "Polygon",
        "coordinates": [
          [
            [
              75.698213,
              31.2481086
            ],
            [
              75.6982237,
              31.2480197
            ],
            [
              75.698401,
              31.248029
            ],
            [
              75.6983989,
              31.2481306
            ],
            [
              75.698213,
              31.2481086
            ]
          ]
        ]
      },
      "id": "way/1300762562"
    },
    {
      "type": "Feature",
      "properties": {
        "@id": "way/1300762563",
        "building": "yes"
      },
      "geometry": {
        "type": "Polygon",
        "coordinates": [
          [
            [
              75.6976192,
              31.2482261
            ],
            [
              75.6976236,
              31.2481345
            ],
            [
              75.697837,
              31.2481487
            ],
            [
              75.6978207,
              31.2482456
            ],
            [
              75.6976192,
              31.2482261
            ]
          ]
        ]
      },
      "id": "way/1300762563"
    },
    {
      "type": "Feature",
      "properties": {
        "@id": "way/1300762564",
        "building": "yes"
      },
      "geometry": {
        "type": "Polygon",
        "coordinates": [
          [
            [
              75.6979205,
              31.2483963
            ],
            [
              75.6979243,
              31.2482679
            ],
            [
              75.6981613,
              31.2482977
            ],
            [
              75.6981277,
              31.2484135
            ],
            [
              75.6979205,
              31.2483963
            ]
          ]
        ]
      },
      "id": "way/1300762564"
    },
    {
      "type": "Feature",
      "properties": {
        "@id": "way/1300762565",
        "building": "yes"
      },
      "geometry": {
        "type": "Polygon",
        "coordinates": [
          [
            [
              75.6975981,
              31.24838
            ],
            [
              75.6975981,
              31.2483005
            ],
            [
              75.6978215,
              31.2483258
            ],
            [
              75.697811,
              31.248395
            ],
            [
              75.6975981,
              31.24838
            ]
          ]
        ]
      },
      "id": "way/1300762565"
    },
    {
      "type": "Feature",
      "properties": {
        "@id": "way/1300762566",
        "building": "yes"
      },
      "geometry": {
        "type": "Polygon",
        "coordinates": [
          [
            [
              75.6974958,
              31.2490508
            ],
            [
              75.6975126,
              31.2489356
            ],
            [
              75.6976181,
              31.2489356
            ],
            [
              75.6976127,
              31.2490707
            ],
            [
              75.6974958,
              31.2490508
            ]
          ]
        ]
      },
      "id": "way/1300762566"
    },
    {
      "type": "Feature",
      "properties": {
        "@id": "way/1300774117",
        "building": "yes",
        "tourism": "apartment"
      },
      "geometry": {
        "type": "Polygon",
        "coordinates": [
          [
            [
              75.6932387,
              31.2533777
            ],
            [
              75.6932394,
              31.253235
            ],
            [
              75.6934077,
              31.2532637
            ],
            [
              75.6933784,
              31.2533832
            ],
            [
              75.6932387,
              31.2533777
            ]
          ]
        ]
      },
      "id": "way/1300774117"
    },
    {
      "type": "Feature",
      "properties": {
        "@id": "way/1300774118",
        "building": "yes",
        "tourism": "apartment"
      },
      "geometry": {
        "type": "Polygon",
        "coordinates": [
          [
            [
              75.6913599,
              31.2564584
            ],
            [
              75.6913496,
              31.2562942
            ],
            [
              75.6915611,
              31.2562814
            ],
            [
              75.6915747,
              31.256454
            ],
            [
              75.6913599,
              31.2564584
            ]
          ]
        ]
      },
      "id": "way/1300774118"
    },
    {
      "type": "Feature",
      "properties": {
        "@id": "way/1300774119",
        "building": "yes",
        "tourism": "apartment"
      },
      "geometry": {
        "type": "Polygon",
        "coordinates": [
          [
            [
              75.6926703,
              31.2530956
            ],
            [
              75.6926773,
              31.2529806
            ],
            [
              75.6928201,
              31.2530026
            ],
            [
              75.6928119,
              31.2530906
            ],
            [
              75.6926703,
              31.2530956
            ]
          ]
        ]
      },
      "id": "way/1300774119"
    },
    {
      "type": "Feature",
      "properties": {
        "@id": "way/1300774120",
        "building": "yes",
        "tourism": "apartment"
      },
      "geometry": {
        "type": "Polygon",
        "coordinates": [
          [
            [
              75.6927978,
              31.2533257
            ],
            [
              75.6928095,
              31.2531427
            ],
            [
              75.6929476,
              31.2531797
            ],
            [
              75.6929289,
              31.2533337
            ],
            [
              75.6927978,
              31.2533257
            ]
          ]
        ]
      },
      "id": "way/1300774120"
    },
    {
      "type": "Feature",
      "properties": {
        "@id": "way/1300774121",
        "building": "yes",
        "tourism": "apartment"
      },
      "geometry": {
        "type": "Polygon",
        "coordinates": [
          [
            [
              75.6920874,
              31.2535392
            ],
            [
              75.6921193,
              31.2533782
            ],
            [
              75.6922808,
              31.2533929
            ],
            [
              75.6922553,
              31.2535414
            ],
            [
              75.6920874,
              31.2535392
            ]
          ]
        ]
      },
      "id": "way/1300774121"
    },
    {
      "type": "Feature",
      "properties": {
        "@id": "way/1300774122",
        "building": "yes",
        "tourism": "apartment"
      },
      "geometry": {
        "type": "Polygon",
        "coordinates": [
          [
            [
              75.6923147,
              31.2535676
            ],
            [
              75.6923498,
              31.2533913
            ],
            [
              75.6925579,
              31.2534044
            ],
            [
              75.6925369,
              31.2535796
            ],
            [
              75.6923147,
              31.2535676
            ]
          ]
        ]
      },
      "id": "way/1300774122"
    },
    {
      "type": "Feature",
      "properties": {
        "@id": "way/1300774123",
        "building": "yes"
      },
      "geometry": {
        "type": "Polygon",
        "coordinates": [
          [
            [
              75.6930181,
              31.2547565
            ],
            [
              75.693017,
              31.2546446
            ],
            [
              75.6932419,
              31.2546652
            ],
            [
              75.6932156,
              31.2547654
            ],
            [
              75.6930181,
              31.2547565
            ]
          ]
        ]
      },
      "id": "way/1300774123"
    },
    {
      "type": "Feature",
      "properties": {
        "@id": "way/1300774124",
        "building": "yes",
        "tourism": "apartment"
      },
      "geometry": {
        "type": "Polygon",
        "coordinates": [
          [
            [
              75.6930938,
              31.2530781
            ],
            [
              75.6931052,
              31.2529909
            ],
            [
              75.69327,
              31.2530061
            ],
            [
              75.6932564,
              31.2530818
            ],
            [
              75.6930938,
              31.2530781
            ]
          ]
        ]
      },
      "id": "way/1300774124"
    },
    {
      "type": "Feature",
      "properties": {
        "@id": "way/1300774125",
        "building": "yes",
        "tourism": "apartment"
      },
      "geometry": {
        "type": "Polygon",
        "coordinates": [
          [
            [
              75.6930696,
              31.2531848
            ],
            [
              75.693086,
              31.253097
            ],
            [
              75.6932443,
              31.2531214
            ],
            [
              75.6932364,
              31.2532001
            ],
            [
              75.6930696,
              31.2531848
            ]
          ]
        ]
      },
      "id": "way/1300774125"
    },
    {
      "type": "Feature",
      "properties": {
        "@id": "way/1300774180",
        "building": "yes",
        "tourism": "apartment"
      },
      "geometry": {
        "type": "Polygon",
        "coordinates": [
          [
            [
              75.6916773,
              31.256332
            ],
            [
              75.691678,
              31.2562237
            ],
            [
              75.6917991,
              31.2562279
            ],
            [
              75.6917865,
              31.2563374
            ],
            [
              75.6916773,
              31.256332
            ]
          ]
        ]
      },
      "id": "way/1300774180"
    },
    {
      "type": "Feature",
      "properties": {
        "@id": "way/1300774279",
        "building": "yes",
        "tourism": "apartment"
      },
      "geometry": {
        "type": "Polygon",
        "coordinates": [
          [
            [
              75.6914224,
              31.2560297
            ],
            [
              75.6914343,
              31.2559064
            ],
            [
              75.6915764,
              31.2559022
            ],
            [
              75.691568,
              31.2560268
            ],
            [
              75.6914224,
              31.2560297
            ]
          ]
        ]
      },
      "id": "way/1300774279"
    },
    {
      "type": "Feature",
      "properties": {
        "@id": "way/1300871624",
        "building": "yes"
      },
      "geometry": {
        "type": "Polygon",
        "coordinates": [
          [
            [
              75.6963011,
              31.253199
            ],
            [
              75.6963134,
              31.2530258
            ],
            [
              75.6963858,
              31.253031
            ],
            [
              75.6963662,
              31.2532041
            ],
            [
              75.6963011,
              31.253199
            ]
          ]
        ]
      },
      "id": "way/1300871624"
    },
    {
      "type": "Feature",
      "properties": {
        "@id": "way/1300871625",
        "building": "yes",
        "tourism": "apartment"
      },
      "geometry": {
        "type": "Polygon",
        "coordinates": [
          [
            [
              75.6963921,
              31.253178
            ],
            [
              75.6964049,
              31.2530223
            ],
            [
              75.696609,
              31.2530437
            ],
            [
              75.6965833,
              31.2531921
            ],
            [
              75.6963921,
              31.253178
            ]
          ]
        ]
      },
      "id": "way/1300871625"
    },
    {
      "type": "Feature",
      "properties": {
        "@id": "way/1300871626",
        "building": "yes"
      },
      "geometry": {
        "type": "Polygon",
        "coordinates": [
          [
            [
              75.6963972,
              31.2529161
            ],
            [
              75.6964119,
              31.2527341
            ],
            [
              75.6965576,
              31.2527529
            ],
            [
              75.6965269,
              31.2529244
            ],
            [
              75.6963972,
              31.2529161
            ]
          ]
        ]
      },
      "id": "way/1300871626"
    },
    {
      "type": "Feature",
      "properties": {
        "@id": "way/1300871627",
        "building": "yes",
        "tourism": "apartment"
      },
      "geometry": {
        "type": "Polygon",
        "coordinates": [
          [
            [
              75.6947343,
              31.2532924
            ],
            [
              75.6947508,
              31.2531439
            ],
            [
              75.6948923,
              31.2531536
            ],
            [
              75.6948737,
              31.253305
            ],
            [
              75.6947343,
              31.2532924
            ]
          ]
        ]
      },
      "id": "way/1300871627"
    },
    {
      "type": "Feature",
      "properties": {
        "@id": "way/1300871628",
        "building": "yes",
        "name": "Savannah Homes",
        "tourism": "apartment"
      },
      "geometry": {
        "type": "Polygon",
        "coordinates": [
          [
            [
              75.6953107,
              31.2535374
            ],
            [
              75.695333,
              31.2533702
            ],
            [
              75.6954731,
              31.2533726
            ],
            [
              75.6954461,
              31.2535642
            ],
            [
              75.6953107,
              31.2535374
            ]
          ]
        ]
      },
      "id": "way/1300871628"
    },
    {
      "type": "Feature",
      "properties": {
        "@id": "way/1300871629",
        "building": "yes"
      },
      "geometry": {
        "type": "Polygon",
        "coordinates": [
          [
            [
              75.6954664,
              31.2541126
            ],
            [
              75.6954676,
              31.2540394
            ],
            [
              75.6956692,
              31.2540577
            ],
            [
              75.6956588,
              31.2541295
            ],
            [
              75.6954664,
              31.2541126
            ]
          ]
        ]
      },
      "id": "way/1300871629"
    },
    {
      "type": "Feature",
      "properties": {
        "@id": "way/1300871630",
        "building": "yes"
      },
      "geometry": {
        "type": "Polygon",
        "coordinates": [
          [
            [
              75.6962886,
              31.254727
            ],
            [
              75.6963268,
              31.2543905
            ],
            [
              75.6964835,
              31.2544163
            ],
            [
              75.6964438,
              31.2547479
            ],
            [
              75.6962886,
              31.254727
            ]
          ]
        ]
      },
      "id": "way/1300871630"
    },
    {
      "type": "Feature",
      "properties": {
        "@id": "way/1300878411",
        "building": "yes",
        "tourism": "apartment"
      },
      "geometry": {
        "type": "Polygon",
        "coordinates": [
          [
            [
              75.6965618,
              31.2536672
            ],
            [
              75.6965834,
              31.2535317
            ],
            [
              75.6967316,
              31.2535595
            ],
            [
              75.6967084,
              31.2536871
            ],
            [
              75.6965618,
              31.2536672
            ]
          ]
        ]
      },
      "id": "way/1300878411"
    },
    {
      "type": "Feature",
      "properties": {
        "@id": "way/1300878412",
        "building": "yes",
        "tourism": "apartment"
      },
      "geometry": {
        "type": "Polygon",
        "coordinates": [
          [
            [
              75.6964547,
              31.2539201
            ],
            [
              75.6964753,
              31.253774
            ],
            [
              75.6965364,
              31.2537903
            ],
            [
              75.6965141,
              31.2539248
            ],
            [
              75.6964547,
              31.2539201
            ]
          ]
        ]
      },
      "id": "way/1300878412"
    },
    {
      "type": "Feature",
      "properties": {
        "@id": "way/1300878413",
        "building": "yes",
        "tourism": "apartment"
      },
      "geometry": {
        "type": "Polygon",
        "coordinates": [
          [
            [
              75.6960324,
              31.2539072
            ],
            [
              75.69605,
              31.2537543
            ],
            [
              75.6962875,
              31.2537657
            ],
            [
              75.6962759,
              31.2537865
            ],
            [
              75.6962481,
              31.2537865
            ],
            [
              75.6962387,
              31.2538128
            ],
            [
              75.6962064,
              31.2538114
            ],
            [
              75.6961941,
              31.2539252
            ],
            [
              75.6960324,
              31.2539072
            ]
          ]
        ]
      },
      "id": "way/1300878413"
    },
    {
      "type": "Feature",
      "properties": {
        "@id": "way/1300878414",
        "building": "yes"
      },
      "geometry": {
        "type": "Polygon",
        "coordinates": [
          [
            [
              75.6957304,
              31.2542217
            ],
            [
              75.6957655,
              31.2539233
            ],
            [
              75.6958878,
              31.2539446
            ],
            [
              75.6958363,
              31.2542317
            ],
            [
              75.6957304,
              31.2542217
            ]
          ]
        ]
      },
      "id": "way/1300878414"
    },
    {
      "type": "Feature",
      "properties": {
        "@id": "way/1300878415",
        "building": "yes"
      },
      "geometry": {
        "type": "Polygon",
        "coordinates": [
          [
            [
              75.6958396,
              31.2542688
            ],
            [
              75.6958971,
              31.253934
            ],
            [
              75.696017,
              31.2539509
            ],
            [
              75.6959614,
              31.2542794
            ],
            [
              75.6958396,
              31.2542688
            ]
          ]
        ]
      },
      "id": "way/1300878415"
    },
    {
      "type": "Feature",
      "properties": {
        "@id": "way/1300878416",
        "building": "yes"
      },
      "geometry": {
        "type": "Polygon",
        "coordinates": [
          [
            [
              75.6954182,
              31.2543046
            ],
            [
              75.6954305,
              31.2541859
            ],
            [
              75.6955704,
              31.2541989
            ],
            [
              75.6955716,
              31.2542216
            ],
            [
              75.6956532,
              31.2542438
            ],
            [
              75.695619,
              31.2543559
            ],
            [
              75.695553,
              31.254349
            ],
            [
              75.695531,
              31.2543163
            ],
            [
              75.6954182,
              31.2543046
            ]
          ]
        ]
      },
      "id": "way/1300878416"
    },
    {
      "type": "Feature",
      "properties": {
        "@id": "way/1300878417",
        "building": "yes"
      },
      "geometry": {
        "type": "Polygon",
        "coordinates": [
          [
            [
              75.6947942,
              31.2546687
            ],
            [
              75.6948219,
              31.2544282
            ],
            [
              75.6950211,
              31.2544391
            ],
            [
              75.6949906,
              31.2546988
            ],
            [
              75.6947942,
              31.2546687
            ]
          ]
        ]
      },
      "id": "way/1300878417"
    },
    {
      "type": "Feature",
      "properties": {
        "@id": "way/1300878418",
        "building": "yes"
      },
      "geometry": {
        "type": "Polygon",
        "coordinates": [
          [
            [
              75.6949959,
              31.2547579
            ],
            [
              75.6950322,
              31.2544084
            ],
            [
              75.6952015,
              31.2544366
            ],
            [
              75.6951609,
              31.2547654
            ],
            [
              75.6949959,
              31.2547579
            ]
          ]
        ]
      },
      "id": "way/1300878418"
    },
    {
      "type": "Feature",
      "properties": {
        "@id": "way/1300878419",
        "building": "yes"
      },
      "geometry": {
        "type": "Polygon",
        "coordinates": [
          [
            [
              75.6951802,
              31.2547589
            ],
            [
              75.6951938,
              31.2546433
            ],
            [
              75.6953154,
              31.2546571
            ],
            [
              75.6952979,
              31.2547719
            ],
            [
              75.6951802,
              31.2547589
            ]
          ]
        ]
      },
      "id": "way/1300878419"
    },
    {
      "type": "Feature",
      "properties": {
        "@id": "way/1300878420",
        "building": "yes"
      },
      "geometry": {
        "type": "Polygon",
        "coordinates": [
          [
            [
              75.6950502,
              31.2549743
            ],
            [
              75.6950808,
              31.2547732
            ],
            [
              75.6951825,
              31.2547775
            ],
            [
              75.6951469,
              31.2549838
            ],
            [
              75.6950502,
              31.2549743
            ]
          ]
        ]
      },
      "id": "way/1300878420"
    },
    {
      "type": "Feature",
      "properties": {
        "@id": "way/1300878421",
        "building": "yes"
      },
      "geometry": {
        "type": "Polygon",
        "coordinates": [
          [
            [
              75.6959975,
              31.2541934
            ],
            [
              75.6960284,
              31.2539196
            ],
            [
              75.6962446,
              31.2539401
            ],
            [
              75.696193,
              31.254213
            ],
            [
              75.6961263,
              31.2542123
            ],
            [
              75.6961238,
              31.254247
            ],
            [
              75.6960601,
              31.254244
            ],
            [
              75.6960568,
              31.2542085
            ],
            [
              75.6959975,
              31.2541934
            ]
          ]
        ]
      },
      "id": "way/1300878421"
    },
    {
      "type": "Feature",
      "properties": {
        "@id": "way/1300878422",
        "building": "yes"
      },
      "geometry": {
        "type": "Polygon",
        "coordinates": [
          [
            [
              75.6943074,
              31.2536701
            ],
            [
              75.6943089,
              31.2536249
            ],
            [
              75.6944365,
              31.2536468
            ],
            [
              75.6944331,
              31.2536759
            ],
            [
              75.6943074,
              31.2536701
            ]
          ]
        ]
      },
      "id": "way/1300878422"
    },
    {
      "type": "Feature",
      "properties": {
        "@id": "way/1300878423",
        "building": "yes"
      },
      "geometry": {
        "type": "Polygon",
        "coordinates": [
          [
            [
              75.6935914,
              31.2550035
            ],
            [
              75.6936324,
              31.25469
            ],
            [
              75.6938497,
              31.2547002
            ],
            [
              75.6937993,
              31.2550218
            ],
            [
              75.6935914,
              31.2550035
            ]
          ]
        ]
      },
      "id": "way/1300878423"
    },
    {
      "type": "Feature",
      "properties": {
        "@id": "way/1300878424",
        "building": "yes"
      },
      "geometry": {
        "type": "Polygon",
        "coordinates": [
          [
            [
              75.6933978,
              31.2548877
            ],
            [
              75.6934284,
              31.2546795
            ],
            [
              75.6936089,
              31.2546978
            ],
            [
              75.6935902,
              31.2548875
            ],
            [
              75.6933978,
              31.2548877
            ]
          ]
        ]
      },
      "id": "way/1300878424"
    },
    {
      "type": "Feature",
      "properties": {
        "@id": "way/1300878425",
        "building": "yes"
      },
      "geometry": {
        "type": "Polygon",
        "coordinates": [
          [
            [
              75.695302,
              31.2524855
            ],
            [
              75.6953161,
              31.2523929
            ],
            [
              75.695415,
              31.2523975
            ],
            [
              75.6954037,
              31.2524948
            ],
            [
              75.695302,
              31.2524855
            ]
          ]
        ]
      },
      "id": "way/1300878425"
    },
    {
      "type": "Feature",
      "properties": {
        "@id": "way/1300878426",
        "building": "yes"
      },
      "geometry": {
        "type": "Polygon",
        "coordinates": [
          [
            [
              75.6956086,
              31.2525821
            ],
            [
              75.6956158,
              31.2524793
            ],
            [
              75.695701,
              31.2524825
            ],
            [
              75.6956906,
              31.2525885
            ],
            [
              75.6956086,
              31.2525821
            ]
          ]
        ]
      },
      "id": "way/1300878426"
    },
    {
      "type": "Feature",
      "properties": {
        "@id": "way/1301072899",
        "addr:state": "PB",
        "addr:street": "Law Gate Rd",
        "building": "yes",
        "name": "Tip Top Pg",
        "tourism": "apartment"
      },
      "geometry": {
        "type": "Polygon",
        "coordinates": [
          [
            [
              75.694846,
              31.2553773
            ],
            [
              75.6948547,
              31.2552562
            ],
            [
              75.6949704,
              31.2552615
            ],
            [
              75.6949605,
              31.2553823
            ],
            [
              75.694846,
              31.2553773
            ]
          ]
        ]
      },
      "id": "way/1301072899"
    },
    {
      "type": "Feature",
      "properties": {
        "@id": "way/1301129835",
        "building": "yes",
        "tourism": "apartment"
      },
      "geometry": {
        "type": "Polygon",
        "coordinates": [
          [
            [
              75.6918677,
              31.2552397
            ],
            [
              75.6918828,
              31.2551404
            ],
            [
              75.6920079,
              31.2551551
            ],
            [
              75.6919942,
              31.2552582
            ],
            [
              75.6918677,
              31.2552397
            ]
          ]
        ]
      },
      "id": "way/1301129835"
    },
    {
      "type": "Feature",
      "properties": {
        "@id": "way/1301129836",
        "building": "yes",
        "tourism": "apartment"
      },
      "geometry": {
        "type": "Polygon",
        "coordinates": [
          [
            [
              75.6916601,
              31.2558738
            ],
            [
              75.6916596,
              31.2557772
            ],
            [
              75.6917945,
              31.2557701
            ],
            [
              75.6917957,
              31.2557892
            ],
            [
              75.6918012,
              31.2558743
            ],
            [
              75.6916601,
              31.2558738
            ]
          ]
        ]
      },
      "id": "way/1301129836"
    },
    {
      "type": "Feature",
      "properties": {
        "@id": "way/1301129837",
        "building": "yes",
        "tourism": "apartment"
      },
      "geometry": {
        "type": "Polygon",
        "coordinates": [
          [
            [
              75.6918034,
              31.2559395
            ],
            [
              75.6918012,
              31.2558743
            ],
            [
              75.6917957,
              31.2557892
            ],
            [
              75.6919341,
              31.2557873
            ],
            [
              75.691942,
              31.2559437
            ],
            [
              75.6918034,
              31.2559395
            ]
          ]
        ]
      },
      "id": "way/1301129837"
    },
    {
      "type": "Feature",
      "properties": {
        "@id": "way/1301129838",
        "building": "yes",
        "tourism": "apartment"
      },
      "geometry": {
        "type": "Polygon",
        "coordinates": [
          [
            [
              75.6940512,
              31.2510412
            ],
            [
              75.6940604,
              31.2509352
            ],
            [
              75.6942656,
              31.2509632
            ],
            [
              75.6942483,
              31.2510742
            ],
            [
              75.6940512,
              31.2510412
            ]
          ]
        ]
      },
      "id": "way/1301129838"
    },
    {
      "type": "Feature",
      "properties": {
        "@id": "way/1301129839",
        "building": "yes",
        "tourism": "apartment"
      },
      "geometry": {
        "type": "Polygon",
        "coordinates": [
          [
            [
              75.6940738,
              31.2509184
            ],
            [
              75.6940959,
              31.2507947
            ],
            [
              75.6941217,
              31.2506346
            ],
            [
              75.6942923,
              31.2506536
            ],
            [
              75.694257,
              31.2508242
            ],
            [
              75.6942368,
              31.2509356
            ],
            [
              75.6940738,
              31.2509184
            ]
          ]
        ]
      },
      "id": "way/1301129839"
    },
    {
      "type": "Feature",
      "properties": {
        "@id": "way/1301129840",
        "building": "yes"
      },
      "geometry": {
        "type": "Polygon",
        "coordinates": [
          [
            [
              75.695818,
              31.2520892
            ],
            [
              75.695815,
              31.2520031
            ],
            [
              75.6958685,
              31.2520053
            ],
            [
              75.6958704,
              31.2520908
            ],
            [
              75.695818,
              31.2520892
            ]
          ]
        ]
      },
      "id": "way/1301129840"
    },
    {
      "type": "Feature",
      "properties": {
        "@id": "way/1301129841",
        "building": "yes"
      },
      "geometry": {
        "type": "Polygon",
        "coordinates": [
          [
            [
              75.6951981,
              31.2522952
            ],
            [
              75.695202,
              31.2522383
            ],
            [
              75.6953072,
              31.252247
            ],
            [
              75.6953019,
              31.2523073
            ],
            [
              75.6951981,
              31.2522952
            ]
          ]
        ]
      },
      "id": "way/1301129841"
    },
    {
      "type": "Feature",
      "properties": {
        "@id": "way/1301129842",
        "building": "yes"
      },
      "geometry": {
        "type": "Polygon",
        "coordinates": [
          [
            [
              75.6953149,
              31.2523812
            ],
            [
              75.6953257,
              31.2522581
            ],
            [
              75.6954277,
              31.2522623
            ],
            [
              75.6954155,
              31.2523849
            ],
            [
              75.6953149,
              31.2523812
            ]
          ]
        ]
      },
      "id": "way/1301129842"
    },
    {
      "type": "Feature",
      "properties": {
        "@id": "way/1301129843",
        "building": "yes"
      },
      "geometry": {
        "type": "Polygon",
        "coordinates": [
          [
            [
              75.6952813,
              31.2526327
            ],
            [
              75.6952992,
              31.2524961
            ],
            [
              75.6954045,
              31.252504
            ],
            [
              75.695387,
              31.2526444
            ],
            [
              75.6952813,
              31.2526327
            ]
          ]
        ]
      },
      "id": "way/1301129843"
    },
    {
      "type": "Feature",
      "properties": {
        "@id": "way/1303019926",
        "building": "yes"
      },
      "geometry": {
        "type": "Polygon",
        "coordinates": [
          [
            [
              75.6932315,
              31.255669
            ],
            [
              75.6932307,
              31.2555745
            ],
            [
              75.6934162,
              31.2555892
            ],
            [
              75.6934115,
              31.2556897
            ],
            [
              75.6932315,
              31.255669
            ]
          ]
        ]
      },
      "id": "way/1303019926"
    },
    {
      "type": "Feature",
      "properties": {
        "@id": "way/1303019927",
        "building": "yes"
      },
      "geometry": {
        "type": "Polygon",
        "coordinates": [
          [
            [
              75.693435,
              31.2556094
            ],
            [
              75.6934434,
              31.2555046
            ],
            [
              75.693673,
              31.2555299
            ],
            [
              75.6936594,
              31.2556286
            ],
            [
              75.693435,
              31.2556094
            ]
          ]
        ]
      },
      "id": "way/1303019927"
    },
    {
      "type": "Feature",
      "properties": {
        "@id": "way/1303019928",
        "building": "yes"
      },
      "geometry": {
        "type": "Polygon",
        "coordinates": [
          [
            [
              75.693336,
              31.2552612
            ],
            [
              75.6933455,
              31.255153
            ],
            [
              75.6934773,
              31.2551626
            ],
            [
              75.6934577,
              31.2552782
            ],
            [
              75.693336,
              31.2552612
            ]
          ]
        ]
      },
      "id": "way/1303019928"
    },
    {
      "type": "Feature",
      "properties": {
        "@id": "way/1303019929",
        "building": "yes"
      },
      "geometry": {
        "type": "Polygon",
        "coordinates": [
          [
            [
              75.6935796,
              31.2553113
            ],
            [
              75.6935949,
              31.2551645
            ],
            [
              75.693731,
              31.2551747
            ],
            [
              75.6937071,
              31.2553163
            ],
            [
              75.6935796,
              31.2553113
            ]
          ]
        ]
      },
      "id": "way/1303019929"
    },
    {
      "type": "Feature",
      "properties": {
        "@id": "way/1303019930",
        "building": "yes"
      },
      "geometry": {
        "type": "Polygon",
        "coordinates": [
          [
            [
              75.6937375,
              31.2558201
            ],
            [
              75.6937542,
              31.2557393
            ],
            [
              75.693989,
              31.2557619
            ],
            [
              75.6939755,
              31.2558409
            ],
            [
              75.6937375,
              31.2558201
            ]
          ]
        ]
      },
      "id": "way/1303019930"
    },
    {
      "type": "Feature",
      "properties": {
        "@id": "way/1303019931",
        "building": "yes"
      },
      "geometry": {
        "type": "Polygon",
        "coordinates": [
          [
            [
              75.6938937,
              31.2556306
            ],
            [
              75.6939126,
              31.2554961
            ],
            [
              75.6940222,
              31.2555092
            ],
            [
              75.6939978,
              31.2556463
            ],
            [
              75.6938937,
              31.2556306
            ]
          ]
        ]
      },
      "id": "way/1303019931"
    },
    {
      "type": "Feature",
      "properties": {
        "@id": "way/1303019932",
        "building": "yes"
      },
      "geometry": {
        "type": "Polygon",
        "coordinates": [
          [
            [
              75.6938255,
              31.2552422
            ],
            [
              75.6938328,
              31.2551769
            ],
            [
              75.6938971,
              31.2551794
            ],
            [
              75.6938897,
              31.2552452
            ],
            [
              75.6938255,
              31.2552422
            ]
          ]
        ]
      },
      "id": "way/1303019932"
    },
    {
      "type": "Feature",
      "properties": {
        "@id": "way/1303019933",
        "building": "yes"
      },
      "geometry": {
        "type": "Polygon",
        "coordinates": [
          [
            [
              75.6939215,
              31.2553875
            ],
            [
              75.6939378,
              31.2552969
            ],
            [
              75.6940343,
              31.2553013
            ],
            [
              75.6940215,
              31.2554012
            ],
            [
              75.6939215,
              31.2553875
            ]
          ]
        ]
      },
      "id": "way/1303019933"
    },
    {
      "type": "Feature",
      "properties": {
        "@id": "way/1303019934",
        "building": "yes"
      },
      "geometry": {
        "type": "Polygon",
        "coordinates": [
          [
            [
              75.6937804,
              31.2556566
            ],
            [
              75.6937939,
              31.2555623
            ],
            [
              75.6938757,
              31.2555623
            ],
            [
              75.6938668,
              31.2556601
            ],
            [
              75.6937804,
              31.2556566
            ]
          ]
        ]
      },
      "id": "way/1303019934"
    },
    {
      "type": "Feature",
      "properties": {
        "@id": "way/1303019935",
        "building": "yes"
      },
      "geometry": {
        "type": "Polygon",
        "coordinates": [
          [
            [
              75.6941818,
              31.2558839
            ],
            [
              75.6941975,
              31.2557855
            ],
            [
              75.6942855,
              31.2558039
            ],
            [
              75.6942773,
              31.2558923
            ],
            [
              75.6941818,
              31.2558839
            ]
          ]
        ]
      },
      "id": "way/1303019935"
    },
    {
      "type": "Feature",
      "properties": {
        "@id": "way/1303019936",
        "building": "yes"
      },
      "geometry": {
        "type": "Polygon",
        "coordinates": [
          [
            [
              75.6942427,
              31.2554999
            ],
            [
              75.6942516,
              31.255411
            ],
            [
              75.6943486,
              31.2554116
            ],
            [
              75.6943372,
              31.2555044
            ],
            [
              75.6942427,
              31.2554999
            ]
          ]
        ]
      },
      "id": "way/1303019936"
    },
    {
      "type": "Feature",
      "properties": {
        "@id": "way/1303019937",
        "building": "yes"
      },
      "geometry": {
        "type": "Polygon",
        "coordinates": [
          [
            [
              75.6940492,
              31.2559847
            ],
            [
              75.694064,
              31.2559144
            ],
            [
              75.6942761,
              31.2559469
            ],
            [
              75.6942613,
              31.2560192
            ],
            [
              75.6940492,
              31.2559847
            ]
          ]
        ]
      },
      "id": "way/1303019937"
    },
    {
      "type": "Feature",
      "properties": {
        "@id": "way/1303019938",
        "building": "yes"
      },
      "geometry": {
        "type": "Polygon",
        "coordinates": [
          [
            [
              75.6941482,
              31.2553735
            ],
            [
              75.6941718,
              31.2552459
            ],
            [
              75.6942627,
              31.2552595
            ],
            [
              75.6942431,
              31.2553854
            ],
            [
              75.6941482,
              31.2553735
            ]
          ]
        ]
      },
      "id": "way/1303019938"
    },
    {
      "type": "Feature",
      "properties": {
        "@id": "way/1303019939",
        "building": "yes"
      },
      "geometry": {
        "type": "Polygon",
        "coordinates": [
          [
            [
              75.6940911,
              31.2557722
            ],
            [
              75.694099,
              31.2556874
            ],
            [
              75.6943133,
              31.2556978
            ],
            [
              75.694297,
              31.2557828
            ],
            [
              75.6940911,
              31.2557722
            ]
          ]
        ]
      },
      "id": "way/1303019939"
    },
    {
      "type": "Feature",
      "properties": {
        "@id": "way/1303019940",
        "building": "yes"
      },
      "geometry": {
        "type": "Polygon",
        "coordinates": [
          [
            [
              75.6937941,
              31.2554806
            ],
            [
              75.693796,
              31.2554077
            ],
            [
              75.6939161,
              31.2554082
            ],
            [
              75.6939193,
              31.2554778
            ],
            [
              75.6937941,
              31.2554806
            ]
          ]
        ]
      },
      "id": "way/1303019940"
    },
    {
      "type": "Feature",
      "properties": {
        "@id": "way/1303019941",
        "building": "yes"
      },
      "geometry": {
        "type": "Polygon",
        "coordinates": [
          [
            [
              75.6942752,
              31.255373
            ],
            [
              75.6942763,
              31.2552974
            ],
            [
              75.6943619,
              31.2552983
            ],
            [
              75.6943516,
              31.2553802
            ],
            [
              75.6942752,
              31.255373
            ]
          ]
        ]
      },
      "id": "way/1303019941"
    },
    {
      "type": "Feature",
      "properties": {
        "@id": "way/1303019942",
        "building": "yes"
      },
      "geometry": {
        "type": "Polygon",
        "coordinates": [
          [
            [
              75.6959094,
              31.2559882
            ],
            [
              75.6959176,
              31.2558278
            ],
            [
              75.6961934,
              31.2558596
            ],
            [
              75.6961867,
              31.255942
            ],
            [
              75.6960632,
              31.2559401
            ],
            [
              75.6960659,
              31.2560087
            ],
            [
              75.6959094,
              31.2559882
            ]
          ]
        ]
      },
      "id": "way/1303019942"
    },
    {
      "type": "Feature",
      "properties": {
        "@id": "way/1303019943",
        "building": "yes"
      },
      "geometry": {
        "type": "Polygon",
        "coordinates": [
          [
            [
              75.6962027,
              31.2557353
            ],
            [
              75.6962171,
              31.2555129
            ],
            [
              75.6964629,
              31.255536
            ],
            [
              75.6964412,
              31.2557624
            ],
            [
              75.6962027,
              31.2557353
            ]
          ]
        ]
      },
      "id": "way/1303019943"
    },
    {
      "type": "Feature",
      "properties": {
        "@id": "way/1303019944",
        "building": "yes"
      },
      "geometry": {
        "type": "Polygon",
        "coordinates": [
          [
            [
              75.6959685,
              31.2553955
            ],
            [
              75.6959771,
              31.2552886
            ],
            [
              75.6961703,
              31.2553003
            ],
            [
              75.6961607,
              31.2554118
            ],
            [
              75.6959685,
              31.2553955
            ]
          ]
        ]
      },
      "id": "way/1303019944"
    },
    {
      "type": "Feature",
      "properties": {
        "@id": "way/1303019945",
        "building": "yes"
      },
      "geometry": {
        "type": "Polygon",
        "coordinates": [
          [
            [
              75.6962496,
              31.2553755
            ],
            [
              75.6962527,
              31.2553027
            ],
            [
              75.6963795,
              31.2553174
            ],
            [
              75.6963744,
              31.2553845
            ],
            [
              75.6962496,
              31.2553755
            ]
          ]
        ]
      },
      "id": "way/1303019945"
    },
    {
      "type": "Feature",
      "properties": {
        "@id": "way/1303019946",
        "building": "yes"
      },
      "geometry": {
        "type": "Polygon",
        "coordinates": [
          [
            [
              75.6965541,
              31.2556856
            ],
            [
              75.6965739,
              31.255604
            ],
            [
              75.6967777,
              31.2556117
            ],
            [
              75.6967714,
              31.2557085
            ],
            [
              75.6965541,
              31.2556856
            ]
          ]
        ]
      },
      "id": "way/1303019946"
    },
    {
      "type": "Feature",
      "properties": {
        "@id": "way/1303019947",
        "building": "yes"
      },
      "geometry": {
        "type": "Polygon",
        "coordinates": [
          [
            [
              75.6966066,
              31.2553712
            ],
            [
              75.6966001,
              31.2553171
            ],
            [
              75.6968596,
              31.2553279
            ],
            [
              75.696852,
              31.2553897
            ],
            [
              75.6966066,
              31.2553712
            ]
          ]
        ]
      },
      "id": "way/1303019947"
    },
    {
      "type": "Feature",
      "properties": {
        "@id": "way/1303019948",
        "building": "yes"
      },
      "geometry": {
        "type": "Polygon",
        "coordinates": [
          [
            [
              75.6974982,
              31.2549009
            ],
            [
              75.6975113,
              31.2547992
            ],
            [
              75.6976091,
              31.2548084
            ],
            [
              75.697596,
              31.2549101
            ],
            [
              75.6974982,
              31.2549009
            ]
          ]
        ]
      },
      "id": "way/1303019948"
    },
    {
      "type": "Feature",
      "properties": {
        "@id": "way/1303019949",
        "building": "yes"
      },
      "geometry": {
        "type": "Polygon",
        "coordinates": [
          [
            [
              75.6968911,
              31.2539668
            ],
            [
              75.6969046,
              31.2538756
            ],
            [
              75.6970299,
              31.2538792
            ],
            [
              75.6970066,
              31.2539739
            ],
            [
              75.6968911,
              31.2539668
            ]
          ]
        ]
      },
      "id": "way/1303019949"
    },
    {
      "type": "Feature",
      "properties": {
        "@id": "way/1303019950",
        "building": "yes"
      },
      "geometry": {
        "type": "Polygon",
        "coordinates": [
          [
            [
              75.6972609,
              31.2550737
            ],
            [
              75.6972713,
              31.2549537
            ],
            [
              75.6974007,
              31.2549585
            ],
            [
              75.6973807,
              31.2550783
            ],
            [
              75.6973095,
              31.2550756
            ],
            [
              75.6972609,
              31.2550737
            ]
          ]
        ]
      },
      "id": "way/1303019950"
    },
    {
      "type": "Feature",
      "properties": {
        "@id": "way/1303019951",
        "building": "yes"
      },
      "geometry": {
        "type": "Polygon",
        "coordinates": [
          [
            [
              75.6932002,
              31.2541788
            ],
            [
              75.6932076,
              31.2540615
            ],
            [
              75.6933399,
              31.2540725
            ],
            [
              75.6933153,
              31.2541936
            ],
            [
              75.6932002,
              31.2541788
            ]
          ]
        ]
      },
      "id": "way/1303019951"
    },
    {
      "type": "Feature",
      "properties": {
        "@id": "way/1303019952",
        "building": "yes"
      },
      "geometry": {
        "type": "Polygon",
        "coordinates": [
          [
            [
              75.6927692,
              31.2538197
            ],
            [
              75.6927756,
              31.2537391
            ],
            [
              75.6928745,
              31.2537423
            ],
            [
              75.6928654,
              31.2538238
            ],
            [
              75.6927692,
              31.2538197
            ]
          ]
        ]
      },
      "id": "way/1303019952"
    },
    {
      "type": "Feature",
      "properties": {
        "@id": "way/1303019953",
        "building": "yes"
      },
      "geometry": {
        "type": "Polygon",
        "coordinates": [
          [
            [
              75.6925117,
              31.2537543
            ],
            [
              75.6925573,
              31.2535649
            ],
            [
              75.6926595,
              31.253576
            ],
            [
              75.6926425,
              31.2537675
            ],
            [
              75.6925117,
              31.2537543
            ]
          ]
        ]
      },
      "id": "way/1303019953"
    },
    {
      "type": "Feature",
      "properties": {
        "@id": "way/1303019954",
        "building": "yes"
      },
      "geometry": {
        "type": "Polygon",
        "coordinates": [
          [
            [
              75.6925645,
              31.2535468
            ],
            [
              75.6925737,
              31.2533942
            ],
            [
              75.6927806,
              31.2534231
            ],
            [
              75.6927634,
              31.2535747
            ],
            [
              75.6925645,
              31.2535468
            ]
          ]
        ]
      },
      "id": "way/1303019954"
    },
    {
      "type": "Feature",
      "properties": {
        "@id": "way/1303019955",
        "building": "yes"
      },
      "geometry": {
        "type": "Polygon",
        "coordinates": [
          [
            [
              75.6930622,
              31.2544129
            ],
            [
              75.6930721,
              31.2543126
            ],
            [
              75.6931821,
              31.254323
            ],
            [
              75.6931682,
              31.254416
            ],
            [
              75.6930622,
              31.2544129
            ]
          ]
        ]
      },
      "id": "way/1303019955"
    },
    {
      "type": "Feature",
      "properties": {
        "@id": "way/1303019956",
        "building": "yes"
      },
      "geometry": {
        "type": "Polygon",
        "coordinates": [
          [
            [
              75.6918262,
              31.2542649
            ],
            [
              75.6918487,
              31.2540917
            ],
            [
              75.6920794,
              31.2541084
            ],
            [
              75.6920628,
              31.2542834
            ],
            [
              75.6918262,
              31.2542649
            ]
          ]
        ]
      },
      "id": "way/1303019956"
    },
    {
      "type": "Feature",
      "properties": {
        "@id": "way/1303019957",
        "building": "yes"
      },
      "geometry": {
        "type": "Polygon",
        "coordinates": [
          [
            [
              75.6917609,
              31.2547029
            ],
            [
              75.69178,
              31.2545876
            ],
            [
              75.6920425,
              31.2546162
            ],
            [
              75.6920285,
              31.2547314
            ],
            [
              75.6917609,
              31.2547029
            ]
          ]
        ]
      },
      "id": "way/1303019957"
    },
    {
      "type": "Feature",
      "properties": {
        "@id": "way/1303019958",
        "building": "yes"
      },
      "geometry": {
        "type": "Polygon",
        "coordinates": [
          [
            [
              75.6921575,
              31.254713
            ],
            [
              75.6921568,
              31.2546553
            ],
            [
              75.6923966,
              31.2546707
            ],
            [
              75.6923932,
              31.2547336
            ],
            [
              75.6921575,
              31.254713
            ]
          ]
        ]
      },
      "id": "way/1303019958"
    },
    {
      "type": "Feature",
      "properties": {
        "@id": "way/1303019959",
        "building": "yes"
      },
      "geometry": {
        "type": "Polygon",
        "coordinates": [
          [
            [
              75.6923413,
              31.2540899
            ],
            [
              75.6923456,
              31.2539544
            ],
            [
              75.6924696,
              31.2539602
            ],
            [
              75.6924643,
              31.2540953
            ],
            [
              75.6923413,
              31.2540899
            ]
          ]
        ]
      },
      "id": "way/1303019959"
    },
    {
      "type": "Feature",
      "properties": {
        "@id": "way/1303019960",
        "building": "yes"
      },
      "geometry": {
        "type": "Polygon",
        "coordinates": [
          [
            [
              75.6929518,
              31.2540244
            ],
            [
              75.692951,
              31.2539514
            ],
            [
              75.6931208,
              31.2539608
            ],
            [
              75.6931128,
              31.2540325
            ],
            [
              75.6929518,
              31.2540244
            ]
          ]
        ]
      },
      "id": "way/1303019960"
    },
    {
      "type": "Feature",
      "properties": {
        "@id": "way/1303019961",
        "building": "yes"
      },
      "geometry": {
        "type": "Polygon",
        "coordinates": [
          [
            [
              75.6934343,
              31.2540861
            ],
            [
              75.6934549,
              31.2539883
            ],
            [
              75.6935826,
              31.2540002
            ],
            [
              75.6935726,
              31.2541016
            ],
            [
              75.6934343,
              31.2540861
            ]
          ]
        ]
      },
      "id": "way/1303019961"
    },
    {
      "type": "Feature",
      "properties": {
        "@id": "way/1303019962",
        "building": "yes"
      },
      "geometry": {
        "type": "Polygon",
        "coordinates": [
          [
            [
              75.6935199,
              31.253579
            ],
            [
              75.6935489,
              31.2533996
            ],
            [
              75.693682,
              31.2534019
            ],
            [
              75.6936619,
              31.2535962
            ],
            [
              75.6935199,
              31.253579
            ]
          ]
        ]
      },
      "id": "way/1303019962"
    },
    {
      "type": "Feature",
      "properties": {
        "@id": "way/1303019963",
        "building": "yes"
      },
      "geometry": {
        "type": "Polygon",
        "coordinates": [
          [
            [
              75.694239,
              31.2540384
            ],
            [
              75.6942593,
              31.2538462
            ],
            [
              75.6943716,
              31.253851
            ],
            [
              75.6943557,
              31.2540501
            ],
            [
              75.694239,
              31.2540384
            ]
          ]
        ]
      },
      "id": "way/1303019963"
    },
    {
      "type": "Feature",
      "properties": {
        "@id": "way/1303019964",
        "building": "yes"
      },
      "geometry": {
        "type": "Polygon",
        "coordinates": [
          [
            [
              75.6940372,
              31.2539313
            ],
            [
              75.6940438,
              31.2538388
            ],
            [
              75.6941761,
              31.2538388
            ],
            [
              75.6941667,
              31.2539377
            ],
            [
              75.6940372,
              31.2539313
            ]
          ]
        ]
      },
      "id": "way/1303019964"
    },
    {
      "type": "Feature",
      "properties": {
        "@id": "way/1303019965",
        "building": "yes"
      },
      "geometry": {
        "type": "Polygon",
        "coordinates": [
          [
            [
              75.6940768,
              31.253625
            ],
            [
              75.6941159,
              31.2534242
            ],
            [
              75.6942349,
              31.2534317
            ],
            [
              75.6942027,
              31.253636
            ],
            [
              75.6940768,
              31.253625
            ]
          ]
        ]
      },
      "id": "way/1303019965"
    },
    {
      "type": "Feature",
      "properties": {
        "@id": "way/1303019966",
        "building": "yes"
      },
      "geometry": {
        "type": "Polygon",
        "coordinates": [
          [
            [
              75.6939426,
              31.2538641
            ],
            [
              75.6939644,
              31.2536771
            ],
            [
              75.6940493,
              31.253689
            ],
            [
              75.6940266,
              31.2538703
            ],
            [
              75.6939426,
              31.2538641
            ]
          ]
        ]
      },
      "id": "way/1303019966"
    },
    {
      "type": "Feature",
      "properties": {
        "@id": "way/1303019967",
        "building": "yes"
      },
      "geometry": {
        "type": "Polygon",
        "coordinates": [
          [
            [
              75.6934667,
              31.2539319
            ],
            [
              75.693496,
              31.2537447
            ],
            [
              75.6936084,
              31.2537492
            ],
            [
              75.6935759,
              31.2539422
            ],
            [
              75.6934667,
              31.2539319
            ]
          ]
        ]
      },
      "id": "way/1303019967"
    },
    {
      "type": "Feature",
      "properties": {
        "@id": "way/1303019968",
        "building": "yes"
      },
      "geometry": {
        "type": "Polygon",
        "coordinates": [
          [
            [
              75.6935997,
              31.2539358
            ],
            [
              75.6936067,
              31.2538497
            ],
            [
              75.6937185,
              31.2538617
            ],
            [
              75.6937056,
              31.2539449
            ],
            [
              75.6935997,
              31.2539358
            ]
          ]
        ]
      },
      "id": "way/1303019968"
    },
    {
      "type": "Feature",
      "properties": {
        "@id": "way/1303019969",
        "building": "yes"
      },
      "geometry": {
        "type": "Polygon",
        "coordinates": [
          [
            [
              75.6936005,
              31.2545904
            ],
            [
              75.6936193,
              31.2544909
            ],
            [
              75.6938399,
              31.254509
            ],
            [
              75.6938348,
              31.2546092
            ],
            [
              75.6936005,
              31.2545904
            ]
          ]
        ]
      },
      "id": "way/1303019969"
    },
    {
      "type": "Feature",
      "properties": {
        "@id": "way/1303019970",
        "building": "yes"
      },
      "geometry": {
        "type": "Polygon",
        "coordinates": [
          [
            [
              75.6934163,
              31.2543392
            ],
            [
              75.6934295,
              31.2542418
            ],
            [
              75.6935992,
              31.2542473
            ],
            [
              75.6935956,
              31.2543597
            ],
            [
              75.6934163,
              31.2543392
            ]
          ]
        ]
      },
      "id": "way/1303019970"
    },
    {
      "type": "Feature",
      "properties": {
        "@id": "way/1303019971",
        "building": "yes"
      },
      "geometry": {
        "type": "Polygon",
        "coordinates": [
          [
            [
              75.6942522,
              31.2548315
            ],
            [
              75.6942482,
              31.2547508
            ],
            [
              75.694417,
              31.254754
            ],
            [
              75.6944144,
              31.2548406
            ],
            [
              75.6942522,
              31.2548315
            ]
          ]
        ]
      },
      "id": "way/1303019971"
    },
    {
      "type": "Feature",
      "properties": {
        "@id": "way/1303019972",
        "building": "yes"
      },
      "geometry": {
        "type": "Polygon",
        "coordinates": [
          [
            [
              75.6941506,
              31.2544096
            ],
            [
              75.6941621,
              31.2543025
            ],
            [
              75.6943458,
              31.2543128
            ],
            [
              75.694323,
              31.2544245
            ],
            [
              75.6941506,
              31.2544096
            ]
          ]
        ]
      },
      "id": "way/1303019972"
    },
    {
      "type": "Feature",
      "properties": {
        "@id": "way/1303019973",
        "building": "yes"
      },
      "geometry": {
        "type": "Polygon",
        "coordinates": [
          [
            [
              75.6943492,
              31.254423
            ],
            [
              75.6943662,
              31.2543204
            ],
            [
              75.6944989,
              31.2543265
            ],
            [
              75.6944836,
              31.254432
            ],
            [
              75.6943492,
              31.254423
            ]
          ]
        ]
      },
      "id": "way/1303019973"
    },
    {
      "type": "Feature",
      "properties": {
        "@id": "way/1303019974",
        "building": "yes"
      },
      "geometry": {
        "type": "Polygon",
        "coordinates": [
          [
            [
              75.6939808,
              31.2545234
            ],
            [
              75.6940015,
              31.2543918
            ],
            [
              75.6941073,
              31.2544081
            ],
            [
              75.6940907,
              31.2545309
            ],
            [
              75.6939808,
              31.2545234
            ]
          ]
        ]
      },
      "id": "way/1303019974"
    },
    {
      "type": "Feature",
      "properties": {
        "@id": "way/1303019975",
        "building": "yes"
      },
      "geometry": {
        "type": "Polygon",
        "coordinates": [
          [
            [
              75.6940588,
              31.2548869
            ],
            [
              75.6940812,
              31.2547243
            ],
            [
              75.6942271,
              31.2547356
            ],
            [
              75.6942051,
              31.2548889
            ],
            [
              75.6940588,
              31.2548869
            ]
          ]
        ]
      },
      "id": "way/1303019975"
    },
    {
      "type": "Feature",
      "properties": {
        "@id": "way/1303019976",
        "building": "yes"
      },
      "geometry": {
        "type": "Polygon",
        "coordinates": [
          [
            [
              75.6928113,
              31.2548298
            ],
            [
              75.6928335,
              31.2546303
            ],
            [
              75.6929718,
              31.2546502
            ],
            [
              75.6929404,
              31.2548425
            ],
            [
              75.6928113,
              31.2548298
            ]
          ]
        ]
      },
      "id": "way/1303019976"
    },
    {
      "type": "Feature",
      "properties": {
        "@id": "way/1303019977",
        "building": "yes"
      },
      "geometry": {
        "type": "Polygon",
        "coordinates": [
          [
            [
              75.6921126,
              31.2549526
            ],
            [
              75.6921366,
              31.2547638
            ],
            [
              75.6923128,
              31.2547901
            ],
            [
              75.6922975,
              31.254962
            ],
            [
              75.6921126,
              31.2549526
            ]
          ]
        ]
      },
      "id": "way/1303019977"
    },
    {
      "type": "Feature",
      "properties": {
        "@id": "way/1303019978",
        "building": "yes"
      },
      "geometry": {
        "type": "Polygon",
        "coordinates": [
          [
            [
              75.6923122,
              31.2543088
            ],
            [
              75.6923538,
              31.2541355
            ],
            [
              75.6924797,
              31.2541429
            ],
            [
              75.6924566,
              31.2543154
            ],
            [
              75.6923122,
              31.2543088
            ]
          ]
        ]
      },
      "id": "way/1303019978"
    },
    {
      "type": "Feature",
      "properties": {
        "@id": "way/1303019979",
        "building": "yes"
      },
      "geometry": {
        "type": "Polygon",
        "coordinates": [
          [
            [
              75.6919846,
              31.2539112
            ],
            [
              75.6919931,
              31.2538567
            ],
            [
              75.6921001,
              31.2538612
            ],
            [
              75.6920906,
              31.2539229
            ],
            [
              75.6919846,
              31.2539112
            ]
          ]
        ]
      },
      "id": "way/1303019979"
    },
    {
      "type": "Feature",
      "properties": {
        "@id": "way/1303019980",
        "building": "yes"
      },
      "geometry": {
        "type": "Polygon",
        "coordinates": [
          [
            [
              75.6925004,
              31.2539682
            ],
            [
              75.6925012,
              31.2539133
            ],
            [
              75.6926111,
              31.2539098
            ],
            [
              75.6926036,
              31.2539725
            ],
            [
              75.6925004,
              31.2539682
            ]
          ]
        ]
      },
      "id": "way/1303019980"
    },
    {
      "type": "Feature",
      "properties": {
        "@id": "way/1303019981",
        "building": "yes"
      },
      "geometry": {
        "type": "Polygon",
        "coordinates": [
          [
            [
              75.6920014,
              31.2532107
            ],
            [
              75.6920216,
              31.25301
            ],
            [
              75.6921533,
              31.2530264
            ],
            [
              75.6921328,
              31.2532096
            ],
            [
              75.6920014,
              31.2532107
            ]
          ]
        ]
      },
      "id": "way/1303019981"
    },
    {
      "type": "Feature",
      "properties": {
        "@id": "way/1303019982",
        "building": "yes"
      },
      "geometry": {
        "type": "Polygon",
        "coordinates": [
          [
            [
              75.6922612,
              31.2530253
            ],
            [
              75.6922672,
              31.2529215
            ],
            [
              75.6923259,
              31.2529232
            ],
            [
              75.6923145,
              31.2530254
            ],
            [
              75.6922612,
              31.2530253
            ]
          ]
        ]
      },
      "id": "way/1303019982"
    },
    {
      "type": "Feature",
      "properties": {
        "@id": "way/1303019983",
        "building": "yes"
      },
      "geometry": {
        "type": "Polygon",
        "coordinates": [
          [
            [
              75.6923587,
              31.2530232
            ],
            [
              75.6923692,
              31.2529261
            ],
            [
              75.6924246,
              31.2529316
            ],
            [
              75.6924088,
              31.2530232
            ],
            [
              75.6923587,
              31.2530232
            ]
          ]
        ]
      },
      "id": "way/1303019983"
    },
    {
      "type": "Feature",
      "properties": {
        "@id": "way/1303019984",
        "building": "yes"
      },
      "geometry": {
        "type": "Polygon",
        "coordinates": [
          [
            [
              75.6930527,
              31.2538232
            ],
            [
              75.6930733,
              31.253725
            ],
            [
              75.6931487,
              31.253725
            ],
            [
              75.6931243,
              31.2538346
            ],
            [
              75.6930527,
              31.2538232
            ]
          ]
        ]
      },
      "id": "way/1303019984"
    },
    {
      "type": "Feature",
      "properties": {
        "@id": "way/1303019985",
        "building": "yes"
      },
      "geometry": {
        "type": "Polygon",
        "coordinates": [
          [
            [
              75.6932622,
              31.2537815
            ],
            [
              75.6932642,
              31.2537324
            ],
            [
              75.693382,
              31.2537361
            ],
            [
              75.6933736,
              31.2537841
            ],
            [
              75.6932622,
              31.2537815
            ]
          ]
        ]
      },
      "id": "way/1303019985"
    },
    {
      "type": "Feature",
      "properties": {
        "@id": "way/1303019986",
        "building": "yes"
      },
      "geometry": {
        "type": "Polygon",
        "coordinates": [
          [
            [
              75.6930831,
              31.2537033
            ],
            [
              75.6930886,
              31.2536173
            ],
            [
              75.6933793,
              31.253632
            ],
            [
              75.6933698,
              31.2537153
            ],
            [
              75.6930831,
              31.2537033
            ]
          ]
        ]
      },
      "id": "way/1303019986"
    },
    {
      "type": "Feature",
      "properties": {
        "@id": "way/1303019987",
        "building": "yes"
      },
      "geometry": {
        "type": "Polygon",
        "coordinates": [
          [
            [
              75.6923615,
              31.254543
            ],
            [
              75.6923553,
              31.2545
            ],
            [
              75.6924163,
              31.2545027
            ],
            [
              75.6924136,
              31.254543
            ],
            [
              75.6923615,
              31.254543
            ]
          ]
        ]
      },
      "id": "way/1303019987"
    },
    {
      "type": "Feature",
      "properties": {
        "@id": "way/1303019988",
        "building": "yes"
      },
      "geometry": {
        "type": "Polygon",
        "coordinates": [
          [
            [
              75.6934229,
              31.2544718
            ],
            [
              75.6934237,
              31.2544071
            ],
            [
              75.6936034,
              31.25441
            ],
            [
              75.693597,
              31.2544813
            ],
            [
              75.6934229,
              31.2544718
            ]
          ]
        ]
      },
      "id": "way/1303019988"
    },
    {
      "type": "Feature",
      "properties": {
        "@id": "way/1303019989",
        "building": "yes"
      },
      "geometry": {
        "type": "Polygon",
        "coordinates": [
          [
            [
              75.6973038,
              31.2548152
            ],
            [
              75.6973116,
              31.2547413
            ],
            [
              75.6974426,
              31.2547514
            ],
            [
              75.6974348,
              31.2548253
            ],
            [
              75.6973038,
              31.2548152
            ]
          ]
        ]
      },
      "id": "way/1303019989"
    },
    {
      "type": "Feature",
      "properties": {
        "@id": "way/1303019990",
        "building": "yes"
      },
      "geometry": {
        "type": "Polygon",
        "coordinates": [
          [
            [
              75.6972842,
              31.2549056
            ],
            [
              75.6972964,
              31.2548415
            ],
            [
              75.6974175,
              31.2548584
            ],
            [
              75.6974053,
              31.2549225
            ],
            [
              75.6972842,
              31.2549056
            ]
          ]
        ]
      },
      "id": "way/1303019990"
    },
    {
      "type": "Feature",
      "properties": {
        "@id": "way/1303019991",
        "building": "yes"
      },
      "geometry": {
        "type": "Polygon",
        "coordinates": [
          [
            [
              75.6975424,
              31.2545748
            ],
            [
              75.6975515,
              31.2545089
            ],
            [
              75.6976618,
              31.25452
            ],
            [
              75.6976527,
              31.254586
            ],
            [
              75.6975424,
              31.2545748
            ]
          ]
        ]
      },
      "id": "way/1303019991"
    },
    {
      "type": "Feature",
      "properties": {
        "@id": "way/1303019992",
        "building": "yes"
      },
      "geometry": {
        "type": "Polygon",
        "coordinates": [
          [
            [
              75.696785,
              31.2551177
            ],
            [
              75.69682,
              31.2548216
            ],
            [
              75.6969834,
              31.2548347
            ],
            [
              75.6969319,
              31.255135
            ],
            [
              75.696785,
              31.2551177
            ]
          ]
        ]
      },
      "id": "way/1303019992"
    },
    {
      "type": "Feature",
      "properties": {
        "@id": "way/1303019993",
        "building": "yes"
      },
      "geometry": {
        "type": "Polygon",
        "coordinates": [
          [
            [
              75.6969626,
              31.2551327
            ],
            [
              75.696979,
              31.255048
            ],
            [
              75.6971111,
              31.2550572
            ],
            [
              75.6971561,
              31.2550603
            ],
            [
              75.6971466,
              31.2551464
            ],
            [
              75.6969626,
              31.2551327
            ]
          ]
        ]
      },
      "id": "way/1303019993"
    },
    {
      "type": "Feature",
      "properties": {
        "@id": "way/1303019994",
        "building": "yes"
      },
      "geometry": {
        "type": "Polygon",
        "coordinates": [
          [
            [
              75.6969881,
              31.2550352
            ],
            [
              75.697,
              31.2549853
            ],
            [
              75.6971592,
              31.2549875
            ],
            [
              75.6971493,
              31.255048
            ],
            [
              75.6969881,
              31.2550352
            ]
          ]
        ]
      },
      "id": "way/1303019994"
    },
    {
      "type": "Feature",
      "properties": {
        "@id": "way/1303019995",
        "building": "yes"
      },
      "geometry": {
        "type": "Polygon",
        "coordinates": [
          [
            [
              75.6974701,
              31.2550416
            ],
            [
              75.6974826,
              31.2549549
            ],
            [
              75.6975495,
              31.254954
            ],
            [
              75.6975301,
              31.2550505
            ],
            [
              75.6974701,
              31.2550416
            ]
          ]
        ]
      },
      "id": "way/1303019995"
    },
    {
      "type": "Feature",
      "properties": {
        "@id": "way/1303019996",
        "building": "yes"
      },
      "geometry": {
        "type": "Polygon",
        "coordinates": [
          [
            [
              75.6970118,
              31.2548823
            ],
            [
              75.6971539,
              31.2548963
            ],
            [
              75.6971449,
              31.2549731
            ],
            [
              75.6969936,
              31.2549668
            ],
            [
              75.6970118,
              31.2548823
            ]
          ]
        ]
      },
      "id": "way/1303019996"
    },
    {
      "type": "Feature",
      "properties": {
        "@id": "way/1303019997",
        "building": "yes"
      },
      "geometry": {
        "type": "Polygon",
        "coordinates": [
          [
            [
              75.6970147,
              31.254865
            ],
            [
              75.6970266,
              31.2547931
            ],
            [
              75.6971665,
              31.2548039
            ],
            [
              75.6971593,
              31.2548771
            ],
            [
              75.6970147,
              31.254865
            ]
          ]
        ]
      },
      "id": "way/1303019997"
    },
    {
      "type": "Feature",
      "properties": {
        "@id": "way/1303019998",
        "building": "yes"
      },
      "geometry": {
        "type": "Polygon",
        "coordinates": [
          [
            [
              75.6970112,
              31.2547821
            ],
            [
              75.6970168,
              31.2547368
            ],
            [
              75.69717,
              31.2547469
            ],
            [
              75.6971884,
              31.2547481
            ],
            [
              75.6971876,
              31.2547967
            ],
            [
              75.6970112,
              31.2547821
            ]
          ]
        ]
      },
      "id": "way/1303019998"
    },
    {
      "type": "Feature",
      "properties": {
        "@id": "way/1303019999",
        "building": "yes"
      },
      "geometry": {
        "type": "Polygon",
        "coordinates": [
          [
            [
              75.6970277,
              31.2547018
            ],
            [
              75.6970365,
              31.2546165
            ],
            [
              75.6971909,
              31.2546256
            ],
            [
              75.6971846,
              31.2547081
            ],
            [
              75.6970277,
              31.2547018
            ]
          ]
        ]
      },
      "id": "way/1303019999"
    },
    {
      "type": "Feature",
      "properties": {
        "@id": "way/1303020000",
        "building": "yes"
      },
      "geometry": {
        "type": "Polygon",
        "coordinates": [
          [
            [
              75.6971729,
              31.2539217
            ],
            [
              75.6971865,
              31.2538309
            ],
            [
              75.6975666,
              31.2538668
            ],
            [
              75.6975601,
              31.2539599
            ],
            [
              75.6971729,
              31.2539217
            ]
          ]
        ]
      },
      "id": "way/1303020000"
    },
    {
      "type": "Feature",
      "properties": {
        "@id": "way/1303020001",
        "building": "yes"
      },
      "geometry": {
        "type": "Polygon",
        "coordinates": [
          [
            [
              75.6967467,
              31.2539532
            ],
            [
              75.6967634,
              31.2538581
            ],
            [
              75.6968556,
              31.2538709
            ],
            [
              75.6968456,
              31.2539568
            ],
            [
              75.6967467,
              31.2539532
            ]
          ]
        ]
      },
      "id": "way/1303020001"
    },
    {
      "type": "Feature",
      "properties": {
        "@id": "way/1303020002",
        "building": "yes"
      },
      "geometry": {
        "type": "Polygon",
        "coordinates": [
          [
            [
              75.6971971,
              31.2536986
            ],
            [
              75.6972009,
              31.253609
            ],
            [
              75.6972586,
              31.253614
            ],
            [
              75.6972438,
              31.2536975
            ],
            [
              75.6971971,
              31.2536986
            ]
          ]
        ]
      },
      "id": "way/1303020002"
    },
    {
      "type": "Feature",
      "properties": {
        "@id": "way/1303020182",
        "building": "yes"
      },
      "geometry": {
        "type": "Polygon",
        "coordinates": [
          [
            [
              75.6982307,
              31.2537859
            ],
            [
              75.6982449,
              31.2536791
            ],
            [
              75.6983129,
              31.2536787
            ],
            [
              75.698304,
              31.2537821
            ],
            [
              75.6982307,
              31.2537859
            ]
          ]
        ]
      },
      "id": "way/1303020182"
    },
    {
      "type": "Feature",
      "properties": {
        "@id": "way/1303040669",
        "building": "yes",
        "leisure": "fitness_centre",
        "name": "Fitness Edge"
      },
      "geometry": {
        "type": "Polygon",
        "coordinates": [
          [
            [
              75.6951553,
              31.253822
            ],
            [
              75.6951588,
              31.2537522
            ],
            [
              75.6953925,
              31.2537712
            ],
            [
              75.695384,
              31.253845
            ],
            [
              75.6951553,
              31.253822
            ]
          ]
        ]
      },
      "id": "way/1303040669"
    },
    {
      "type": "Feature",
      "properties": {
        "@id": "way/1303042058",
        "building": "yes"
      },
      "geometry": {
        "type": "Polygon",
        "coordinates": [
          [
            [
              75.6951622,
              31.2534933
            ],
            [
              75.6951789,
              31.2533195
            ],
            [
              75.6952669,
              31.2533219
            ],
            [
              75.6952594,
              31.2535023
            ],
            [
              75.6951622,
              31.2534933
            ]
          ]
        ]
      },
      "id": "way/1303042058"
    },
    {
      "type": "Feature",
      "properties": {
        "@id": "way/1303042059",
        "building": "yes"
      },
      "geometry": {
        "type": "Polygon",
        "coordinates": [
          [
            [
              75.6916601,
              31.256084
            ],
            [
              75.6916575,
              31.2559501
            ],
            [
              75.6917839,
              31.2559455
            ],
            [
              75.6917994,
              31.2560789
            ],
            [
              75.6916601,
              31.256084
            ]
          ]
        ]
      },
      "id": "way/1303042059"
    },
    {
      "type": "Feature",
      "properties": {
        "@id": "way/1303042060",
        "building": "yes"
      },
      "geometry": {
        "type": "Polygon",
        "coordinates": [
          [
            [
              75.6918223,
              31.2564644
            ],
            [
              75.6918185,
              31.256413
            ],
            [
              75.691948,
              31.2564121
            ],
            [
              75.6919509,
              31.2564667
            ],
            [
              75.6918223,
              31.2564644
            ]
          ]
        ]
      },
      "id": "way/1303042060"
    },
    {
      "type": "Feature",
      "properties": {
        "@id": "way/1303042061",
        "building": "yes"
      },
      "geometry": {
        "type": "Polygon",
        "coordinates": [
          [
            [
              75.692066,
              31.2564254
            ],
            [
              75.6920574,
              31.2563255
            ],
            [
              75.6921735,
              31.256326
            ],
            [
              75.6921735,
              31.2564201
            ],
            [
              75.692066,
              31.2564254
            ]
          ]
        ]
      },
      "id": "way/1303042061"
    },
    {
      "type": "Feature",
      "properties": {
        "@id": "way/1303042062",
        "building": "yes"
      },
      "geometry": {
        "type": "Polygon",
        "coordinates": [
          [
            [
              75.6920442,
              31.2561385
            ],
            [
              75.6920462,
              31.2560368
            ],
            [
              75.6921713,
              31.2560273
            ],
            [
              75.6921749,
              31.2561376
            ],
            [
              75.6920442,
              31.2561385
            ]
          ]
        ]
      },
      "id": "way/1303042062"
    },
    {
      "type": "Feature",
      "properties": {
        "@id": "way/1303042063",
        "building": "yes"
      },
      "geometry": {
        "type": "Polygon",
        "coordinates": [
          [
            [
              75.6921887,
              31.2559873
            ],
            [
              75.6921908,
              31.2559035
            ],
            [
              75.6923125,
              31.2559003
            ],
            [
              75.6923125,
              31.2559938
            ],
            [
              75.6921887,
              31.2559873
            ]
          ]
        ]
      },
      "id": "way/1303042063"
    },
    {
      "type": "Feature",
      "properties": {
        "@id": "way/1303042064",
        "building": "yes"
      },
      "geometry": {
        "type": "Polygon",
        "coordinates": [
          [
            [
              75.692433,
              31.2564234
            ],
            [
              75.6924265,
              31.256242
            ],
            [
              75.6925424,
              31.2562424
            ],
            [
              75.6925491,
              31.2564226
            ],
            [
              75.692433,
              31.2564234
            ]
          ]
        ]
      },
      "id": "way/1303042064"
    },
    {
      "type": "Feature",
      "properties": {
        "@id": "way/1303042065",
        "building": "yes"
      },
      "geometry": {
        "type": "Polygon",
        "coordinates": [
          [
            [
              75.6922071,
              31.2563663
            ],
            [
              75.6922017,
              31.256276
            ],
            [
              75.6923051,
              31.2562699
            ],
            [
              75.6923061,
              31.2563667
            ],
            [
              75.6922071,
              31.2563663
            ]
          ]
        ]
      },
      "id": "way/1303042065"
    },
    {
      "type": "Feature",
      "properties": {
        "@id": "way/1303042066",
        "building": "yes"
      },
      "geometry": {
        "type": "Polygon",
        "coordinates": [
          [
            [
              75.6922008,
              31.2561613
            ],
            [
              75.6921957,
              31.2560658
            ],
            [
              75.6923076,
              31.2560591
            ],
            [
              75.6923154,
              31.2561609
            ],
            [
              75.6922008,
              31.2561613
            ]
          ]
        ]
      },
      "id": "way/1303042066"
    },
    {
      "type": "Feature",
      "properties": {
        "@id": "way/1303042067",
        "building": "yes"
      },
      "geometry": {
        "type": "Polygon",
        "coordinates": [
          [
            [
              75.6922,
              31.2562568
            ],
            [
              75.6921997,
              31.2561853
            ],
            [
              75.6923052,
              31.2561889
            ],
            [
              75.6923096,
              31.2562534
            ],
            [
              75.6922,
              31.2562568
            ]
          ]
        ]
      },
      "id": "way/1303042067"
    },
    {
      "type": "Feature",
      "properties": {
        "@id": "way/1303042068",
        "building": "yes"
      },
      "geometry": {
        "type": "Polygon",
        "coordinates": [
          [
            [
              75.6925885,
              31.2561892
            ],
            [
              75.6925775,
              31.2559939
            ],
            [
              75.6926962,
              31.2559962
            ],
            [
              75.6927071,
              31.2561783
            ],
            [
              75.6925885,
              31.2561892
            ]
          ]
        ]
      },
      "id": "way/1303042068"
    },
    {
      "type": "Feature",
      "properties": {
        "@id": "way/1303042069",
        "building": "yes"
      },
      "geometry": {
        "type": "Polygon",
        "coordinates": [
          [
            [
              75.6924219,
              31.256118
            ],
            [
              75.6924179,
              31.2561072
            ],
            [
              75.6924229,
              31.2560191
            ],
            [
              75.6925394,
              31.2560136
            ],
            [
              75.6925371,
              31.2561084
            ],
            [
              75.6924219,
              31.256118
            ]
          ]
        ]
      },
      "id": "way/1303042069"
    },
    {
      "type": "Feature",
      "properties": {
        "@id": "way/1303042070",
        "building": "yes"
      },
      "geometry": {
        "type": "Polygon",
        "coordinates": [
          [
            [
              75.6930662,
              31.2566685
            ],
            [
              75.6930713,
              31.2565173
            ],
            [
              75.6932949,
              31.2565227
            ],
            [
              75.6932974,
              31.2566717
            ],
            [
              75.6930662,
              31.2566685
            ]
          ]
        ]
      },
      "id": "way/1303042070"
    },
    {
      "type": "Feature",
      "properties": {
        "@id": "way/1303042071",
        "building": "yes"
      },
      "geometry": {
        "type": "Polygon",
        "coordinates": [
          [
            [
              75.6921433,
              31.2566403
            ],
            [
              75.6921458,
              31.2565322
            ],
            [
              75.6925847,
              31.256523
            ],
            [
              75.6925798,
              31.2566373
            ],
            [
              75.6921433,
              31.2566403
            ]
          ]
        ]
      },
      "id": "way/1303042071"
    },
    {
      "type": "Feature",
      "properties": {
        "@id": "way/1303042072",
        "building": "yes"
      },
      "geometry": {
        "type": "Polygon",
        "coordinates": [
          [
            [
              75.6919646,
              31.2566319
            ],
            [
              75.6919669,
              31.256551
            ],
            [
              75.6920767,
              31.2565494
            ],
            [
              75.6920816,
              31.256634
            ],
            [
              75.6919646,
              31.2566319
            ]
          ]
        ]
      },
      "id": "way/1303042072"
    },
    {
      "type": "Feature",
      "properties": {
        "@id": "way/1303042073",
        "building": "yes"
      },
      "geometry": {
        "type": "Polygon",
        "coordinates": [
          [
            [
              75.6924299,
              31.2559741
            ],
            [
              75.6924188,
              31.2558838
            ],
            [
              75.6925482,
              31.2558701
            ],
            [
              75.6925592,
              31.2559694
            ],
            [
              75.6924299,
              31.2559741
            ]
          ]
        ]
      },
      "id": "way/1303042073"
    },
    {
      "type": "Feature",
      "properties": {
        "@id": "way/1303042074",
        "building": "yes"
      },
      "geometry": {
        "type": "Polygon",
        "coordinates": [
          [
            [
              75.6925816,
              31.2559557
            ],
            [
              75.6925717,
              31.2558768
            ],
            [
              75.692687,
              31.2558739
            ],
            [
              75.6926907,
              31.2559571
            ],
            [
              75.6925816,
              31.2559557
            ]
          ]
        ]
      },
      "id": "way/1303042074"
    },
    {
      "type": "Feature",
      "properties": {
        "@id": "way/1303042075",
        "building": "yes"
      },
      "geometry": {
        "type": "Polygon",
        "coordinates": [
          [
            [
              75.6928135,
              31.2564308
            ],
            [
              75.6928044,
              31.256356
            ],
            [
              75.6929341,
              31.2563512
            ],
            [
              75.6929372,
              31.2564251
            ],
            [
              75.6928135,
              31.2564308
            ]
          ]
        ]
      },
      "id": "way/1303042075"
    },
    {
      "type": "Feature",
      "properties": {
        "@id": "way/1303042076",
        "building": "yes"
      },
      "geometry": {
        "type": "Polygon",
        "coordinates": [
          [
            [
              75.6929496,
              31.2562279
            ],
            [
              75.6929436,
              31.2561745
            ],
            [
              75.6930651,
              31.2561748
            ],
            [
              75.6930766,
              31.2562245
            ],
            [
              75.6929496,
              31.2562279
            ]
          ]
        ]
      },
      "id": "way/1303042076"
    },
    {
      "type": "Feature",
      "properties": {
        "@id": "way/1303042077",
        "building": "yes"
      },
      "geometry": {
        "type": "Polygon",
        "coordinates": [
          [
            [
              75.6928126,
              31.256127
            ],
            [
              75.6928144,
              31.2560737
            ],
            [
              75.6929433,
              31.2560662
            ],
            [
              75.6929452,
              31.2561281
            ],
            [
              75.6928126,
              31.256127
            ]
          ]
        ]
      },
      "id": "way/1303042077"
    },
    {
      "type": "Feature",
      "properties": {
        "@id": "way/1303042078",
        "building": "yes"
      },
      "geometry": {
        "type": "Polygon",
        "coordinates": [
          [
            [
              75.6931868,
              31.2563415
            ],
            [
              75.6931819,
              31.2562769
            ],
            [
              75.6932566,
              31.2562713
            ],
            [
              75.6932524,
              31.2563399
            ],
            [
              75.6931868,
              31.2563415
            ]
          ]
        ]
      },
      "id": "way/1303042078"
    },
    {
      "type": "Feature",
      "properties": {
        "@id": "way/1303042079",
        "building": "yes"
      },
      "geometry": {
        "type": "Polygon",
        "coordinates": [
          [
            [
              75.6934107,
              31.2566201
            ],
            [
              75.6934117,
              31.2565217
            ],
            [
              75.6935953,
              31.256615
            ],
            [
              75.6934107,
              31.2566201
            ]
          ]
        ]
      },
      "id": "way/1303042079"
    },
    {
      "type": "Feature",
      "properties": {
        "@id": "way/1303042080",
        "building": "yes"
      },
      "geometry": {
        "type": "Polygon",
        "coordinates": [
          [
            [
              75.6915165,
              31.2566128
            ],
            [
              75.6915291,
              31.2565141
            ],
            [
              75.6917503,
              31.2565168
            ],
            [
              75.6917439,
              31.2566141
            ],
            [
              75.6915165,
              31.2566128
            ]
          ]
        ]
      },
      "id": "way/1303042080"
    },
    {
      "type": "Feature",
      "properties": {
        "@id": "way/1303042081",
        "building": "yes"
      },
      "geometry": {
        "type": "Polygon",
        "coordinates": [
          [
            [
              75.6929269,
              31.2545995
            ],
            [
              75.6929474,
              31.254513
            ],
            [
              75.6930271,
              31.254517
            ],
            [
              75.6930141,
              31.2546007
            ],
            [
              75.6929269,
              31.2545995
            ]
          ]
        ]
      },
      "id": "way/1303042081"
    },
    {
      "type": "Feature",
      "properties": {
        "@id": "way/1304140938",
        "building": "yes"
      },
      "geometry": {
        "type": "Polygon",
        "coordinates": [
          [
            [
              75.6957696,
              31.2546041
            ],
            [
              75.6957988,
              31.2544631
            ],
            [
              75.6959142,
              31.2544767
            ],
            [
              75.6958834,
              31.2546159
            ],
            [
              75.6957696,
              31.2546041
            ]
          ]
        ]
      },
      "id": "way/1304140938"
    },
    {
      "type": "Feature",
      "properties": {
        "@id": "way/1304140939",
        "building": "yes"
      },
      "geometry": {
        "type": "Polygon",
        "coordinates": [
          [
            [
              75.6956137,
              31.2551122
            ],
            [
              75.6956309,
              31.2549703
            ],
            [
              75.6957117,
              31.2549936
            ],
            [
              75.6956969,
              31.2551225
            ],
            [
              75.6956137,
              31.2551122
            ]
          ]
        ]
      },
      "id": "way/1304140939"
    },
    {
      "type": "Feature",
      "properties": {
        "@id": "way/1304140940",
        "building": "yes"
      },
      "geometry": {
        "type": "Polygon",
        "coordinates": [
          [
            [
              75.695281,
              31.2554614
            ],
            [
              75.6952974,
              31.2552465
            ],
            [
              75.6955484,
              31.2552705
            ],
            [
              75.6955247,
              31.2554749
            ],
            [
              75.695281,
              31.2554614
            ]
          ]
        ]
      },
      "id": "way/1304140940"
    },
    {
      "type": "Feature",
      "properties": {
        "@id": "way/1304140941",
        "building": "yes"
      },
      "geometry": {
        "type": "Polygon",
        "coordinates": [
          [
            [
              75.6964075,
              31.2551277
            ],
            [
              75.6964256,
              31.2549851
            ],
            [
              75.6965698,
              31.2550047
            ],
            [
              75.6965502,
              31.2551377
            ],
            [
              75.6964075,
              31.2551277
            ]
          ]
        ]
      },
      "id": "way/1304140941"
    },
    {
      "type": "Feature",
      "properties": {
        "@id": "way/1304140942",
        "building": "yes"
      },
      "geometry": {
        "type": "Polygon",
        "coordinates": [
          [
            [
              75.6964293,
              31.2549649
            ],
            [
              75.6964555,
              31.2547822
            ],
            [
              75.6966018,
              31.2548049
            ],
            [
              75.6965836,
              31.254986
            ],
            [
              75.6964293,
              31.2549649
            ]
          ]
        ]
      },
      "id": "way/1304140942"
    },
    {
      "type": "Feature",
      "properties": {
        "@id": "way/1304140943",
        "building": "yes"
      },
      "geometry": {
        "type": "Polygon",
        "coordinates": [
          [
            [
              75.6960297,
              31.2549034
            ],
            [
              75.6960533,
              31.2547399
            ],
            [
              75.6964246,
              31.254779
            ],
            [
              75.6963975,
              31.2549434
            ],
            [
              75.6960297,
              31.2549034
            ]
          ]
        ]
      },
      "id": "way/1304140943"
    },
    {
      "type": "Feature",
      "properties": {
        "@id": "way/1304140944",
        "building": "yes"
      },
      "geometry": {
        "type": "Polygon",
        "coordinates": [
          [
            [
              75.6960489,
              31.254974
            ],
            [
              75.6960605,
              31.2549298
            ],
            [
              75.6962484,
              31.2549478
            ],
            [
              75.6962355,
              31.2549907
            ],
            [
              75.6960489,
              31.254974
            ]
          ]
        ]
      },
      "id": "way/1304140944"
    },
    {
      "type": "Feature",
      "properties": {
        "@id": "way/1304140945",
        "building": "yes"
      },
      "geometry": {
        "type": "Polygon",
        "coordinates": [
          [
            [
              75.696076,
              31.2546215
            ],
            [
              75.6960923,
              31.2545634
            ],
            [
              75.6962567,
              31.2545933
            ],
            [
              75.6962567,
              31.2546409
            ],
            [
              75.696076,
              31.2546215
            ]
          ]
        ]
      },
      "id": "way/1304140945"
    },
    {
      "type": "Feature",
      "properties": {
        "@id": "way/1304140946",
        "building": "yes"
      },
      "geometry": {
        "type": "Polygon",
        "coordinates": [
          [
            [
              75.6962094,
              31.2545633
            ],
            [
              75.6962276,
              31.254427
            ],
            [
              75.6962969,
              31.2544435
            ],
            [
              75.6962843,
              31.2545749
            ],
            [
              75.6962094,
              31.2545633
            ]
          ]
        ]
      },
      "id": "way/1304140946"
    },
    {
      "type": "Feature",
      "properties": {
        "@id": "way/1304931905",
        "building": "yes",
        "source": "microsoft/BuildingFootprints"
      },
      "geometry": {
        "type": "Polygon",
        "coordinates": [
          [
            [
              75.6943401,
              31.2509444
            ],
            [
              75.6943802,
              31.2506923
            ],
            [
              75.6944698,
              31.2507027
            ],
            [
              75.6944619,
              31.2507522
            ],
            [
              75.6944961,
              31.2507562
            ],
            [
              75.6945022,
              31.2507179
            ],
            [
              75.6946533,
              31.2507355
            ],
            [
              75.6946556,
              31.2507206
            ],
            [
              75.6947258,
              31.2507287
            ],
            [
              75.6947018,
              31.2508796
            ],
            [
              75.6947755,
              31.2508881
            ],
            [
              75.6947373,
              31.2511282
            ],
            [
              75.694582,
              31.2511101
            ],
            [
              75.6946035,
              31.250975
            ],
            [
              75.6943401,
              31.2509444
            ]
          ]
        ]
      },
      "id": "way/1304931905"
    },
    {
      "type": "Feature",
      "properties": {
        "@id": "way/1304931906",
        "building": "yes",
        "source": "microsoft/BuildingFootprints"
      },
      "geometry": {
        "type": "Polygon",
        "coordinates": [
          [
            [
              75.6943692,
              31.2513216
            ],
            [
              75.6943776,
              31.2511715
            ],
            [
              75.6943481,
              31.2511704
            ],
            [
              75.6943514,
              31.2511109
            ],
            [
              75.6945451,
              31.2511187
            ],
            [
              75.6945384,
              31.25124
            ],
            [
              75.6944742,
              31.2512374
            ],
            [
              75.6944693,
              31.2513257
            ],
            [
              75.6943692,
              31.2513216
            ]
          ]
        ]
      },
      "id": "way/1304931906"
    },
    {
      "type": "Feature",
      "properties": {
        "@id": "way/1304983070",
        "building": "yes",
        "source": "microsoft/BuildingFootprints"
      },
      "geometry": {
        "type": "Polygon",
        "coordinates": [
          [
            [
              75.697763,
              31.2520541
            ],
            [
              75.6977542,
              31.2521521
            ],
            [
              75.6976955,
              31.2521482
            ],
            [
              75.6977044,
              31.2520502
            ],
            [
              75.697763,
              31.2520541
            ]
          ]
        ]
      },
      "id": "way/1304983070"
    },
    {
      "type": "Feature",
      "properties": {
        "@id": "way/1304983071",
        "building": "yes",
        "source": "microsoft/BuildingFootprints"
      },
      "geometry": {
        "type": "Polygon",
        "coordinates": [
          [
            [
              75.6976076,
              31.2525196
            ],
            [
              75.6977063,
              31.2525262
            ],
            [
              75.6977012,
              31.2525818
            ],
            [
              75.6976025,
              31.2525752
            ],
            [
              75.6976076,
              31.2525196
            ]
          ]
        ]
      },
      "id": "way/1304983071"
    },
    {
      "type": "Feature",
      "properties": {
        "@id": "way/1304983072",
        "building": "yes",
        "source": "microsoft/BuildingFootprints"
      },
      "geometry": {
        "type": "Polygon",
        "coordinates": [
          [
            [
              75.6971233,
              31.2535939
            ],
            [
              75.6971099,
              31.2536716
            ],
            [
              75.6970469,
              31.2536636
            ],
            [
              75.6970603,
              31.253586
            ],
            [
              75.6971233,
              31.2535939
            ]
          ]
        ]
      },
      "id": "way/1304983072"
    },
    {
      "type": "Feature",
      "properties": {
        "@id": "way/1304983073",
        "building": "yes",
        "source": "microsoft/BuildingFootprints"
      },
      "geometry": {
        "type": "Polygon",
        "coordinates": [
          [
            [
              75.6964984,
              31.2543001
            ],
            [
              75.696358,
              31.254294
            ],
            [
              75.6963602,
              31.2542583
            ],
            [
              75.6964137,
              31.2542606
            ],
            [
              75.6964189,
              31.2541728
            ],
            [
              75.6965058,
              31.2541766
            ],
            [
              75.6964984,
              31.2543001
            ]
          ]
        ]
      },
      "id": "way/1304983073"
    },
    {
      "type": "Feature",
      "properties": {
        "@id": "way/1304983074",
        "building": "yes",
        "source": "microsoft/BuildingFootprints"
      },
      "geometry": {
        "type": "Polygon",
        "coordinates": [
          [
            [
              75.6972781,
              31.2542844
            ],
            [
              75.6972813,
              31.2541698
            ],
            [
              75.6974957,
              31.2541742
            ],
            [
              75.6974925,
              31.2542888
            ],
            [
              75.6972781,
              31.2542844
            ]
          ]
        ]
      },
      "id": "way/1304983074"
    },
    {
      "type": "Feature",
      "properties": {
        "@id": "way/1304983075",
        "building": "yes",
        "source": "microsoft/BuildingFootprints"
      },
      "geometry": {
        "type": "Polygon",
        "coordinates": [
          [
            [
              75.6977028,
              31.2546776
            ],
            [
              75.6977099,
              31.2545485
            ],
            [
              75.697936,
              31.2545576
            ],
            [
              75.6979289,
              31.2546867
            ],
            [
              75.6977028,
              31.2546776
            ]
          ]
        ]
      },
      "id": "way/1304983075"
    },
    {
      "type": "Feature",
      "properties": {
        "@id": "way/1304983076",
        "building": "yes",
        "source": "microsoft/BuildingFootprints"
      },
      "geometry": {
        "type": "Polygon",
        "coordinates": [
          [
            [
              75.697886,
              31.2548917
            ],
            [
              75.6976916,
              31.2548877
            ],
            [
              75.6976928,
              31.2548464
            ],
            [
              75.6978402,
              31.2548495
            ],
            [
              75.697842,
              31.2547862
            ],
            [
              75.697901,
              31.2547875
            ],
            [
              75.6978992,
              31.2548507
            ],
            [
              75.6978872,
              31.2548504
            ],
            [
              75.697886,
              31.2548917
            ]
          ]
        ]
      },
      "id": "way/1304983076"
    },
    {
      "type": "Feature",
      "properties": {
        "@id": "way/1304983077",
        "building": "yes",
        "source": "microsoft/BuildingFootprints"
      },
      "geometry": {
        "type": "Polygon",
        "coordinates": [
          [
            [
              75.697351,
              31.2556169
            ],
            [
              75.6972009,
              31.2556128
            ],
            [
              75.6972045,
              31.2555166
            ],
            [
              75.6973546,
              31.2555207
            ],
            [
              75.697351,
              31.2556169
            ]
          ]
        ]
      },
      "id": "way/1304983077"
    },
    {
      "type": "Feature",
      "properties": {
        "@id": "way/1304983078",
        "building": "yes",
        "source": "microsoft/BuildingFootprints"
      },
      "geometry": {
        "type": "Polygon",
        "coordinates": [
          [
            [
              75.6966657,
              31.2558413
            ],
            [
              75.6966599,
              31.255965
            ],
            [
              75.6965486,
              31.2559611
            ],
            [
              75.6965545,
              31.2558375
            ],
            [
              75.6966657,
              31.2558413
            ]
          ]
        ]
      },
      "id": "way/1304983078"
    },
    {
      "type": "Feature",
      "properties": {
        "@id": "way/1304983079",
        "building": "yes",
        "source": "microsoft/BuildingFootprints"
      },
      "geometry": {
        "type": "Polygon",
        "coordinates": [
          [
            [
              75.6964312,
              31.2567649
            ],
            [
              75.6963439,
              31.2568851
            ],
            [
              75.6962142,
              31.2568162
            ],
            [
              75.6963015,
              31.2566961
            ],
            [
              75.6964312,
              31.2567649
            ]
          ]
        ]
      },
      "id": "way/1304983079"
    },
    {
      "type": "Feature",
      "properties": {
        "@id": "way/1304983080",
        "building": "yes",
        "source": "microsoft/BuildingFootprints"
      },
      "geometry": {
        "type": "Polygon",
        "coordinates": [
          [
            [
              75.6954428,
              31.256291
            ],
            [
              75.6956115,
              31.256297
            ],
            [
              75.6956063,
              31.2564054
            ],
            [
              75.6954376,
              31.2563994
            ],
            [
              75.6954428,
              31.256291
            ]
          ]
        ]
      },
      "id": "way/1304983080"
    },
    {
      "type": "Feature",
      "properties": {
        "@id": "way/1304983081",
        "building": "yes",
        "source": "microsoft/BuildingFootprints"
      },
      "geometry": {
        "type": "Polygon",
        "coordinates": [
          [
            [
              75.6947177,
              31.2561594
            ],
            [
              75.6950333,
              31.2561881
            ],
            [
              75.6950183,
              31.2563083
            ],
            [
              75.6947027,
              31.2562796
            ],
            [
              75.6947177,
              31.2561594
            ]
          ]
        ]
      },
      "id": "way/1304983081"
    },
    {
      "type": "Feature",
      "properties": {
        "@id": "way/1304983082",
        "building": "yes",
        "source": "microsoft/BuildingFootprints"
      },
      "geometry": {
        "type": "Polygon",
        "coordinates": [
          [
            [
              75.6956906,
              31.2552723
            ],
            [
              75.6956782,
              31.255355
            ],
            [
              75.6956228,
              31.2553489
            ],
            [
              75.6956352,
              31.2552662
            ],
            [
              75.6956906,
              31.2552723
            ]
          ]
        ]
      },
      "id": "way/1304983082"
    },
    {
      "type": "Feature",
      "properties": {
        "@id": "way/1304983083",
        "building": "yes",
        "source": "microsoft/BuildingFootprints"
      },
      "geometry": {
        "type": "Polygon",
        "coordinates": [
          [
            [
              75.6947172,
              31.2549481
            ],
            [
              75.6945617,
              31.2549456
            ],
            [
              75.6945626,
              31.2549029
            ],
            [
              75.6947181,
              31.2549054
            ],
            [
              75.6947172,
              31.2549481
            ]
          ]
        ]
      },
      "id": "way/1304983083"
    },
    {
      "type": "Feature",
      "properties": {
        "@id": "way/1304983084",
        "building": "yes",
        "source": "microsoft/BuildingFootprints"
      },
      "geometry": {
        "type": "Polygon",
        "coordinates": [
          [
            [
              75.6946011,
              31.25473
            ],
            [
              75.6945985,
              31.2548345
            ],
            [
              75.6945516,
              31.2548337
            ],
            [
              75.6945542,
              31.2547291
            ],
            [
              75.6946011,
              31.25473
            ]
          ]
        ]
      },
      "id": "way/1304983084"
    },
    {
      "type": "Feature",
      "properties": {
        "@id": "way/1304983085",
        "building": "yes",
        "layer": "1",
        "source": "microsoft/BuildingFootprints"
      },
      "geometry": {
        "type": "Polygon",
        "coordinates": [
          [
            [
              75.6937633,
              31.2537953
            ],
            [
              75.6938971,
              31.2538003
            ],
            [
              75.6938785,
              31.2541651
            ],
            [
              75.6937446,
              31.2541602
            ],
            [
              75.6937633,
              31.2537953
            ]
          ]
        ]
      },
      "id": "way/1304983085"
    },
    {
      "type": "Feature",
      "properties": {
        "@id": "way/1304983086",
        "building": "yes",
        "source": "microsoft/BuildingFootprints"
      },
      "geometry": {
        "type": "Polygon",
        "coordinates": [
          [
            [
              75.6928545,
              31.2543196
            ],
            [
              75.6928599,
              31.2542189
            ],
            [
              75.6929241,
              31.2542214
            ],
            [
              75.6929187,
              31.2543221
            ],
            [
              75.6928545,
              31.2543196
            ]
          ]
        ]
      },
      "id": "way/1304983086"
    },
    {
      "type": "Feature",
      "properties": {
        "@id": "way/1304983087",
        "building": "yes",
        "layer": "1",
        "source": "microsoft/BuildingFootprints"
      },
      "geometry": {
        "type": "Polygon",
        "coordinates": [
          [
            [
              75.692308,
              31.2539704
            ],
            [
              75.6922982,
              31.2540241
            ],
            [
              75.6922392,
              31.2540162
            ],
            [
              75.6922607,
              31.2538988
            ],
            [
              75.6923799,
              31.2539148
            ],
            [
              75.6923682,
              31.2539784
            ],
            [
              75.692308,
              31.2539704
            ]
          ]
        ]
      },
      "id": "way/1304983087"
    },
    {
      "type": "Feature",
      "properties": {
        "@id": "way/1304983088",
        "building": "yes",
        "source": "microsoft/BuildingFootprints"
      },
      "geometry": {
        "type": "Polygon",
        "coordinates": [
          [
            [
              75.6917097,
              31.2544117
            ],
            [
              75.6917066,
              31.254439
            ],
            [
              75.6916335,
              31.2544328
            ],
            [
              75.6916366,
              31.2544056
            ],
            [
              75.6917097,
              31.2544117
            ]
          ]
        ]
      },
      "id": "way/1304983088"
    },
    {
      "type": "Feature",
      "properties": {
        "@id": "way/1304983089",
        "building": "yes",
        "layer": "1",
        "source": "microsoft/BuildingFootprints"
      },
      "geometry": {
        "type": "Polygon",
        "coordinates": [
          [
            [
              75.6918435,
              31.2528922
            ],
            [
              75.692067,
              31.2528989
            ],
            [
              75.6920623,
              31.2530144
            ],
            [
              75.6918387,
              31.2530078
            ],
            [
              75.6918435,
              31.2528922
            ]
          ]
        ]
      },
      "id": "way/1304983089"
    },
    {
      "type": "Feature",
      "properties": {
        "@id": "way/1304983090",
        "building": "yes",
        "source": "microsoft/BuildingFootprints"
      },
      "geometry": {
        "type": "Polygon",
        "coordinates": [
          [
            [
              75.6918157,
              31.2530474
            ],
            [
              75.6919121,
              31.2530507
            ],
            [
              75.6919094,
              31.2531069
            ],
            [
              75.691813,
              31.2531035
            ],
            [
              75.6918157,
              31.2530474
            ]
          ]
        ]
      },
      "id": "way/1304983090"
    },
    {
      "type": "Feature",
      "properties": {
        "@id": "way/1304983091",
        "building": "yes",
        "source": "microsoft/BuildingFootprints"
      },
      "geometry": {
        "type": "Polygon",
        "coordinates": [
          [
            [
              75.6918742,
              31.2531891
            ],
            [
              75.6918699,
              31.2532498
            ],
            [
              75.6917989,
              31.253246
            ],
            [
              75.6918033,
              31.2531854
            ],
            [
              75.6918742,
              31.2531891
            ]
          ]
        ]
      },
      "id": "way/1304983091"
    },
    {
      "type": "Feature",
      "properties": {
        "@id": "way/1304983092",
        "building": "yes",
        "source": "microsoft/BuildingFootprints"
      },
      "geometry": {
        "type": "Polygon",
        "coordinates": [
          [
            [
              75.6920185,
              31.253343
            ],
            [
              75.6919981,
              31.25349
            ],
            [
              75.6919282,
              31.2534829
            ],
            [
              75.6919485,
              31.2533359
            ],
            [
              75.6920185,
              31.253343
            ]
          ]
        ]
      },
      "id": "way/1304983092"
    },
    {
      "type": "Feature",
      "properties": {
        "@id": "way/1304983093",
        "building": "yes",
        "source": "microsoft/BuildingFootprints"
      },
      "geometry": {
        "type": "Polygon",
        "coordinates": [
          [
            [
              75.695575,
              31.2518199
            ],
            [
              75.6955719,
              31.2519657
            ],
            [
              75.6954995,
              31.2519646
            ],
            [
              75.6955026,
              31.2518187
            ],
            [
              75.695575,
              31.2518199
            ]
          ]
        ]
      },
      "id": "way/1304983093"
    },
    {
      "type": "Feature",
      "properties": {
        "@id": "way/1304983094",
        "building": "yes",
        "layer": "-1",
        "source": "microsoft/BuildingFootprints"
      },
      "geometry": {
        "type": "Polygon",
        "coordinates": [
          [
            [
              75.6953668,
              31.2518637
            ],
            [
              75.6953709,
              31.2518012
            ],
            [
              75.6954468,
              31.2518048
            ],
            [
              75.6954427,
              31.2518674
            ],
            [
              75.6953668,
              31.2518637
            ]
          ]
        ]
      },
      "id": "way/1304983094"
    },
    {
      "type": "Feature",
      "properties": {
        "@id": "way/1304983095",
        "building": "yes",
        "source": "microsoft/BuildingFootprints"
      },
      "geometry": {
        "type": "Polygon",
        "coordinates": [
          [
            [
              75.6950627,
              31.2518226
            ],
            [
              75.6950682,
              31.2517357
            ],
            [
              75.6951313,
              31.2517386
            ],
            [
              75.6951276,
              31.2517972
            ],
            [
              75.6951811,
              31.2517996
            ],
            [
              75.6951793,
              31.2518279
            ],
            [
              75.6950627,
              31.2518226
            ]
          ]
        ]
      },
      "id": "way/1304983095"
    },
    {
      "type": "Feature",
      "properties": {
        "@id": "way/1304983096",
        "building": "yes",
        "source": "microsoft/BuildingFootprints"
      },
      "geometry": {
        "type": "Polygon",
        "coordinates": [
          [
            [
              75.6947544,
              31.2511339
            ],
            [
              75.6948149,
              31.2511413
            ],
            [
              75.6948029,
              31.2512123
            ],
            [
              75.6947425,
              31.2512049
            ],
            [
              75.6947544,
              31.2511339
            ]
          ]
        ]
      },
      "id": "way/1304983096"
    },
    {
      "type": "Feature",
      "properties": {
        "@id": "way/1304983097",
        "building": "yes",
        "source": "microsoft/BuildingFootprints"
      },
      "geometry": {
        "type": "Polygon",
        "coordinates": [
          [
            [
              75.694859,
              31.2510345
            ],
            [
              75.6948447,
              31.2511385
            ],
            [
              75.6947547,
              31.2511295
            ],
            [
              75.6947691,
              31.2510254
            ],
            [
              75.694859,
              31.2510345
            ]
          ]
        ]
      },
      "id": "way/1304983097"
    },
    {
      "type": "Feature",
      "properties": {
        "@id": "way/1304983098",
        "building": "yes",
        "source": "microsoft/BuildingFootprints"
      },
      "geometry": {
        "type": "Polygon",
        "coordinates": [
          [
            [
              75.6948631,
              31.2506885
            ],
            [
              75.6948687,
              31.2505511
            ],
            [
              75.6949205,
              31.2505526
            ],
            [
              75.694915,
              31.25069
            ],
            [
              75.6948631,
              31.2506885
            ]
          ]
        ]
      },
      "id": "way/1304983098"
    },
    {
      "type": "Feature",
      "properties": {
        "@id": "way/1304983099",
        "building": "yes",
        "source": "microsoft/BuildingFootprints"
      },
      "geometry": {
        "type": "Polygon",
        "coordinates": [
          [
            [
              75.695636,
              31.2496901
            ],
            [
              75.6956412,
              31.249548
            ],
            [
              75.6957538,
              31.2495511
            ],
            [
              75.6957486,
              31.2496931
            ],
            [
              75.695636,
              31.2496901
            ]
          ]
        ]
      },
      "id": "way/1304983099"
    },
    {
      "type": "Feature",
      "properties": {
        "@id": "way/1304983100",
        "building": "yes",
        "source": "microsoft/BuildingFootprints"
      },
      "geometry": {
        "type": "Polygon",
        "coordinates": [
          [
            [
              75.6957038,
              31.2497553
            ],
            [
              75.6956209,
              31.249751
            ],
            [
              75.6956232,
              31.249719
            ],
            [
              75.695706,
              31.2497233
            ],
            [
              75.6957038,
              31.2497553
            ]
          ]
        ]
      },
      "id": "way/1304983100"
    },
    {
      "type": "Feature",
      "properties": {
        "@id": "way/1304983101",
        "building": "yes",
        "source": "microsoft/BuildingFootprints"
      },
      "geometry": {
        "type": "Polygon",
        "coordinates": [
          [
            [
              75.6960887,
              31.2490844
            ],
            [
              75.6963994,
              31.249103
            ],
            [
              75.6963961,
              31.2491441
            ],
            [
              75.6965535,
              31.2491535
            ],
            [
              75.6965444,
              31.2492653
            ],
            [
              75.6964937,
              31.2492623
            ],
            [
              75.6964871,
              31.2493421
            ],
            [
              75.6965138,
              31.2493437
            ],
            [
              75.696511,
              31.249378
            ],
            [
              75.6963803,
              31.2493701
            ],
            [
              75.6963851,
              31.2493108
            ],
            [
              75.6960718,
              31.2492921
            ],
            [
              75.6960887,
              31.2490844
            ]
          ]
        ]
      },
      "id": "way/1304983101"
    },
    {
      "type": "Feature",
      "properties": {
        "@id": "way/1304983102",
        "building": "yes",
        "source": "microsoft/BuildingFootprints"
      },
      "geometry": {
        "type": "Polygon",
        "coordinates": [
          [
            [
              75.6961104,
              31.2494912
            ],
            [
              75.6961129,
              31.2494492
            ],
            [
              75.6961584,
              31.2494512
            ],
            [
              75.6961616,
              31.2493995
            ],
            [
              75.6962177,
              31.249402
            ],
            [
              75.696204,
              31.2496261
            ],
            [
              75.6961281,
              31.2496227
            ],
            [
              75.6961334,
              31.2495358
            ],
            [
              75.6961879,
              31.2495382
            ],
            [
              75.6961906,
              31.2494948
            ],
            [
              75.6961104,
              31.2494912
            ]
          ]
        ]
      },
      "id": "way/1304983102"
    },
    {
      "type": "Feature",
      "properties": {
        "@id": "way/1304983103",
        "building": "yes",
        "source": "microsoft/BuildingFootprints"
      },
      "geometry": {
        "type": "Polygon",
        "coordinates": [
          [
            [
              75.6965148,
              31.2496483
            ],
            [
              75.6962118,
              31.2496428
            ],
            [
              75.6962137,
              31.2495672
            ],
            [
              75.6963638,
              31.2495699
            ],
            [
              75.6963646,
              31.2495401
            ],
            [
              75.6964494,
              31.2495416
            ],
            [
              75.6964479,
              31.2496012
            ],
            [
              75.6965159,
              31.2496025
            ],
            [
              75.6965148,
              31.2496483
            ]
          ]
        ]
      },
      "id": "way/1304983103"
    },
    {
      "type": "Feature",
      "properties": {
        "@id": "way/1304983104",
        "building": "yes",
        "source": "microsoft/BuildingFootprints"
      },
      "geometry": {
        "type": "Polygon",
        "coordinates": [
          [
            [
              75.696382,
              31.2494249
            ],
            [
              75.6965213,
              31.2494287
            ],
            [
              75.6965186,
              31.2494998
            ],
            [
              75.6964704,
              31.2494984
            ],
            [
              75.6964694,
              31.2495236
            ],
            [
              75.6963783,
              31.2495211
            ],
            [
              75.696382,
              31.2494249
            ]
          ]
        ]
      },
      "id": "way/1304983104"
    },
    {
      "type": "Feature",
      "properties": {
        "@id": "way/1304983105",
        "building": "yes",
        "source": "microsoft/BuildingFootprints"
      },
      "geometry": {
        "type": "Polygon",
        "coordinates": [
          [
            [
              75.6965261,
              31.2495345
            ],
            [
              75.6965246,
              31.2495858
            ],
            [
              75.6964683,
              31.2495846
            ],
            [
              75.6964698,
              31.2495333
            ],
            [
              75.6965261,
              31.2495345
            ]
          ]
        ]
      },
      "id": "way/1304983105"
    },
    {
      "type": "Feature",
      "properties": {
        "@id": "way/1304983106",
        "building": "yes",
        "layer": "1",
        "source": "microsoft/BuildingFootprints"
      },
      "geometry": {
        "type": "Polygon",
        "coordinates": [
          [
            [
              75.6966889,
              31.2495531
            ],
            [
              75.6968498,
              31.2495671
            ],
            [
              75.6968418,
              31.2496343
            ],
            [
              75.6965339,
              31.2496075
            ],
            [
              75.696552,
              31.2494554
            ],
            [
              75.6966529,
              31.2494642
            ],
            [
              75.6966613,
              31.2493939
            ],
            [
              75.6967781,
              31.249404
            ],
            [
              75.6967753,
              31.2494276
            ],
            [
              75.6968204,
              31.2494316
            ],
            [
              75.6968162,
              31.249467
            ],
            [
              75.6967004,
              31.2494569
            ],
            [
              75.6966889,
              31.2495531
            ]
          ]
        ]
      },
      "id": "way/1304983106"
    },
    {
      "type": "Feature",
      "properties": {
        "@id": "way/1304983107",
        "building": "yes",
        "source": "microsoft/BuildingFootprints"
      },
      "geometry": {
        "type": "Polygon",
        "coordinates": [
          [
            [
              75.6966989,
              31.2495507
            ],
            [
              75.6967014,
              31.2495104
            ],
            [
              75.6967859,
              31.2495141
            ],
            [
              75.6967835,
              31.2495544
            ],
            [
              75.6966989,
              31.2495507
            ]
          ]
        ]
      },
      "id": "way/1304983107"
    },
    {
      "type": "Feature",
      "properties": {
        "@id": "way/1304983108",
        "building": "yes",
        "source": "microsoft/BuildingFootprints"
      },
      "geometry": {
        "type": "Polygon",
        "coordinates": [
          [
            [
              75.6968322,
              31.2493796
            ],
            [
              75.6968256,
              31.2494116
            ],
            [
              75.6967876,
              31.2494058
            ],
            [
              75.6967942,
              31.2493738
            ],
            [
              75.6968322,
              31.2493796
            ]
          ]
        ]
      },
      "id": "way/1304983108"
    },
    {
      "type": "Feature",
      "properties": {
        "@id": "way/1304983109",
        "building": "yes",
        "source": "microsoft/BuildingFootprints"
      },
      "geometry": {
        "type": "Polygon",
        "coordinates": [
          [
            [
              75.6968606,
              31.2493074
            ],
            [
              75.6967066,
              31.2492944
            ],
            [
              75.6967134,
              31.2492353
            ],
            [
              75.6968675,
              31.2492483
            ],
            [
              75.6968606,
              31.2493074
            ]
          ]
        ]
      },
      "id": "way/1304983109"
    },
    {
      "type": "Feature",
      "properties": {
        "@id": "way/1304983110",
        "building": "yes",
        "source": "microsoft/BuildingFootprints"
      },
      "geometry": {
        "type": "Polygon",
        "coordinates": [
          [
            [
              75.6966812,
              31.2492334
            ],
            [
              75.6965715,
              31.2492288
            ],
            [
              75.6965743,
              31.2491807
            ],
            [
              75.696684,
              31.2491854
            ],
            [
              75.6966812,
              31.2492334
            ]
          ]
        ]
      },
      "id": "way/1304983110"
    },
    {
      "type": "Feature",
      "properties": {
        "@id": "way/1304983111",
        "building": "yes",
        "source": "microsoft/BuildingFootprints"
      },
      "geometry": {
        "type": "Polygon",
        "coordinates": [
          [
            [
              75.6968605,
              31.2490931
            ],
            [
              75.6968587,
              31.249132
            ],
            [
              75.6967607,
              31.2491288
            ],
            [
              75.6967625,
              31.2490898
            ],
            [
              75.6968605,
              31.2490931
            ]
          ]
        ]
      },
      "id": "way/1304983111"
    },
    {
      "type": "Feature",
      "properties": {
        "@id": "way/1304983112",
        "building": "yes",
        "source": "microsoft/BuildingFootprints"
      },
      "geometry": {
        "type": "Polygon",
        "coordinates": [
          [
            [
              75.6970466,
              31.2491488
            ],
            [
              75.6970354,
              31.2492641
            ],
            [
              75.6971669,
              31.2492735
            ],
            [
              75.6971606,
              31.2493381
            ],
            [
              75.6968772,
              31.2493179
            ],
            [
              75.6968948,
              31.249138
            ],
            [
              75.6970466,
              31.2491488
            ]
          ]
        ]
      },
      "id": "way/1304983112"
    },
    {
      "type": "Feature",
      "properties": {
        "@id": "way/1304983113",
        "building": "yes",
        "layer": "1",
        "source": "microsoft/BuildingFootprints"
      },
      "geometry": {
        "type": "Polygon",
        "coordinates": [
          [
            [
              75.6970487,
              31.2491129
            ],
            [
              75.6971193,
              31.2491227
            ],
            [
              75.6971116,
              31.2491629
            ],
            [
              75.6970411,
              31.2491531
            ],
            [
              75.6970487,
              31.2491129
            ]
          ]
        ]
      },
      "id": "way/1304983113"
    },
    {
      "type": "Feature",
      "properties": {
        "@id": "way/1304983114",
        "building": "yes",
        "source": "microsoft/BuildingFootprints"
      },
      "geometry": {
        "type": "Polygon",
        "coordinates": [
          [
            [
              75.6972036,
              31.2491949
            ],
            [
              75.6973189,
              31.2491949
            ],
            [
              75.6973189,
              31.2492293
            ],
            [
              75.6973538,
              31.2492293
            ],
            [
              75.6973538,
              31.2493921
            ],
            [
              75.6972036,
              31.2493921
            ],
            [
              75.6972036,
              31.2491949
            ]
          ]
        ]
      },
      "id": "way/1304983114"
    },
    {
      "type": "Feature",
      "properties": {
        "@id": "way/1304983115",
        "building": "yes",
        "source": "microsoft/BuildingFootprints"
      },
      "geometry": {
        "type": "Polygon",
        "coordinates": [
          [
            [
              75.6975826,
              31.2493028
            ],
            [
              75.6975223,
              31.2494445
            ],
            [
              75.6974148,
              31.2494111
            ],
            [
              75.6974674,
              31.2492875
            ],
            [
              75.6975313,
              31.2493074
            ],
            [
              75.6975391,
              31.2492892
            ],
            [
              75.6975826,
              31.2493028
            ]
          ]
        ]
      },
      "id": "way/1304983115"
    },
    {
      "type": "Feature",
      "properties": {
        "@id": "way/1304983116",
        "building": "yes",
        "source": "microsoft/BuildingFootprints"
      },
      "geometry": {
        "type": "Polygon",
        "coordinates": [
          [
            [
              75.6972503,
              31.2494898
            ],
            [
              75.6971886,
              31.2494912
            ],
            [
              75.6971868,
              31.2494339
            ],
            [
              75.6972484,
              31.2494325
            ],
            [
              75.6972503,
              31.2494898
            ]
          ]
        ]
      },
      "id": "way/1304983116"
    },
    {
      "type": "Feature",
      "properties": {
        "@id": "way/1304983117",
        "building": "yes",
        "source": "microsoft/BuildingFootprints"
      },
      "geometry": {
        "type": "Polygon",
        "coordinates": [
          [
            [
              75.6970054,
              31.2495527
            ],
            [
              75.6970012,
              31.2495868
            ],
            [
              75.696919,
              31.2495794
            ],
            [
              75.6969231,
              31.2495454
            ],
            [
              75.6968584,
              31.2495396
            ],
            [
              75.6968727,
              31.2494225
            ],
            [
              75.6971593,
              31.2494481
            ],
            [
              75.697145,
              31.2495652
            ],
            [
              75.6970054,
              31.2495527
            ]
          ]
        ]
      },
      "id": "way/1304983117"
    },
    {
      "type": "Feature",
      "properties": {
        "@id": "way/1304983118",
        "building": "yes",
        "source": "microsoft/BuildingFootprints"
      },
      "geometry": {
        "type": "Polygon",
        "coordinates": [
          [
            [
              75.6971616,
              31.2496118
            ],
            [
              75.6971486,
              31.2497291
            ],
            [
              75.697004,
              31.2497173
            ],
            [
              75.6969997,
              31.2497569
            ],
            [
              75.6970262,
              31.249759
            ],
            [
              75.6970217,
              31.2497999
            ],
            [
              75.6968419,
              31.2497853
            ],
            [
              75.6968639,
              31.2495876
            ],
            [
              75.6971616,
              31.2496118
            ]
          ]
        ]
      },
      "id": "way/1304983118"
    },
    {
      "type": "Feature",
      "properties": {
        "@id": "way/1304983119",
        "building": "yes",
        "source": "microsoft/BuildingFootprints"
      },
      "geometry": {
        "type": "Polygon",
        "coordinates": [
          [
            [
              75.6971777,
              31.2496173
            ],
            [
              75.6973107,
              31.2496367
            ],
            [
              75.6972987,
              31.2496968
            ],
            [
              75.6971658,
              31.2496775
            ],
            [
              75.6971777,
              31.2496173
            ]
          ]
        ]
      },
      "id": "way/1304983119"
    },
    {
      "type": "Feature",
      "properties": {
        "@id": "way/1304996347",
        "building": "yes",
        "source": "microsoft/BuildingFootprints"
      },
      "geometry": {
        "type": "Polygon",
        "coordinates": [
          [
            [
              75.697658,
              31.2498322
            ],
            [
              75.6976502,
              31.2499497
            ],
            [
              75.697538,
              31.2499443
            ],
            [
              75.6975457,
              31.2498268
            ],
            [
              75.697658,
              31.2498322
            ]
          ]
        ]
      },
      "id": "way/1304996347"
    },
    {
      "type": "Feature",
      "properties": {
        "@id": "way/1304996348",
        "building": "yes",
        "source": "microsoft/BuildingFootprints"
      },
      "geometry": {
        "type": "Polygon",
        "coordinates": [
          [
            [
              75.6973695,
              31.249919
            ],
            [
              75.6974675,
              31.2499284
            ],
            [
              75.6974598,
              31.2499872
            ],
            [
              75.6973618,
              31.2499779
            ],
            [
              75.6973695,
              31.249919
            ]
          ]
        ]
      },
      "id": "way/1304996348"
    },
    {
      "type": "Feature",
      "properties": {
        "@id": "way/1304996349",
        "building": "yes",
        "layer": "1",
        "source": "microsoft/BuildingFootprints"
      },
      "geometry": {
        "type": "Polygon",
        "coordinates": [
          [
            [
              75.6971551,
              31.249832
            ],
            [
              75.6973013,
              31.2498587
            ],
            [
              75.6972854,
              31.2499223
            ],
            [
              75.6971392,
              31.2498956
            ],
            [
              75.6971551,
              31.249832
            ]
          ]
        ]
      },
      "id": "way/1304996349"
    },
    {
      "type": "Feature",
      "properties": {
        "@id": "way/1304996350",
        "building": "yes",
        "source": "microsoft/BuildingFootprints"
      },
      "geometry": {
        "type": "Polygon",
        "coordinates": [
          [
            [
              75.6970185,
              31.2498533
            ],
            [
              75.6970319,
              31.2497584
            ],
            [
              75.697135,
              31.249769
            ],
            [
              75.6971217,
              31.2498639
            ],
            [
              75.6970185,
              31.2498533
            ]
          ]
        ]
      },
      "id": "way/1304996350"
    },
    {
      "type": "Feature",
      "properties": {
        "@id": "way/1304996351",
        "building": "yes",
        "layer": "1",
        "source": "microsoft/BuildingFootprints"
      },
      "geometry": {
        "type": "Polygon",
        "coordinates": [
          [
            [
              75.6969895,
              31.2499978
            ],
            [
              75.6970256,
              31.249869
            ],
            [
              75.6970916,
              31.2498826
            ],
            [
              75.6970554,
              31.2500113
            ],
            [
              75.6969895,
              31.2499978
            ]
          ]
        ]
      },
      "id": "way/1304996351"
    },
    {
      "type": "Feature",
      "properties": {
        "@id": "way/1304996352",
        "building": "yes",
        "layer": "1",
        "source": "microsoft/BuildingFootprints"
      },
      "geometry": {
        "type": "Polygon",
        "coordinates": [
          [
            [
              75.6972558,
              31.2500004
            ],
            [
              75.6971846,
              31.2499844
            ],
            [
              75.6971652,
              31.2500475
            ],
            [
              75.6971084,
              31.2500347
            ],
            [
              75.6971357,
              31.2499459
            ],
            [
              75.6971658,
              31.2499527
            ],
            [
              75.6971735,
              31.2499278
            ],
            [
              75.6972086,
              31.2499357
            ],
            [
              75.6972152,
              31.2499142
            ],
            [
              75.6972779,
              31.2499283
            ],
            [
              75.6972558,
              31.2500004
            ]
          ]
        ]
      },
      "id": "way/1304996352"
    },
    {
      "type": "Feature",
      "properties": {
        "@id": "way/1304996353",
        "building": "yes",
        "source": "microsoft/BuildingFootprints"
      },
      "geometry": {
        "type": "Polygon",
        "coordinates": [
          [
            [
              75.6973832,
              31.2497842
            ],
            [
              75.6973137,
              31.2497813
            ],
            [
              75.6973278,
              31.2495306
            ],
            [
              75.6973974,
              31.2495335
            ],
            [
              75.6973832,
              31.2497842
            ]
          ]
        ]
      },
      "id": "way/1304996353"
    },
    {
      "type": "Feature",
      "properties": {
        "@id": "way/1304996354",
        "building": "yes",
        "layer": "1",
        "source": "microsoft/BuildingFootprints"
      },
      "geometry": {
        "type": "Polygon",
        "coordinates": [
          [
            [
              75.6972066,
              31.249732
            ],
            [
              75.6971718,
              31.2497335
            ],
            [
              75.6971697,
              31.2496983
            ],
            [
              75.6972901,
              31.2496931
            ],
            [
              75.697295,
              31.2497754
            ],
            [
              75.6972094,
              31.2497791
            ],
            [
              75.6972066,
              31.249732
            ]
          ]
        ]
      },
      "id": "way/1304996354"
    },
    {
      "type": "Feature",
      "properties": {
        "@id": "way/1304996355",
        "building": "yes",
        "source": "microsoft/BuildingFootprints"
      },
      "geometry": {
        "type": "Polygon",
        "coordinates": [
          [
            [
              75.6973941,
              31.2496701
            ],
            [
              75.6974036,
              31.2496186
            ],
            [
              75.6974978,
              31.2496314
            ],
            [
              75.6974883,
              31.2496828
            ],
            [
              75.6973941,
              31.2496701
            ]
          ]
        ]
      },
      "id": "way/1304996355"
    },
    {
      "type": "Feature",
      "properties": {
        "@id": "way/1304996356",
        "building": "yes",
        "layer": "1",
        "source": "microsoft/BuildingFootprints"
      },
      "geometry": {
        "type": "Polygon",
        "coordinates": [
          [
            [
              75.6972417,
              31.2494867
            ],
            [
              75.6973264,
              31.2494893
            ],
            [
              75.6973237,
              31.2495534
            ],
            [
              75.697239,
              31.2495508
            ],
            [
              75.6972417,
              31.2494867
            ]
          ]
        ]
      },
      "id": "way/1304996356"
    },
    {
      "type": "Feature",
      "properties": {
        "@id": "way/1304996357",
        "building": "yes",
        "source": "microsoft/BuildingFootprints"
      },
      "geometry": {
        "type": "Polygon",
        "coordinates": [
          [
            [
              75.6972317,
              31.249548
            ],
            [
              75.6971835,
              31.249547
            ],
            [
              75.6971849,
              31.2494943
            ],
            [
              75.6972332,
              31.2494953
            ],
            [
              75.6972317,
              31.249548
            ]
          ]
        ]
      },
      "id": "way/1304996357"
    },
    {
      "type": "Feature",
      "properties": {
        "@id": "way/1304996358",
        "building": "yes",
        "source": "microsoft/BuildingFootprints"
      },
      "geometry": {
        "type": "Polygon",
        "coordinates": [
          [
            [
              75.697415,
              31.2494636
            ],
            [
              75.6974135,
              31.2495126
            ],
            [
              75.6973304,
              31.2495107
            ],
            [
              75.6973319,
              31.2494617
            ],
            [
              75.697415,
              31.2494636
            ]
          ]
        ]
      },
      "id": "way/1304996358"
    },
    {
      "type": "Feature",
      "properties": {
        "@id": "way/1304996359",
        "building": "yes",
        "source": "microsoft/BuildingFootprints"
      },
      "geometry": {
        "type": "Polygon",
        "coordinates": [
          [
            [
              75.6965226,
              31.2497096
            ],
            [
              75.6965306,
              31.2496508
            ],
            [
              75.6966761,
              31.2496654
            ],
            [
              75.6966681,
              31.2497242
            ],
            [
              75.6965226,
              31.2497096
            ]
          ]
        ]
      },
      "id": "way/1304996359"
    },
    {
      "type": "Feature",
      "properties": {
        "@id": "way/1304996360",
        "building": "yes",
        "source": "microsoft/BuildingFootprints"
      },
      "geometry": {
        "type": "Polygon",
        "coordinates": [
          [
            [
              75.6967693,
              31.2500857
            ],
            [
              75.6968067,
              31.2499658
            ],
            [
              75.6973275,
              31.2500847
            ],
            [
              75.69729,
              31.2502046
            ],
            [
              75.6967693,
              31.2500857
            ]
          ]
        ]
      },
      "id": "way/1304996360"
    },
    {
      "type": "Feature",
      "properties": {
        "@id": "way/1304996361",
        "building": "yes",
        "layer": "1",
        "source": "microsoft/BuildingFootprints"
      },
      "geometry": {
        "type": "Polygon",
        "coordinates": [
          [
            [
              75.6976362,
              31.2503766
            ],
            [
              75.697672,
              31.2500516
            ],
            [
              75.6977784,
              31.2500602
            ],
            [
              75.6977751,
              31.2500897
            ],
            [
              75.6978843,
              31.2500892
            ],
            [
              75.6978647,
              31.2501772
            ],
            [
              75.69786,
              31.2502195
            ],
            [
              75.6978467,
              31.2502184
            ],
            [
              75.6978308,
              31.2503625
            ],
            [
              75.6978185,
              31.2503615
            ],
            [
              75.6977997,
              31.250532
            ],
            [
              75.6974966,
              31.2505076
            ],
            [
              75.6974718,
              31.2507326
            ],
            [
              75.697314,
              31.2507198
            ],
            [
              75.6973091,
              31.2507644
            ],
            [
              75.6972648,
              31.2507608
            ],
            [
              75.6973101,
              31.2503503
            ],
            [
              75.6976362,
              31.2503766
            ]
          ]
        ]
      },
      "id": "way/1304996361"
    },
    {
      "type": "Feature",
      "properties": {
        "@id": "way/1304996362",
        "building": "yes",
        "source": "microsoft/BuildingFootprints"
      },
      "geometry": {
        "type": "Polygon",
        "coordinates": [
          [
            [
              75.6956627,
              31.2483835
            ],
            [
              75.6955357,
              31.2483705
            ],
            [
              75.695527,
              31.248433
            ],
            [
              75.6954503,
              31.2484251
            ],
            [
              75.6954773,
              31.2482329
            ],
            [
              75.6956306,
              31.2482487
            ],
            [
              75.6956474,
              31.2481297
            ],
            [
              75.6957928,
              31.2481446
            ],
            [
              75.6957767,
              31.2482591
            ],
            [
              75.6956815,
              31.2482493
            ],
            [
              75.6956627,
              31.2483835
            ]
          ]
        ]
      },
      "id": "way/1304996362"
    },
    {
      "type": "Feature",
      "properties": {
        "@id": "way/1304996363",
        "building": "yes",
        "source": "microsoft/BuildingFootprints"
      },
      "geometry": {
        "type": "Polygon",
        "coordinates": [
          [
            [
              75.6953439,
              31.248201
            ],
            [
              75.6954042,
              31.2482087
            ],
            [
              75.6953733,
              31.2483859
            ],
            [
              75.695313,
              31.2483782
            ],
            [
              75.6953439,
              31.248201
            ]
          ]
        ]
      },
      "id": "way/1304996363"
    },
    {
      "type": "Feature",
      "properties": {
        "@id": "way/1304996364",
        "building": "yes",
        "source": "microsoft/BuildingFootprints"
      },
      "geometry": {
        "type": "Polygon",
        "coordinates": [
          [
            [
              75.6956753,
              31.2480643
            ],
            [
              75.6955591,
              31.2480571
            ],
            [
              75.6955612,
              31.248032
            ],
            [
              75.6955201,
              31.2480294
            ],
            [
              75.695532,
              31.2478894
            ],
            [
              75.6956894,
              31.2478993
            ],
            [
              75.6956753,
              31.2480643
            ]
          ]
        ]
      },
      "id": "way/1304996364"
    },
    {
      "type": "Feature",
      "properties": {
        "@id": "way/1304996365",
        "building": "yes",
        "source": "microsoft/BuildingFootprints"
      },
      "geometry": {
        "type": "Polygon",
        "coordinates": [
          [
            [
              75.6952877,
              31.2478988
            ],
            [
              75.6953153,
              31.2477138
            ],
            [
              75.6954684,
              31.2477305
            ],
            [
              75.6954432,
              31.2478997
            ],
            [
              75.695327,
              31.247887
            ],
            [
              75.6953247,
              31.2479028
            ],
            [
              75.6952877,
              31.2478988
            ]
          ]
        ]
      },
      "id": "way/1304996365"
    },
    {
      "type": "Feature",
      "properties": {
        "@id": "way/1304996366",
        "building": "yes",
        "source": "microsoft/BuildingFootprints"
      },
      "geometry": {
        "type": "Polygon",
        "coordinates": [
          [
            [
              75.6958382,
              31.2486205
            ],
            [
              75.6958425,
              31.2485442
            ],
            [
              75.6959778,
              31.2485498
            ],
            [
              75.6959735,
              31.2486261
            ],
            [
              75.6958382,
              31.2486205
            ]
          ]
        ]
      },
      "id": "way/1304996366"
    },
    {
      "type": "Feature",
      "properties": {
        "@id": "way/1304996367",
        "building": "yes",
        "source": "microsoft/BuildingFootprints"
      },
      "geometry": {
        "type": "Polygon",
        "coordinates": [
          [
            [
              75.6958145,
              31.24763
            ],
            [
              75.6959108,
              31.2476341
            ],
            [
              75.6959044,
              31.2477439
            ],
            [
              75.6958081,
              31.2477398
            ],
            [
              75.6958145,
              31.24763
            ]
          ]
        ]
      },
      "id": "way/1304996367"
    },
    {
      "type": "Feature",
      "properties": {
        "@id": "way/1304996368",
        "building": "yes",
        "source": "microsoft/BuildingFootprints"
      },
      "geometry": {
        "type": "Polygon",
        "coordinates": [
          [
            [
              75.695735,
              31.2476396
            ],
            [
              75.6957242,
              31.2477219
            ],
            [
              75.6955823,
              31.2477083
            ],
            [
              75.6955932,
              31.2476259
            ],
            [
              75.695735,
              31.2476396
            ]
          ]
        ]
      },
      "id": "way/1304996368"
    },
    {
      "type": "Feature",
      "properties": {
        "@id": "way/1304996369",
        "building": "yes",
        "source": "microsoft/BuildingFootprints"
      },
      "geometry": {
        "type": "Polygon",
        "coordinates": [
          [
            [
              75.6957886,
              31.2472017
            ],
            [
              75.6957544,
              31.2475362
            ],
            [
              75.6956213,
              31.2475263
            ],
            [
              75.6956555,
              31.2471918
            ],
            [
              75.6957886,
              31.2472017
            ]
          ]
        ]
      },
      "id": "way/1304996369"
    },
    {
      "type": "Feature",
      "properties": {
        "@id": "way/1304996370",
        "building": "yes",
        "source": "microsoft/BuildingFootprints"
      },
      "geometry": {
        "type": "Polygon",
        "coordinates": [
          [
            [
              75.697331,
              31.2476171
            ],
            [
              75.6972618,
              31.2476119
            ],
            [
              75.6972662,
              31.2475687
            ],
            [
              75.6974711,
              31.2475841
            ],
            [
              75.6974428,
              31.2478608
            ],
            [
              75.697307,
              31.2478506
            ],
            [
              75.697331,
              31.2476171
            ]
          ]
        ]
      },
      "id": "way/1304996370"
    },
    {
      "type": "Feature",
      "properties": {
        "@id": "way/1366769744",
        "amenity": "restaurant",
        "building": "yes",
        "name": "Chayakkada - Kerala Restaurant"
      },
      "geometry": {
        "type": "Polygon",
        "coordinates": [
          [
            [
              75.6975199,
              31.2547434
            ],
            [
              75.697529,
              31.2546774
            ],
            [
              75.6976393,
              31.2546886
            ],
            [
              75.6976302,
              31.2547545
            ],
            [
              75.6975199,
              31.2547434
            ]
          ]
        ]
      },
      "id": "way/1366769744"
    },
    {
      "type": "Feature",
      "properties": {
        "@id": "way/1550425052",
        "amenity": "restaurant",
        "building": "yes"
      },
      "geometry": {
        "type": "Polygon",
        "coordinates": [
          [
            [
              75.702098,
              31.2521725
            ],
            [
              75.7020999,
              31.252451
            ],
            [
              75.7015449,
              31.2524413
            ],
            [
              75.701547,
              31.2523204
            ],
            [
              75.7015669,
              31.2521181
            ],
            [
              75.7019051,
              31.2521436
            ],
            [
              75.7018951,
              31.2523238
            ],
            [
              75.7016445,
              31.2523272
            ],
            [
              75.7016326,
              31.2523612
            ],
            [
              75.7019866,
              31.2523629
            ],
            [
              75.7019886,
              31.2521691
            ],
            [
              75.702098,
              31.2521725
            ]
          ]
        ]
      },
      "id": "way/1550425052"
    },
    {
      "type": "Feature",
      "properties": {
        "@id": "node/12067741295",
        "amenity": "restaurant",
        "building": "yes",
        "name": "Apna Chai Wala"
      },
      "geometry": {
        "type": "Point",
        "coordinates": [
          75.6948555,
          31.2542528
        ]
      },
      "id": "node/12067741295"
    }
  ]
}